ticker,report_date,filing_date,accept_et,timing,source
AAPL,2018-02-01,2018-02-01,2018-02-01 16:30 ET,amc,8k
AAPL,2018-05-01,2018-05-01,2018-05-01 16:30 ET,amc,8k
AAPL,2018-07-31,2018-07-31,2018-07-31 16:30 ET,amc,8k
AAPL,2018-11-01,2018-11-01,2018-11-01 16:30 ET,amc,8k
AAPL,2019-01-29,2019-01-29,2019-01-29 16:30 ET,amc,8k
AAPL,2019-04-30,2019-04-30,2019-04-30 16:30 ET,amc,8k
AAPL,2019-07-30,2019-07-30,2019-07-30 16:30 ET,amc,8k
AAPL,2019-10-30,2019-10-30,2019-10-30 16:30 ET,amc,8k
AAPL,2020-01-28,2020-01-28,2020-01-28 16:30 ET,amc,8k
AAPL,2020-04-30,2020-04-30,2020-04-30 16:30 ET,amc,8k
AAPL,2020-07-30,2020-07-30,2020-07-30 18:55 ET,amc,8k
AAPL,2020-10-29,2020-10-29,2020-10-29 16:30 ET,amc,8k
AAPL,2021-01-27,2021-01-27,2021-01-27 16:30 ET,amc,8k
AAPL,2021-04-28,2021-04-28,2021-04-28 16:30 ET,amc,8k
AAPL,2021-07-27,2021-07-27,2021-07-27 16:35 ET,amc,8k
AAPL,2021-10-28,2021-10-28,2021-10-28 16:30 ET,amc,8k
AAPL,2022-01-27,2022-01-27,2022-01-27 16:30 ET,amc,8k
AAPL,2022-04-28,2022-04-28,2022-04-28 16:32 ET,amc,8k
AAPL,2022-07-28,2022-07-28,2022-07-28 16:31 ET,amc,8k
AAPL,2022-10-27,2022-10-27,2022-10-27 16:30 ET,amc,8k
AAPL,2023-02-02,2023-02-02,2023-02-02 16:30 ET,amc,8k
AAPL,2023-05-04,2023-05-04,2023-05-04 16:30 ET,amc,8k
AAPL,2023-08-03,2023-08-03,2023-08-03 16:30 ET,amc,8k
AAPL,2023-11-02,2023-11-02,2023-11-02 16:30 ET,amc,8k
AAPL,2024-02-01,2024-02-01,2024-02-01 16:30 ET,amc,8k
AAPL,2024-05-02,2024-05-02,2024-05-02 16:30 ET,amc,8k
AAPL,2024-08-01,2024-08-01,2024-08-01 16:30 ET,amc,8k
AAPL,2024-10-31,2024-10-31,2024-10-31 16:30 ET,amc,8k
AAPL,2025-01-30,2025-01-30,2025-01-30 16:30 ET,amc,8k
AAPL,2025-05-01,2025-05-01,2025-05-01 16:30 ET,amc,8k
AAPL,2025-07-31,2025-07-31,2025-07-31 16:30 ET,amc,8k
AAPL,2025-10-30,2025-10-30,2025-10-30 16:30 ET,amc,8k
AAPL,2026-01-29,2026-01-29,2026-01-29 16:30 ET,amc,8k
AAPL,2026-04-30,2026-04-30,2026-04-30 16:30 ET,amc,8k
AAPL,2026-07-30,2026-07-30,2026-07-30 16:30 ET,amc,8k
ABNB,2021-02-25,2021-02-25,2021-02-25 16:09 ET,amc,8k
ABNB,2021-05-13,2021-05-13,2021-05-13 16:00 ET,amc,8k
ABNB,2021-08-12,2021-08-12,2021-08-12 16:01 ET,amc,8k
ABNB,2021-11-04,2021-11-04,2021-11-04 16:01 ET,amc,8k
ABNB,2022-02-15,2022-02-15,2022-02-15 16:02 ET,amc,8k
ABNB,2022-05-03,2022-05-03,2022-05-03 16:00 ET,amc,8k
ABNB,2022-08-02,2022-08-02,2022-08-02 16:01 ET,amc,8k
ABNB,2022-11-01,2022-11-01,2022-11-01 16:04 ET,amc,8k
ABNB,2023-02-14,2023-02-14,2023-02-14 16:02 ET,amc,8k
ABNB,2023-05-09,2023-05-09,2023-05-09 16:01 ET,amc,8k
ABNB,2023-08-03,2023-08-03,2023-08-03 16:01 ET,amc,8k
ABNB,2023-11-01,2023-11-01,2023-11-01 16:01 ET,amc,8k
ABNB,2024-02-13,2024-02-13,2024-02-13 16:09 ET,amc,8k
ABNB,2024-05-08,2024-05-08,2024-05-08 16:01 ET,amc,8k
ABNB,2024-08-06,2024-08-06,2024-08-06 16:00 ET,amc,8k
ABNB,2024-11-07,2024-11-07,2024-11-07 16:00 ET,amc,8k
ABNB,2025-02-13,2025-02-13,2025-02-13 16:02 ET,amc,8k
ABNB,2025-05-01,2025-05-01,2025-05-01 16:01 ET,amc,8k
ABNB,2025-08-06,2025-08-06,2025-08-06 16:01 ET,amc,8k
ABNB,2025-11-06,2025-11-06,2025-11-06 16:00 ET,amc,8k
ABNB,2026-02-12,2026-02-12,2026-02-12 16:01 ET,amc,8k
ABNB,2026-05-07,2026-05-07,2026-05-07 16:00 ET,amc,8k
ADBE,2018-03-15,2018-03-15,2018-03-15 16:09 ET,amc,8k
ADBE,2018-06-14,2018-06-14,2018-06-14 16:06 ET,amc,8k
ADBE,2018-09-13,2018-09-13,2018-09-13 16:07 ET,amc,8k
ADBE,2019-03-14,2019-03-14,2019-03-14 16:07 ET,amc,8k
ADBE,2019-06-18,2019-06-18,2019-06-18 16:07 ET,amc,8k
ADBE,2019-09-17,2019-09-17,2019-09-17 16:08 ET,amc,8k
ADBE,2020-03-12,2020-03-12,2020-03-12 16:07 ET,amc,8k
ADBE,2020-06-11,2020-06-11,2020-06-11 16:07 ET,amc,8k
ADBE,2020-09-15,2020-09-15,2020-09-15 16:07 ET,amc,8k
ADBE,2021-03-23,2021-03-23,2021-03-23 16:07 ET,amc,8k
ADBE,2021-06-17,2021-06-17,2021-06-17 16:09 ET,amc,8k
ADBE,2021-09-21,2021-09-21,2021-09-21 16:06 ET,amc,8k
ADBE,2022-03-22,2022-03-22,2022-03-22 16:06 ET,amc,8k
ADBE,2022-06-16,2022-06-16,2022-06-16 16:06 ET,amc,8k
ADBE,2022-09-15,2022-09-15,2022-09-15 08:03 ET,bmo,8k
ADBE,2022-12-15,2022-12-15,2022-12-15 16:06 ET,amc,8k
ADBE,2023-03-15,2023-03-15,2023-03-15 16:06 ET,amc,8k
ADBE,2023-06-15,2023-06-15,2023-06-15 16:06 ET,amc,8k
ADBE,2023-09-14,2023-09-14,2023-09-14 16:06 ET,amc,8k
ADBE,2023-12-13,2023-12-13,2023-12-13 16:06 ET,amc,8k
ADBE,2024-03-14,2024-03-14,2024-03-14 16:07 ET,amc,8k
ADBE,2024-06-13,2024-06-13,2024-06-13 16:06 ET,amc,8k
ADBE,2024-09-12,2024-09-12,2024-09-12 16:06 ET,amc,8k
ADBE,2024-12-11,2024-12-11,2024-12-11 16:06 ET,amc,8k
ADBE,2025-03-12,2025-03-12,2025-03-12 16:06 ET,amc,8k
ADBE,2025-06-12,2025-06-12,2025-06-12 16:19 ET,amc,8k
ADBE,2025-09-11,2025-09-11,2025-09-11 16:06 ET,amc,8k
ADBE,2026-03-12,2026-03-12,2026-03-12 16:09 ET,amc,8k
ADBE,2026-06-11,2026-06-11,2026-06-11 16:08 ET,amc,8k
ADI,2018-02-28,2018-02-28,2018-02-28 03:11 ET,bmo,8k
ADI,2018-05-30,2018-05-30,2018-05-30 04:11 ET,bmo,8k
ADI,2018-08-22,2018-08-22,2018-08-22 04:11 ET,bmo,8k
ADI,2018-11-20,2018-11-20,2018-11-20 03:09 ET,bmo,8k
ADI,2019-02-20,2019-02-20,2019-02-20 03:10 ET,bmo,8k
ADI,2019-05-22,2019-05-22,2019-05-22 03:31 ET,bmo,8k
ADI,2019-08-21,2019-08-21,2019-08-21 04:02 ET,bmo,8k
ADI,2019-11-26,2019-11-26,2019-11-26 03:03 ET,bmo,8k
ADI,2020-02-19,2020-02-19,2020-02-19 03:03 ET,bmo,8k
ADI,2020-05-20,2020-05-20,2020-05-20 03:33 ET,bmo,8k
ADI,2020-08-19,2020-08-19,2020-08-19 04:03 ET,bmo,8k
ADI,2020-11-24,2020-11-24,2020-11-24 03:04 ET,bmo,8k
ADI,2021-02-17,2021-02-17,2021-02-17 03:03 ET,bmo,8k
ADI,2021-05-19,2021-05-19,2021-05-19 03:02 ET,bmo,8k
ADI,2021-08-18,2021-08-18,2021-08-18 03:04 ET,bmo,8k
ADI,2021-11-23,2021-11-23,2021-11-23 02:03 ET,bmo,8k
ADI,2022-02-16,2022-02-16,2022-02-16 02:04 ET,bmo,8k
ADI,2022-05-18,2022-05-18,2022-05-18 03:02 ET,bmo,8k
ADI,2022-08-17,2022-08-17,2022-08-17 03:02 ET,bmo,8k
ADI,2022-11-22,2022-11-22,2022-11-22 02:03 ET,bmo,8k
ADI,2023-02-15,2023-02-15,2023-02-15 02:04 ET,bmo,8k
ADI,2023-05-24,2023-05-24,2023-05-24 03:02 ET,bmo,8k
ADI,2023-08-23,2023-08-23,2023-08-23 03:02 ET,bmo,8k
ADI,2023-11-21,2023-11-21,2023-11-21 02:02 ET,bmo,8k
ADI,2024-02-21,2024-02-21,2024-02-21 02:05 ET,bmo,8k
ADI,2024-05-22,2024-05-22,2024-05-22 03:03 ET,bmo,8k
ADI,2024-08-21,2024-08-21,2024-08-21 03:01 ET,bmo,8k
ADI,2024-11-26,2024-11-26,2024-11-26 02:04 ET,bmo,8k
ADI,2025-02-19,2025-02-19,2025-02-19 02:11 ET,bmo,8k
ADI,2025-05-22,2025-05-22,2025-05-22 03:04 ET,bmo,8k
ADI,2025-08-20,2025-08-20,2025-08-20 03:02 ET,bmo,8k
ADI,2025-11-25,2025-11-25,2025-11-25 02:03 ET,bmo,8k
ADI,2026-02-18,2026-02-18,2026-02-18 02:02 ET,bmo,8k
ADI,2026-05-20,2026-05-20,2026-05-20 03:01 ET,bmo,8k
ADP,2018-01-31,2018-01-31,2018-01-31 07:00 ET,bmo,8k
ADP,2018-05-02,2018-05-02,2018-05-02 07:00 ET,bmo,8k
ADP,2018-08-01,2018-08-01,2018-08-01 07:00 ET,bmo,8k
ADP,2018-10-31,2018-10-31,2018-10-31 06:56 ET,bmo,8k
ADP,2019-01-30,2019-01-30,2019-01-30 06:55 ET,bmo,8k
ADP,2019-05-01,2019-05-01,2019-05-01 06:55 ET,bmo,8k
ADP,2019-07-31,2019-07-31,2019-07-31 06:55 ET,bmo,8k
ADP,2019-10-30,2019-10-30,2019-10-30 10:04 ET,intraday,8k
ADP,2020-01-29,2020-01-29,2020-01-29 06:56 ET,bmo,8k
ADP,2020-04-29,2020-04-29,2020-04-29 06:56 ET,bmo,8k
ADP,2020-07-29,2020-07-29,2020-07-29 07:11 ET,bmo,8k
ADP,2020-10-28,2020-10-28,2020-10-28 06:58 ET,bmo,8k
ADP,2021-01-27,2021-01-27,2021-01-27 06:55 ET,bmo,8k
ADP,2021-04-28,2021-04-28,2021-04-28 06:56 ET,bmo,8k
ADP,2021-07-28,2021-07-28,2021-07-28 06:55 ET,bmo,8k
ADP,2021-10-27,2021-10-27,2021-10-27 06:55 ET,bmo,8k
ADP,2022-01-26,2022-01-26,2022-01-26 06:55 ET,bmo,8k
ADP,2022-04-27,2022-04-27,2022-04-27 06:55 ET,bmo,8k
ADP,2022-07-27,2022-07-27,2022-07-27 06:55 ET,bmo,8k
ADP,2022-10-26,2022-10-26,2022-10-26 06:55 ET,bmo,8k
ADP,2023-01-25,2023-01-25,2023-01-25 06:55 ET,bmo,8k
ADP,2023-04-26,2023-04-26,2023-04-26 06:55 ET,bmo,8k
ADP,2023-07-26,2023-07-26,2023-07-26 06:55 ET,bmo,8k
ADP,2023-10-25,2023-10-25,2023-10-25 06:55 ET,bmo,8k
ADP,2024-01-31,2024-01-31,2024-01-31 06:55 ET,bmo,8k
ADP,2024-05-01,2024-05-01,2024-05-01 06:55 ET,bmo,8k
ADP,2024-07-31,2024-07-31,2024-07-31 06:55 ET,bmo,8k
ADP,2024-10-30,2024-10-30,2024-10-30 06:55 ET,bmo,8k
ADP,2025-01-29,2025-01-29,2025-01-29 06:55 ET,bmo,8k
ADP,2025-04-30,2025-04-30,2025-04-30 06:57 ET,bmo,8k
ADP,2025-07-30,2025-07-30,2025-07-30 06:55 ET,bmo,8k
ADP,2025-10-29,2025-10-29,2025-10-29 06:55 ET,bmo,8k
ADP,2026-01-28,2026-01-28,2026-01-28 06:55 ET,bmo,8k
ADP,2026-04-29,2026-04-29,2026-04-29 06:55 ET,bmo,8k
ADSK,2018-03-06,2018-03-06,2018-03-06 16:01 ET,amc,8k
ADSK,2018-05-24,2018-05-24,2018-05-24 16:09 ET,amc,8k
ADSK,2018-08-23,2018-08-23,2018-08-23 16:01 ET,amc,8k
ADSK,2018-11-20,2018-11-20,2018-11-20 16:05 ET,amc,8k
ADSK,2019-02-28,2019-02-28,2019-02-28 16:02 ET,amc,8k
ADSK,2019-05-23,2019-05-23,2019-05-23 16:01 ET,amc,8k
ADSK,2019-08-27,2019-08-27,2019-08-27 16:01 ET,amc,8k
ADSK,2019-11-26,2019-11-26,2019-11-26 16:01 ET,amc,8k
ADSK,2020-02-27,2020-02-27,2020-02-27 16:01 ET,amc,8k
ADSK,2020-05-27,2020-05-27,2020-05-27 16:01 ET,amc,8k
ADSK,2020-08-25,2020-08-25,2020-08-25 16:01 ET,amc,8k
ADSK,2020-11-24,2020-11-24,2020-11-24 16:01 ET,amc,8k
ADSK,2021-02-25,2021-02-25,2021-02-25 16:07 ET,amc,8k
ADSK,2021-05-27,2021-05-27,2021-05-27 16:26 ET,amc,8k
ADSK,2021-08-25,2021-08-25,2021-08-25 16:07 ET,amc,8k
ADSK,2021-11-23,2021-11-23,2021-11-23 16:03 ET,amc,8k
ADSK,2022-02-24,2022-02-24,2022-02-24 16:03 ET,amc,8k
ADSK,2022-05-26,2022-05-26,2022-05-26 16:03 ET,amc,8k
ADSK,2022-08-24,2022-08-24,2022-08-24 16:04 ET,amc,8k
ADSK,2022-11-22,2022-11-22,2022-11-22 16:04 ET,amc,8k
ADSK,2023-02-23,2023-02-23,2023-02-23 16:05 ET,amc,8k
ADSK,2023-05-25,2023-05-25,2023-05-25 16:05 ET,amc,8k
ADSK,2023-08-23,2023-08-23,2023-08-23 16:03 ET,amc,8k
ADSK,2023-11-21,2023-11-21,2023-11-21 16:04 ET,amc,8k
ADSK,2024-06-11,2024-06-11,2024-06-11 16:05 ET,amc,8k
ADSK,2024-08-29,2024-08-29,2024-08-29 16:04 ET,amc,8k
ADSK,2024-11-26,2024-11-26,2024-11-26 16:05 ET,amc,8k
ADSK,2025-02-27,2025-02-27,2025-02-27 16:34 ET,amc,8k
ADSK,2025-05-22,2025-05-22,2025-05-22 16:01 ET,amc,8k
ADSK,2025-08-28,2025-08-28,2025-08-28 16:03 ET,amc,8k
ADSK,2025-11-25,2025-11-25,2025-11-25 16:03 ET,amc,8k
ADSK,2026-02-26,2026-02-26,2026-02-26 16:07 ET,amc,8k
ADSK,2026-05-28,2026-05-28,2026-05-28 16:14 ET,amc,8k
AEP,2018-01-25,2018-01-25,2018-01-25 07:12 ET,bmo,8k
AEP,2018-04-26,2018-04-26,2018-04-26 07:07 ET,bmo,8k
AEP,2018-07-25,2018-07-25,2018-07-25 07:07 ET,bmo,8k
AEP,2018-10-25,2018-10-25,2018-10-25 07:08 ET,bmo,8k
AEP,2019-01-24,2019-01-24,2019-01-24 07:12 ET,bmo,8k
AEP,2019-04-25,2019-04-25,2019-04-25 07:10 ET,bmo,8k
AEP,2019-07-25,2019-07-25,2019-07-25 07:10 ET,bmo,8k
AEP,2019-10-24,2019-10-24,2019-10-24 07:12 ET,bmo,8k
AEP,2020-02-20,2020-02-20,2020-02-20 07:06 ET,bmo,8k
AEP,2020-05-06,2020-05-06,2020-05-06 07:05 ET,bmo,8k
AEP,2020-08-06,2020-08-06,2020-08-06 07:04 ET,bmo,8k
AEP,2020-10-22,2020-10-22,2020-10-22 07:00 ET,bmo,8k
AEP,2021-02-25,2021-02-25,2021-02-25 07:03 ET,bmo,8k
AEP,2021-04-22,2021-04-22,2021-04-22 07:02 ET,bmo,8k
AEP,2021-07-22,2021-07-22,2021-07-22 07:01 ET,bmo,8k
AEP,2021-10-28,2021-10-28,2021-10-28 07:00 ET,bmo,8k
AEP,2022-02-24,2022-02-24,2022-02-24 07:00 ET,bmo,8k
AEP,2022-04-28,2022-04-28,2022-04-28 06:59 ET,bmo,8k
AEP,2022-07-27,2022-07-27,2022-07-27 07:00 ET,bmo,8k
AEP,2022-10-27,2022-10-27,2022-10-27 07:00 ET,bmo,8k
AEP,2023-02-23,2023-02-23,2023-02-23 07:01 ET,bmo,8k
AEP,2023-05-04,2023-05-04,2023-05-04 07:01 ET,bmo,8k
AEP,2023-07-27,2023-07-27,2023-07-27 07:00 ET,bmo,8k
AEP,2023-11-02,2023-11-02,2023-11-02 07:00 ET,bmo,8k
AEP,2024-02-26,2024-02-26,2024-02-26 16:37 ET,amc,8k
AEP,2024-04-30,2024-04-30,2024-04-30 07:01 ET,bmo,8k
AEP,2024-07-30,2024-07-30,2024-07-30 07:00 ET,bmo,8k
AEP,2024-11-06,2024-11-06,2024-11-06 07:01 ET,bmo,8k
AEP,2025-02-13,2025-02-13,2025-02-13 07:00 ET,bmo,8k
AEP,2025-05-06,2025-05-06,2025-05-06 07:04 ET,bmo,8k
AEP,2025-07-30,2025-07-30,2025-07-30 07:02 ET,bmo,8k
AEP,2025-10-29,2025-10-29,2025-10-29 07:02 ET,bmo,8k
AEP,2026-02-12,2026-02-12,2026-02-12 07:04 ET,bmo,8k
AEP,2026-05-05,2026-05-05,2026-05-05 07:03 ET,bmo,8k
AEP,2026-07-30,2026-07-30,2026-07-30 06:59 ET,bmo,8k
ALAB,2024-05-07,2024-05-07,2024-05-07 16:08 ET,amc,8k
ALAB,2024-08-06,2024-08-06,2024-08-06 16:08 ET,amc,8k
ALAB,2024-11-04,2024-11-04,2024-11-04 16:06 ET,amc,8k
ALAB,2025-02-10,2025-02-10,2025-02-10 16:13 ET,amc,8k
ALAB,2025-05-06,2025-05-06,2025-05-06 16:06 ET,amc,8k
ALAB,2025-08-05,2025-08-05,2025-08-05 16:08 ET,amc,8k
ALAB,2025-11-04,2025-11-04,2025-11-04 16:09 ET,amc,8k
ALAB,2026-02-10,2026-02-10,2026-02-10 16:09 ET,amc,8k
ALAB,2026-05-05,2026-05-05,2026-05-05 16:11 ET,amc,8k
ALNY,2018-02-08,2018-02-08,2018-02-08 08:15 ET,bmo,8k
ALNY,2018-05-03,2018-05-03,2018-05-03 16:15 ET,amc,8k
ALNY,2018-08-02,2018-08-02,2018-08-02 08:15 ET,bmo,8k
ALNY,2018-11-07,2018-11-07,2018-11-07 08:16 ET,bmo,8k
ALNY,2019-02-07,2019-02-07,2019-02-07 16:15 ET,amc,8k
ALNY,2019-05-01,2019-05-01,2019-05-01 08:45 ET,bmo,8k
ALNY,2019-08-06,2019-08-06,2019-08-06 08:15 ET,bmo,8k
ALNY,2019-10-31,2019-10-31,2019-10-31 08:10 ET,bmo,8k
ALNY,2020-02-06,2020-02-06,2020-02-06 08:28 ET,bmo,8k
ALNY,2020-05-06,2020-05-06,2020-05-06 08:10 ET,bmo,8k
ALNY,2020-08-06,2020-08-06,2020-08-06 08:10 ET,bmo,8k
ALNY,2020-11-05,2020-11-05,2020-11-05 08:10 ET,bmo,8k
ALNY,2021-02-11,2021-02-11,2021-02-11 08:10 ET,bmo,8k
ALNY,2021-04-29,2021-04-29,2021-04-29 08:12 ET,bmo,8k
ALNY,2021-08-03,2021-08-03,2021-08-03 08:10 ET,bmo,8k
ALNY,2021-10-28,2021-10-28,2021-10-28 08:11 ET,bmo,8k
ALNY,2022-02-10,2022-02-10,2022-02-10 08:10 ET,bmo,8k
ALNY,2022-04-28,2022-04-28,2022-04-28 08:10 ET,bmo,8k
ALNY,2022-07-28,2022-07-28,2022-07-28 08:10 ET,bmo,8k
ALNY,2022-10-27,2022-10-27,2022-10-27 08:10 ET,bmo,8k
ALNY,2023-02-23,2023-02-23,2023-02-23 08:10 ET,bmo,8k
ALNY,2023-05-04,2023-05-04,2023-05-04 08:10 ET,bmo,8k
ALNY,2023-08-03,2023-08-03,2023-08-03 08:10 ET,bmo,8k
ALNY,2023-11-02,2023-11-02,2023-11-02 08:10 ET,bmo,8k
ALNY,2024-02-15,2024-02-15,2024-02-15 08:10 ET,bmo,8k
ALNY,2025-01-13,2025-01-13,2025-01-13 07:31 ET,bmo,8k
ALNY,2025-07-31,2025-07-31,2025-07-31 08:05 ET,bmo,8k
ALNY,2025-10-30,2025-10-30,2025-10-30 08:06 ET,bmo,8k
ALNY,2026-02-12,2026-02-12,2026-02-12 08:05 ET,bmo,8k
ALNY,2026-04-30,2026-04-30,2026-04-30 08:04 ET,bmo,8k
ALNY,2026-07-30,2026-07-30,2026-07-30 08:06 ET,bmo,8k
AMAT,2018-02-14,2018-02-14,2018-02-14 16:09 ET,amc,8k
AMAT,2018-05-17,2018-05-17,2018-05-17 16:03 ET,amc,8k
AMAT,2018-08-16,2018-08-16,2018-08-16 16:07 ET,amc,8k
AMAT,2018-11-15,2018-11-15,2018-11-15 16:05 ET,amc,8k
AMAT,2019-02-14,2019-02-14,2019-02-14 16:03 ET,amc,8k
AMAT,2019-05-16,2019-05-16,2019-05-16 16:04 ET,amc,8k
AMAT,2019-08-15,2019-08-15,2019-08-15 16:03 ET,amc,8k
AMAT,2019-11-14,2019-11-14,2019-11-14 16:21 ET,amc,8k
AMAT,2020-02-12,2020-02-12,2020-02-12 16:03 ET,amc,8k
AMAT,2020-05-14,2020-05-14,2020-05-14 16:12 ET,amc,8k
AMAT,2020-08-13,2020-08-13,2020-08-13 16:06 ET,amc,8k
AMAT,2020-11-12,2020-11-12,2020-11-12 16:04 ET,amc,8k
AMAT,2021-02-18,2021-02-18,2021-02-18 16:05 ET,amc,8k
AMAT,2021-05-20,2021-05-20,2021-05-20 16:11 ET,amc,8k
AMAT,2021-08-19,2021-08-19,2021-08-19 16:04 ET,amc,8k
AMAT,2021-11-18,2021-11-18,2021-11-18 16:03 ET,amc,8k
AMAT,2022-02-16,2022-02-16,2022-02-16 16:03 ET,amc,8k
AMAT,2022-05-19,2022-05-19,2022-05-19 16:04 ET,amc,8k
AMAT,2022-08-18,2022-08-18,2022-08-18 16:04 ET,amc,8k
AMAT,2022-11-17,2022-11-17,2022-11-17 16:03 ET,amc,8k
AMAT,2023-02-16,2023-02-16,2023-02-16 16:05 ET,amc,8k
AMAT,2023-05-18,2023-05-18,2023-05-18 16:05 ET,amc,8k
AMAT,2023-08-17,2023-08-17,2023-08-17 16:03 ET,amc,8k
AMAT,2023-11-16,2023-11-16,2023-11-16 16:04 ET,amc,8k
AMAT,2024-02-15,2024-02-15,2024-02-15 16:03 ET,amc,8k
AMAT,2024-08-15,2024-08-15,2024-08-15 16:04 ET,amc,8k
AMAT,2024-11-14,2024-11-14,2024-11-14 16:04 ET,amc,8k
AMAT,2025-02-13,2025-02-13,2025-02-13 16:05 ET,amc,8k
AMAT,2025-05-15,2025-05-15,2025-05-15 16:03 ET,amc,8k
AMAT,2025-08-14,2025-08-14,2025-08-14 16:05 ET,amc,8k
AMAT,2025-11-13,2025-11-13,2025-11-13 16:03 ET,amc,8k
AMAT,2026-02-12,2026-02-12,2026-02-12 16:03 ET,amc,8k
AMAT,2026-05-14,2026-05-14,2026-05-14 16:03 ET,amc,8k
AMD,2018-02-27,2018-02-27,2018-02-27 16:31 ET,amc,8k
AMD,2018-04-25,2018-04-25,2018-04-25 16:17 ET,amc,8k
AMD,2018-07-25,2018-07-25,2018-07-25 16:41 ET,amc,8k
AMD,2018-10-24,2018-10-24,2018-10-24 16:32 ET,amc,8k
AMD,2019-01-29,2019-01-29,2019-01-29 16:19 ET,amc,8k
AMD,2019-04-30,2019-04-30,2019-04-30 16:21 ET,amc,8k
AMD,2019-07-30,2019-07-30,2019-07-30 16:21 ET,amc,8k
AMD,2019-10-29,2019-10-29,2019-10-29 17:11 ET,amc,8k
AMD,2020-01-28,2020-01-28,2020-01-28 16:17 ET,amc,8k
AMD,2020-04-28,2020-04-28,2020-04-28 16:29 ET,amc,8k
AMD,2020-07-28,2020-07-28,2020-07-28 16:20 ET,amc,8k
AMD,2020-10-27,2020-10-27,2020-10-27 06:34 ET,bmo,8k
AMD,2021-01-26,2021-01-26,2021-01-26 16:14 ET,amc,8k
AMD,2021-04-27,2021-04-27,2021-04-27 16:12 ET,amc,8k
AMD,2021-07-27,2021-07-27,2021-07-27 16:39 ET,amc,8k
AMD,2021-10-26,2021-10-26,2021-10-26 16:17 ET,amc,8k
AMD,2022-02-01,2022-02-01,2022-02-01 16:17 ET,amc,8k
AMD,2022-05-03,2022-05-03,2022-05-03 16:11 ET,amc,8k
AMD,2022-08-02,2022-08-02,2022-08-02 16:08 ET,amc,8k
AMD,2022-11-01,2022-11-01,2022-11-01 16:17 ET,amc,8k
AMD,2023-01-31,2023-01-31,2023-01-31 16:55 ET,amc,8k
AMD,2023-05-02,2023-05-02,2023-05-02 16:17 ET,amc,8k
AMD,2023-08-01,2023-08-01,2023-08-01 16:16 ET,amc,8k
AMD,2023-10-31,2023-10-31,2023-10-31 16:16 ET,amc,8k
AMD,2024-01-30,2024-01-30,2024-01-30 16:16 ET,amc,8k
AMD,2024-04-30,2024-04-30,2024-04-30 16:16 ET,amc,8k
AMD,2024-07-30,2024-07-30,2024-07-30 16:17 ET,amc,8k
AMD,2024-10-29,2024-10-29,2024-10-29 16:16 ET,amc,8k
AMD,2025-02-04,2025-02-04,2025-02-04 16:17 ET,amc,8k
AMD,2025-05-06,2025-05-06,2025-05-06 16:16 ET,amc,8k
AMD,2025-08-05,2025-08-05,2025-08-05 16:16 ET,amc,8k
AMD,2025-11-04,2025-11-04,2025-11-04 16:16 ET,amc,8k
AMD,2026-02-03,2026-02-03,2026-02-03 16:16 ET,amc,8k
AMD,2026-05-05,2026-05-05,2026-05-05 16:16 ET,amc,8k
AMGN,2018-02-01,2018-02-01,2018-02-01 16:18 ET,amc,8k
AMGN,2018-04-24,2018-04-24,2018-04-24 16:17 ET,amc,8k
AMGN,2018-07-26,2018-07-26,2018-07-26 16:14 ET,amc,8k
AMGN,2018-10-30,2018-10-30,2018-10-30 16:07 ET,amc,8k
AMGN,2019-01-29,2019-01-29,2019-01-29 16:09 ET,amc,8k
AMGN,2019-04-30,2019-04-30,2019-04-30 16:09 ET,amc,8k
AMGN,2019-07-30,2019-07-30,2019-07-30 16:05 ET,amc,8k
AMGN,2019-10-29,2019-10-29,2019-10-29 16:59 ET,amc,8k
AMGN,2020-01-30,2020-01-30,2020-01-30 16:13 ET,amc,8k
AMGN,2020-04-30,2020-04-30,2020-04-30 16:06 ET,amc,8k
AMGN,2020-07-28,2020-07-28,2020-07-28 16:05 ET,amc,8k
AMGN,2020-10-28,2020-10-28,2020-10-28 16:03 ET,amc,8k
AMGN,2021-02-02,2021-02-02,2021-02-02 16:13 ET,amc,8k
AMGN,2021-04-27,2021-04-27,2021-04-27 16:10 ET,amc,8k
AMGN,2021-08-03,2021-08-03,2021-08-03 16:18 ET,amc,8k
AMGN,2021-11-02,2021-11-02,2021-11-02 16:27 ET,amc,8k
AMGN,2022-02-07,2022-02-07,2022-02-07 16:16 ET,amc,8k
AMGN,2022-04-27,2022-04-27,2022-04-27 16:19 ET,amc,8k
AMGN,2022-08-04,2022-08-04,2022-08-04 16:37 ET,amc,8k
AMGN,2022-11-03,2022-11-03,2022-11-03 16:16 ET,amc,8k
AMGN,2023-01-31,2023-01-31,2023-01-31 16:15 ET,amc,8k
AMGN,2023-04-27,2023-04-27,2023-04-27 16:11 ET,amc,8k
AMGN,2023-08-03,2023-08-03,2023-08-03 16:12 ET,amc,8k
AMGN,2023-10-31,2023-10-31,2023-10-31 07:15 ET,bmo,8k
AMGN,2024-02-06,2024-02-06,2024-02-06 16:20 ET,amc,8k
AMGN,2024-05-02,2024-05-02,2024-05-02 16:03 ET,amc,8k
AMGN,2024-08-06,2024-08-06,2024-08-06 16:05 ET,amc,8k
AMGN,2024-10-30,2024-10-30,2024-10-30 16:06 ET,amc,8k
AMGN,2025-02-04,2025-02-04,2025-02-04 16:05 ET,amc,8k
AMGN,2025-05-01,2025-05-01,2025-05-01 16:04 ET,amc,8k
AMGN,2025-08-05,2025-08-05,2025-08-05 16:03 ET,amc,8k
AMGN,2025-11-04,2025-11-04,2025-11-04 16:04 ET,amc,8k
AMGN,2026-02-03,2026-02-03,2026-02-03 16:03 ET,amc,8k
AMGN,2026-04-30,2026-04-30,2026-04-30 16:03 ET,amc,8k
AMZN,2018-02-01,2018-02-01,2018-02-01 16:15 ET,amc,8k
AMZN,2018-04-26,2018-04-26,2018-04-26 16:16 ET,amc,8k
AMZN,2018-07-26,2018-07-26,2018-07-26 16:14 ET,amc,8k
AMZN,2018-10-25,2018-10-25,2018-10-25 16:18 ET,amc,8k
AMZN,2019-01-31,2019-01-31,2019-01-31 16:30 ET,amc,8k
AMZN,2019-04-25,2019-04-25,2019-04-25 16:10 ET,amc,8k
AMZN,2019-07-25,2019-07-25,2019-07-25 16:33 ET,amc,8k
AMZN,2019-10-24,2019-10-24,2019-10-24 19:53 ET,amc,8k
AMZN,2020-01-30,2020-01-30,2020-01-30 16:46 ET,amc,8k
AMZN,2020-04-30,2020-04-30,2020-04-30 16:42 ET,amc,8k
AMZN,2020-07-30,2020-07-30,2020-07-30 19:05 ET,amc,8k
AMZN,2020-10-29,2020-10-29,2020-10-29 16:42 ET,amc,8k
AMZN,2021-02-02,2021-02-02,2021-02-02 16:30 ET,amc,8k
AMZN,2021-04-29,2021-04-29,2021-04-29 16:31 ET,amc,8k
AMZN,2021-07-29,2021-07-29,2021-07-29 16:34 ET,amc,8k
AMZN,2021-10-28,2021-10-28,2021-10-28 16:07 ET,amc,8k
AMZN,2022-02-03,2022-02-03,2022-02-03 16:11 ET,amc,8k
AMZN,2022-04-28,2022-04-28,2022-04-28 16:27 ET,amc,8k
AMZN,2022-07-28,2022-07-28,2022-07-28 16:09 ET,amc,8k
AMZN,2022-10-27,2022-10-27,2022-10-27 16:09 ET,amc,8k
AMZN,2023-02-02,2023-02-02,2023-02-02 16:08 ET,amc,8k
AMZN,2023-04-27,2023-04-27,2023-04-27 16:10 ET,amc,8k
AMZN,2023-08-03,2023-08-03,2023-08-03 16:09 ET,amc,8k
AMZN,2023-10-26,2023-10-26,2023-10-26 16:14 ET,amc,8k
AMZN,2024-02-01,2024-02-01,2024-02-01 16:06 ET,amc,8k
AMZN,2024-04-30,2024-04-30,2024-04-30 16:10 ET,amc,8k
AMZN,2024-08-01,2024-08-01,2024-08-01 16:06 ET,amc,8k
AMZN,2024-10-31,2024-10-31,2024-10-31 16:13 ET,amc,8k
AMZN,2025-02-06,2025-02-06,2025-02-06 16:09 ET,amc,8k
AMZN,2025-05-01,2025-05-01,2025-05-01 16:15 ET,amc,8k
AMZN,2025-07-31,2025-07-31,2025-07-31 16:13 ET,amc,8k
AMZN,2025-10-30,2025-10-30,2025-10-30 16:13 ET,amc,8k
AMZN,2026-02-05,2026-02-05,2026-02-05 16:25 ET,amc,8k
AMZN,2026-04-29,2026-04-29,2026-04-29 16:18 ET,amc,8k
AMZN,2026-07-30,2026-07-30,2026-07-30 16:06 ET,amc,8k
APP,2021-05-12,2021-05-12,2021-05-12 16:15 ET,amc,8k
APP,2021-08-11,2021-08-11,2021-08-11 16:05 ET,amc,8k
APP,2021-11-10,2021-11-10,2021-11-10 16:06 ET,amc,8k
APP,2022-02-16,2022-02-16,2022-02-16 16:01 ET,amc,8k
APP,2022-05-11,2022-05-11,2022-05-11 16:38 ET,amc,8k
APP,2022-08-10,2022-08-10,2022-08-10 16:15 ET,amc,8k
APP,2022-11-09,2022-11-09,2022-11-09 16:16 ET,amc,8k
APP,2023-02-08,2023-02-08,2023-02-08 16:16 ET,amc,8k
APP,2023-05-10,2023-05-10,2023-05-10 16:02 ET,amc,8k
APP,2023-08-09,2023-08-09,2023-08-09 16:01 ET,amc,8k
APP,2023-11-08,2023-11-08,2023-11-08 16:16 ET,amc,8k
APP,2024-02-14,2024-02-14,2024-02-14 16:07 ET,amc,8k
APP,2024-05-08,2024-05-08,2024-05-08 16:07 ET,amc,8k
APP,2024-08-07,2024-08-07,2024-08-07 16:07 ET,amc,8k
APP,2024-11-06,2024-11-06,2024-11-06 16:08 ET,amc,8k
APP,2025-02-12,2025-02-12,2025-02-12 16:07 ET,amc,8k
APP,2025-05-07,2025-05-07,2025-05-07 16:19 ET,amc,8k
APP,2025-08-06,2025-08-06,2025-08-06 16:08 ET,amc,8k
APP,2025-11-05,2025-11-05,2025-11-05 16:07 ET,amc,8k
APP,2026-02-11,2026-02-11,2026-02-11 16:07 ET,amc,8k
APP,2026-05-06,2026-05-06,2026-05-06 16:07 ET,amc,8k
ARM,2023-11-08,2023-11-08,2023-11-08 11:06 ET,intraday,6k
ARM,2024-02-07,2024-02-07,2024-02-07 11:06 ET,intraday,6k
ARM,2024-05-08,2024-05-08,2024-05-08 12:06 ET,intraday,6k
ARM,2024-07-31,2024-07-31,2024-07-31 12:01 ET,intraday,6k
ARM,2024-11-06,2024-11-06,2024-11-06 11:02 ET,intraday,6k
ARM,2025-02-05,2025-02-05,2025-02-05 11:02 ET,intraday,6k
ARM,2025-05-07,2025-05-07,2025-05-07 12:01 ET,intraday,6k
ARM,2025-07-30,2025-07-30,2025-07-30 12:02 ET,intraday,6k
ARM,2025-11-05,2025-11-05,2025-11-05 11:02 ET,intraday,6k
ARM,2026-02-04,2026-02-04,2026-02-04 11:02 ET,intraday,6k
ARM,2026-07-29,2026-07-29,2026-07-29 12:02 ET,intraday,6k
ASML,2018-01-17,2018-01-17,2018-01-17 07:10 ET,bmo,6k
ASML,2018-04-18,2018-04-18,2018-04-18 06:12 ET,bmo,6k
ASML,2018-07-18,2018-07-18,2018-07-18 06:13 ET,bmo,6k
ASML,2018-10-17,2018-10-17,2018-10-17 06:29 ET,bmo,6k
ASML,2019-01-23,2019-01-23,2019-01-23 06:25 ET,bmo,6k
ASML,2019-04-17,2019-04-17,2019-04-17 06:16 ET,bmo,6k
ASML,2019-07-17,2019-07-17,2019-07-17 06:16 ET,bmo,6k
ASML,2019-10-16,2019-10-16,2019-10-16 06:09 ET,bmo,6k
ASML,2020-01-22,2020-01-22,2020-01-22 06:03 ET,bmo,6k
ASML,2020-04-15,2020-04-15,2020-04-15 06:03 ET,bmo,6k
ASML,2020-07-15,2020-07-15,2020-07-15 06:19 ET,bmo,6k
ASML,2020-10-14,2020-10-14,2020-10-14 06:02 ET,bmo,6k
ASML,2021-01-20,2021-01-20,2021-01-20 06:03 ET,bmo,6k
ASML,2021-04-21,2021-04-21,2021-04-21 06:01 ET,bmo,6k
ASML,2021-07-21,2021-07-21,2021-07-21 06:04 ET,bmo,6k
ASML,2021-10-20,2021-10-20,2021-10-20 06:04 ET,bmo,6k
ASML,2022-01-19,2022-01-19,2022-01-19 06:02 ET,bmo,6k
ASML,2022-04-20,2022-04-20,2022-04-20 06:02 ET,bmo,6k
ASML,2022-07-20,2022-07-20,2022-07-20 06:02 ET,bmo,6k
ASML,2022-10-19,2022-10-19,2022-10-19 06:02 ET,bmo,6k
ASML,2023-01-25,2023-01-25,2023-01-25 06:01 ET,bmo,6k
ASML,2023-04-19,2023-04-19,2023-04-19 06:01 ET,bmo,6k
ASML,2023-07-19,2023-07-19,2023-07-19 06:01 ET,bmo,6k
ASML,2023-10-18,2023-10-18,2023-10-18 06:01 ET,bmo,6k
ASML,2024-01-24,2024-01-24,2024-01-24 06:01 ET,bmo,6k
ASML,2024-04-17,2024-04-17,2024-04-17 06:01 ET,bmo,6k
ASML,2024-07-17,2024-07-17,2024-07-17 06:02 ET,bmo,6k
ASML,2024-10-15,2024-10-15,2024-10-15 11:34 ET,intraday,6k
ASML,2025-01-29,2025-01-29,2025-01-29 06:02 ET,bmo,6k
ASML,2025-04-16,2025-04-16,2025-04-16 06:02 ET,bmo,6k
ASML,2025-07-16,2025-07-16,2025-07-16 06:02 ET,bmo,6k
ASML,2025-10-15,2025-10-15,2025-10-15 06:01 ET,bmo,6k
ASML,2026-01-28,2026-01-28,2026-01-28 06:03 ET,bmo,6k
ASML,2026-04-15,2026-04-15,2026-04-15 06:02 ET,bmo,6k
ASML,2026-07-15,2026-07-15,2026-07-15 06:05 ET,bmo,6k
AVGO,2018-06-07,2018-06-07,2018-06-07 16:05 ET,amc,8k
AVGO,2018-09-06,2018-09-06,2018-09-06 16:22 ET,amc,8k
AVGO,2018-12-06,2018-12-06,2018-12-06 16:23 ET,amc,8k
AVGO,2019-03-14,2019-03-14,2019-03-14 16:23 ET,amc,8k
AVGO,2019-06-13,2019-06-13,2019-06-13 16:23 ET,amc,8k
AVGO,2019-09-12,2019-09-12,2019-09-12 16:25 ET,amc,8k
AVGO,2019-12-12,2019-12-12,2019-12-12 16:39 ET,amc,8k
AVGO,2020-03-12,2020-03-12,2020-03-12 16:23 ET,amc,8k
AVGO,2020-06-04,2020-06-04,2020-06-04 16:29 ET,amc,8k
AVGO,2020-09-03,2020-09-03,2020-09-03 16:17 ET,amc,8k
AVGO,2020-12-10,2020-12-10,2020-12-10 16:19 ET,amc,8k
AVGO,2021-03-04,2021-03-04,2021-03-04 16:18 ET,amc,8k
AVGO,2021-06-03,2021-06-03,2021-06-03 16:19 ET,amc,8k
AVGO,2021-09-02,2021-09-02,2021-09-02 16:18 ET,amc,8k
AVGO,2021-12-09,2021-12-09,2021-12-09 16:26 ET,amc,8k
AVGO,2022-03-03,2022-03-03,2022-03-03 16:18 ET,amc,8k
AVGO,2022-05-26,2022-05-26,2022-05-26 07:28 ET,bmo,8k
AVGO,2022-09-01,2022-09-01,2022-09-01 16:26 ET,amc,8k
AVGO,2022-12-08,2022-12-08,2022-12-08 16:21 ET,amc,8k
AVGO,2023-03-02,2023-03-02,2023-03-02 16:16 ET,amc,8k
AVGO,2023-06-01,2023-06-01,2023-06-01 16:17 ET,amc,8k
AVGO,2023-08-31,2023-08-31,2023-08-31 17:18 ET,amc,8k
AVGO,2023-12-07,2023-12-07,2023-12-07 16:18 ET,amc,8k
AVGO,2024-03-07,2024-03-07,2024-03-07 16:18 ET,amc,8k
AVGO,2024-06-12,2024-06-12,2024-06-12 16:19 ET,amc,8k
AVGO,2024-09-05,2024-09-05,2024-09-05 16:21 ET,amc,8k
AVGO,2024-12-12,2024-12-12,2024-12-12 16:23 ET,amc,8k
AVGO,2025-03-06,2025-03-06,2025-03-06 16:19 ET,amc,8k
AVGO,2025-06-05,2025-06-05,2025-06-05 16:27 ET,amc,8k
AVGO,2025-09-04,2025-09-04,2025-09-04 16:19 ET,amc,8k
AVGO,2025-12-11,2025-12-11,2025-12-11 16:17 ET,amc,8k
AVGO,2026-03-04,2026-03-04,2026-03-04 16:16 ET,amc,8k
AVGO,2026-06-03,2026-06-03,2026-06-03 16:21 ET,amc,8k
AXON,2018-02-27,2018-02-27,2018-02-27 16:03 ET,amc,8k
AXON,2018-05-08,2018-05-08,2018-05-08 16:02 ET,amc,8k
AXON,2018-08-07,2018-08-07,2018-08-07 16:01 ET,amc,8k
AXON,2018-11-06,2018-11-06,2018-11-06 16:13 ET,amc,8k
AXON,2019-02-26,2019-02-26,2019-02-26 16:09 ET,amc,8k
AXON,2019-05-09,2019-05-09,2019-05-09 16:05 ET,amc,8k
AXON,2019-08-08,2019-08-08,2019-08-08 16:10 ET,amc,8k
AXON,2019-11-07,2019-11-07,2019-11-07 16:04 ET,amc,8k
AXON,2020-02-27,2020-02-27,2020-02-27 16:03 ET,amc,8k
AXON,2020-05-07,2020-05-07,2020-05-07 16:21 ET,amc,8k
AXON,2020-08-06,2020-08-06,2020-08-06 16:02 ET,amc,8k
AXON,2020-11-05,2020-11-05,2020-11-05 16:05 ET,amc,8k
AXON,2021-02-25,2021-02-25,2021-02-25 16:06 ET,amc,8k
AXON,2021-05-06,2021-05-06,2021-05-06 16:10 ET,amc,8k
AXON,2021-08-05,2021-08-05,2021-08-05 16:04 ET,amc,8k
AXON,2021-11-15,2021-11-15,2021-11-15 16:15 ET,amc,8k
AXON,2022-02-24,2022-02-24,2022-02-24 16:40 ET,amc,8k
AXON,2022-05-10,2022-05-10,2022-05-10 16:02 ET,amc,8k
AXON,2022-08-09,2022-08-09,2022-08-09 16:04 ET,amc,8k
AXON,2022-11-08,2022-11-08,2022-11-08 16:03 ET,amc,8k
AXON,2023-02-28,2023-02-28,2023-02-28 16:04 ET,amc,8k
AXON,2023-05-09,2023-05-09,2023-05-09 16:09 ET,amc,8k
AXON,2023-08-08,2023-08-08,2023-08-08 16:09 ET,amc,8k
AXON,2023-11-07,2023-11-07,2023-11-07 16:05 ET,amc,8k
AXON,2024-02-27,2024-02-27,2024-02-27 16:04 ET,amc,8k
AXON,2024-05-06,2024-05-06,2024-05-06 16:03 ET,amc,8k
AXON,2024-08-06,2024-08-06,2024-08-06 16:13 ET,amc,8k
AXON,2024-11-07,2024-11-07,2024-11-07 16:45 ET,amc,8k
AXON,2025-02-25,2025-02-25,2025-02-25 16:08 ET,amc,8k
AXON,2025-05-07,2025-05-07,2025-05-07 16:36 ET,amc,8k
AXON,2025-08-04,2025-08-04,2025-08-04 16:23 ET,amc,8k
AXON,2025-11-04,2025-11-04,2025-11-04 16:12 ET,amc,8k
AXON,2026-02-24,2026-02-24,2026-02-24 16:16 ET,amc,8k
AXON,2026-05-06,2026-05-06,2026-05-06 16:15 ET,amc,8k
BKNG,2018-02-27,2018-02-27,2018-02-27 16:08 ET,amc,8k
BKNG,2018-05-09,2018-05-09,2018-05-09 16:04 ET,amc,8k
BKNG,2018-08-09,2018-08-09,2018-08-09 07:52 ET,bmo,8k
BKNG,2018-11-05,2018-11-05,2018-11-05 16:04 ET,amc,8k
BKNG,2019-02-27,2019-02-27,2019-02-27 16:07 ET,amc,8k
BKNG,2019-05-09,2019-05-09,2019-05-09 16:05 ET,amc,8k
BKNG,2019-08-07,2019-08-07,2019-08-07 16:07 ET,amc,8k
BKNG,2019-11-07,2019-11-07,2019-11-07 16:03 ET,amc,8k
BKNG,2020-02-26,2020-02-26,2020-02-26 16:04 ET,amc,8k
BKNG,2020-05-07,2020-05-07,2020-05-07 16:05 ET,amc,8k
BKNG,2020-08-06,2020-08-06,2020-08-06 16:03 ET,amc,8k
BKNG,2020-11-05,2020-11-05,2020-11-05 16:05 ET,amc,8k
BKNG,2021-02-24,2021-02-24,2021-02-24 16:17 ET,amc,8k
BKNG,2021-05-05,2021-05-05,2021-05-05 16:06 ET,amc,8k
BKNG,2021-08-04,2021-08-04,2021-08-04 16:04 ET,amc,8k
BKNG,2021-11-03,2021-11-03,2021-11-03 16:05 ET,amc,8k
BKNG,2022-02-23,2022-02-23,2022-02-23 16:04 ET,amc,8k
BKNG,2022-05-04,2022-05-04,2022-05-04 16:05 ET,amc,8k
BKNG,2022-08-03,2022-08-03,2022-08-03 16:05 ET,amc,8k
BKNG,2022-11-02,2022-11-02,2022-11-02 16:04 ET,amc,8k
BKNG,2023-02-23,2023-02-23,2023-02-23 16:03 ET,amc,8k
BKNG,2023-05-04,2023-05-04,2023-05-04 16:02 ET,amc,8k
BKNG,2023-08-03,2023-08-03,2023-08-03 16:03 ET,amc,8k
BKNG,2023-11-02,2023-11-02,2023-11-02 16:03 ET,amc,8k
BKNG,2024-02-22,2024-02-22,2024-02-22 16:01 ET,amc,8k
BKNG,2024-05-02,2024-05-02,2024-05-02 16:02 ET,amc,8k
BKNG,2024-08-01,2024-08-01,2024-08-01 16:04 ET,amc,8k
BKNG,2024-10-30,2024-10-30,2024-10-30 16:04 ET,amc,8k
BKNG,2025-02-20,2025-02-20,2025-02-20 16:02 ET,amc,8k
BKNG,2025-04-29,2025-04-29,2025-04-29 16:04 ET,amc,8k
BKNG,2025-07-29,2025-07-29,2025-07-29 16:02 ET,amc,8k
BKNG,2025-10-28,2025-10-28,2025-10-28 16:02 ET,amc,8k
BKNG,2026-02-18,2026-02-18,2026-02-18 16:02 ET,amc,8k
BKNG,2026-04-28,2026-04-28,2026-04-28 16:03 ET,amc,8k
BKR,2018-01-24,2018-01-24,2018-01-24 06:58 ET,bmo,8k
BKR,2018-04-20,2018-04-20,2018-04-20 07:12 ET,bmo,8k
BKR,2018-07-20,2018-07-20,2018-07-20 06:49 ET,bmo,8k
BKR,2018-10-30,2018-10-30,2018-10-30 06:54 ET,bmo,8k
BKR,2019-01-31,2019-01-31,2019-01-31 06:47 ET,bmo,8k
BKR,2019-04-30,2019-04-30,2019-04-30 06:50 ET,bmo,8k
BKR,2019-07-31,2019-07-31,2019-07-31 06:49 ET,bmo,8k
BKR,2019-10-30,2019-10-30,2019-10-30 06:48 ET,bmo,8k
BKR,2020-01-22,2020-01-22,2020-01-22 07:05 ET,bmo,8k
BKR,2020-04-22,2020-04-22,2020-04-22 07:06 ET,bmo,8k
BKR,2020-07-22,2020-07-22,2020-07-22 07:04 ET,bmo,8k
BKR,2020-10-21,2020-10-21,2020-10-21 07:04 ET,bmo,8k
BKR,2021-01-21,2021-01-21,2021-01-21 07:04 ET,bmo,8k
BKR,2021-04-21,2021-04-21,2021-04-21 06:34 ET,bmo,8k
BKR,2021-07-21,2021-07-21,2021-07-21 07:04 ET,bmo,8k
BKR,2021-10-20,2021-10-20,2021-10-20 07:06 ET,bmo,8k
BKR,2022-01-20,2022-01-20,2022-01-20 07:06 ET,bmo,8k
BKR,2022-04-20,2022-04-20,2022-04-20 07:04 ET,bmo,8k
BKR,2022-07-20,2022-07-20,2022-07-20 07:07 ET,bmo,8k
BKR,2022-10-19,2022-10-19,2022-10-19 07:08 ET,bmo,8k
BKR,2023-01-23,2023-01-23,2023-01-23 07:06 ET,bmo,8k
BKR,2023-04-19,2023-04-19,2023-04-19 07:06 ET,bmo,8k
BKR,2023-07-19,2023-07-19,2023-07-19 07:04 ET,bmo,8k
BKR,2023-10-25,2023-10-25,2023-10-25 17:04 ET,amc,8k
BKR,2024-01-23,2024-01-23,2024-01-23 17:25 ET,amc,8k
BKR,2024-04-23,2024-04-23,2024-04-23 17:14 ET,amc,8k
BKR,2024-07-25,2024-07-25,2024-07-25 17:10 ET,amc,8k
BKR,2024-10-22,2024-10-22,2024-10-22 17:14 ET,amc,8k
BKR,2025-01-30,2025-01-30,2025-01-30 17:10 ET,amc,8k
BKR,2025-04-22,2025-04-22,2025-04-22 17:08 ET,amc,8k
BKR,2025-07-22,2025-07-22,2025-07-22 17:10 ET,amc,8k
BKR,2025-10-23,2025-10-23,2025-10-23 17:25 ET,amc,8k
BKR,2026-01-26,2026-01-26,2026-01-26 06:09 ET,bmo,8k
BKR,2026-04-23,2026-04-23,2026-04-23 17:14 ET,amc,8k
BKR,2026-07-27,2026-07-27,2026-07-27 06:07 ET,bmo,8k
CCEP,2018-02-15,2018-02-15,2018-02-15 08:19 ET,bmo,6k
CCEP,2018-04-26,2018-04-26,2018-04-26 07:36 ET,bmo,6k
CDNS,2018-01-31,2018-01-31,2018-01-31 11:10 ET,intraday,8k
CDNS,2018-04-23,2018-04-23,2018-04-23 12:09 ET,intraday,8k
CDNS,2018-07-23,2018-07-23,2018-07-23 12:09 ET,intraday,8k
CDNS,2018-10-22,2018-10-22,2018-10-22 12:08 ET,intraday,8k
CDNS,2019-02-19,2019-02-19,2019-02-19 11:09 ET,intraday,8k
CDNS,2019-04-22,2019-04-22,2019-04-22 12:10 ET,intraday,8k
CDNS,2019-07-22,2019-07-22,2019-07-22 12:11 ET,intraday,8k
CDNS,2019-10-21,2019-10-21,2019-10-21 12:09 ET,intraday,8k
CDNS,2020-02-12,2020-02-12,2020-02-12 11:09 ET,intraday,8k
CDNS,2020-04-20,2020-04-20,2020-04-20 12:09 ET,intraday,8k
CDNS,2020-07-20,2020-07-20,2020-07-20 12:07 ET,intraday,8k
CDNS,2020-10-19,2020-10-19,2020-10-19 12:06 ET,intraday,8k
CDNS,2021-02-22,2021-02-22,2021-02-22 11:06 ET,intraday,8k
CDNS,2021-04-26,2021-04-26,2021-04-26 12:05 ET,intraday,8k
CDNS,2021-07-26,2021-07-26,2021-07-26 12:09 ET,intraday,8k
CDNS,2021-10-25,2021-10-25,2021-10-25 12:06 ET,intraday,8k
CDNS,2022-02-22,2022-02-22,2022-02-22 11:06 ET,intraday,8k
CDNS,2022-04-25,2022-04-25,2022-04-25 12:05 ET,intraday,8k
CDNS,2022-07-25,2022-07-25,2022-07-25 12:06 ET,intraday,8k
CDNS,2022-10-24,2022-10-24,2022-10-24 12:05 ET,intraday,8k
CDNS,2023-02-13,2023-02-13,2023-02-13 11:06 ET,intraday,8k
CDNS,2023-04-24,2023-04-24,2023-04-24 12:06 ET,intraday,8k
CDNS,2023-07-24,2023-07-24,2023-07-24 12:05 ET,intraday,8k
CDNS,2023-10-23,2023-10-23,2023-10-23 12:05 ET,intraday,8k
CDNS,2024-02-12,2024-02-12,2024-02-12 11:04 ET,intraday,8k
CDNS,2024-04-22,2024-04-22,2024-04-22 12:02 ET,intraday,8k
CDNS,2024-07-22,2024-07-22,2024-07-22 12:04 ET,intraday,8k
CDNS,2024-10-28,2024-10-28,2024-10-28 12:03 ET,intraday,8k
CDNS,2025-02-18,2025-02-18,2025-02-18 11:04 ET,intraday,8k
CDNS,2025-04-28,2025-04-28,2025-04-28 12:03 ET,intraday,8k
CDNS,2025-07-28,2025-07-28,2025-07-28 12:03 ET,intraday,8k
CDNS,2025-10-27,2025-10-27,2025-10-27 12:03 ET,intraday,8k
CDNS,2026-02-17,2026-02-17,2026-02-17 11:02 ET,intraday,8k
CDNS,2026-04-27,2026-04-27,2026-04-27 12:03 ET,intraday,8k
CDNS,2026-07-27,2026-07-27,2026-07-27 12:03 ET,intraday,8k
CEG,2022-05-12,2022-05-12,2022-05-12 06:56 ET,bmo,8k
CEG,2022-08-04,2022-08-04,2022-08-04 06:57 ET,bmo,8k
CEG,2022-11-08,2022-11-08,2022-11-08 06:59 ET,bmo,8k
CEG,2023-02-16,2023-02-16,2023-02-16 06:50 ET,bmo,8k
CEG,2023-05-04,2023-05-04,2023-05-04 06:55 ET,bmo,8k
CEG,2023-08-03,2023-08-03,2023-08-03 06:56 ET,bmo,8k
CEG,2023-11-06,2023-11-06,2023-11-06 06:50 ET,bmo,8k
CEG,2024-02-27,2024-02-27,2024-02-27 06:02 ET,bmo,8k
CEG,2024-05-09,2024-05-09,2024-05-09 06:52 ET,bmo,8k
CEG,2024-08-06,2024-08-06,2024-08-06 06:56 ET,bmo,8k
CEG,2024-11-04,2024-11-04,2024-11-04 06:54 ET,bmo,8k
CEG,2025-02-18,2025-02-18,2025-02-18 06:59 ET,bmo,8k
CEG,2025-05-06,2025-05-06,2025-05-06 06:50 ET,bmo,8k
CEG,2025-08-07,2025-08-07,2025-08-07 06:58 ET,bmo,8k
CEG,2025-11-07,2025-11-07,2025-11-07 07:00 ET,bmo,8k
CEG,2026-02-24,2026-02-24,2026-02-24 06:56 ET,bmo,8k
CEG,2026-05-11,2026-05-11,2026-05-11 06:59 ET,bmo,8k
CMCSA,2018-01-24,2018-01-24,2018-01-24 07:05 ET,bmo,8k
CMCSA,2018-04-25,2018-04-25,2018-04-25 07:06 ET,bmo,8k
CMCSA,2018-10-25,2018-10-25,2018-10-25 06:35 ET,bmo,8k
CMCSA,2019-02-04,2019-02-04,2019-02-04 07:01 ET,bmo,8k
CMCSA,2019-04-25,2019-04-25,2019-04-25 07:05 ET,bmo,8k
CMCSA,2019-07-25,2019-07-25,2019-07-25 07:05 ET,bmo,8k
CMCSA,2019-10-24,2019-10-24,2019-10-24 07:05 ET,bmo,8k
CMCSA,2020-01-23,2020-01-23,2020-01-23 07:05 ET,bmo,8k
CMCSA,2020-04-30,2020-04-30,2020-04-30 07:08 ET,bmo,8k
CMCSA,2020-07-30,2020-07-30,2020-07-30 07:13 ET,bmo,8k
CMCSA,2020-10-29,2020-10-29,2020-10-29 07:05 ET,bmo,8k
CMCSA,2021-01-28,2021-01-28,2021-01-28 07:05 ET,bmo,8k
CMCSA,2021-04-29,2021-04-29,2021-04-29 07:05 ET,bmo,8k
CMCSA,2021-07-29,2021-07-29,2021-07-29 07:07 ET,bmo,8k
CMCSA,2021-10-28,2021-10-28,2021-10-28 07:07 ET,bmo,8k
CMCSA,2022-01-27,2022-01-27,2022-01-27 07:09 ET,bmo,8k
CMCSA,2022-04-28,2022-04-28,2022-04-28 07:06 ET,bmo,8k
CMCSA,2022-07-28,2022-07-28,2022-07-28 07:05 ET,bmo,8k
CMCSA,2022-10-27,2022-10-27,2022-10-27 07:04 ET,bmo,8k
CMCSA,2023-01-26,2023-01-26,2023-01-26 07:05 ET,bmo,8k
CMCSA,2023-04-27,2023-04-27,2023-04-27 07:03 ET,bmo,8k
CMCSA,2023-07-27,2023-07-27,2023-07-27 07:05 ET,bmo,8k
CMCSA,2023-10-26,2023-10-26,2023-10-26 07:05 ET,bmo,8k
CMCSA,2024-01-25,2024-01-25,2024-01-25 07:09 ET,bmo,8k
CMCSA,2024-04-25,2024-04-25,2024-04-25 07:05 ET,bmo,8k
CMCSA,2024-07-23,2024-07-23,2024-07-23 07:11 ET,bmo,8k
CMCSA,2024-10-31,2024-10-31,2024-10-31 07:06 ET,bmo,8k
CMCSA,2025-01-30,2025-01-30,2025-01-30 07:05 ET,bmo,8k
CMCSA,2025-04-24,2025-04-24,2025-04-24 07:07 ET,bmo,8k
CMCSA,2025-07-31,2025-07-31,2025-07-31 07:07 ET,bmo,8k
CMCSA,2025-10-30,2025-10-30,2025-10-30 07:16 ET,bmo,8k
CMCSA,2026-01-29,2026-01-29,2026-01-29 07:08 ET,bmo,8k
CMCSA,2026-04-23,2026-04-23,2026-04-23 07:08 ET,bmo,8k
CMCSA,2026-07-23,2026-07-23,2026-07-23 06:06 ET,bmo,8k
COST,2018-03-07,2018-03-07,2018-03-07 17:00 ET,amc,8k
COST,2018-05-31,2018-06-01,2018-05-31 19:13 ET,amc,8k
COST,2018-10-04,2018-10-04,2018-10-04 17:17 ET,amc,8k
COST,2018-12-13,2018-12-13,2018-12-13 17:01 ET,amc,8k
COST,2019-03-07,2019-03-07,2019-03-07 17:05 ET,amc,8k
COST,2019-05-30,2019-05-31,2019-05-30 17:36 ET,amc,8k
COST,2019-10-03,2019-10-03,2019-10-03 16:41 ET,amc,8k
COST,2019-12-12,2019-12-12,2019-12-12 16:56 ET,amc,8k
COST,2020-03-05,2020-03-05,2020-03-05 17:10 ET,amc,8k
COST,2020-05-28,2020-05-28,2020-05-28 16:15 ET,amc,8k
COST,2020-09-24,2020-09-24,2020-09-24 17:12 ET,amc,8k
COST,2020-12-10,2020-12-10,2020-12-10 16:57 ET,amc,8k
COST,2021-03-04,2021-03-04,2021-03-04 17:01 ET,amc,8k
COST,2021-05-27,2021-05-27,2021-05-27 17:03 ET,amc,8k
COST,2021-09-23,2021-09-23,2021-09-23 16:30 ET,amc,8k
COST,2021-12-09,2021-12-09,2021-12-09 17:07 ET,amc,8k
COST,2022-03-04,2022-03-04,2022-03-04 12:47 ET,intraday,8k
COST,2022-05-26,2022-05-26,2022-05-26 16:26 ET,amc,8k
COST,2022-09-23,2022-09-23,2022-09-23 13:38 ET,intraday,8k
COST,2022-12-08,2022-12-09,2022-12-08 18:48 ET,amc,8k
COST,2023-03-02,2023-03-03,2023-03-02 18:10 ET,amc,8k
COST,2023-05-25,2023-05-25,2023-05-25 16:22 ET,amc,8k
COST,2023-09-26,2023-09-26,2023-09-26 16:37 ET,amc,8k
COST,2023-12-14,2023-12-14,2023-12-14 16:39 ET,amc,8k
COST,2024-03-07,2024-03-07,2024-03-07 16:37 ET,amc,8k
COST,2024-05-30,2024-05-30,2024-05-30 16:26 ET,amc,8k
COST,2024-09-26,2024-09-26,2024-09-26 16:17 ET,amc,8k
COST,2024-12-12,2024-12-12,2024-12-12 16:18 ET,amc,8k
COST,2025-03-06,2025-03-06,2025-03-06 16:21 ET,amc,8k
COST,2025-05-29,2025-05-29,2025-05-29 16:24 ET,amc,8k
COST,2025-09-25,2025-09-25,2025-09-25 16:16 ET,amc,8k
COST,2025-12-11,2025-12-11,2025-12-11 16:22 ET,amc,8k
COST,2026-03-05,2026-03-05,2026-03-05 16:19 ET,amc,8k
COST,2026-05-28,2026-05-28,2026-05-28 16:17 ET,amc,8k
CPRT,2018-02-26,2018-02-26,2018-02-26 09:00 ET,bmo,8k
CPRT,2018-05-23,2018-05-24,2018-05-23 19:15 ET,amc,8k
CPRT,2018-09-19,2018-09-19,2018-09-19 09:07 ET,bmo,8k
CPRT,2018-11-20,2018-11-20,2018-11-20 17:16 ET,amc,8k
CPRT,2019-02-20,2019-02-21,2019-02-20 18:03 ET,amc,8k
CPRT,2019-05-22,2019-05-23,2019-05-22 17:54 ET,amc,8k
CPRT,2019-09-04,2019-09-05,2019-09-04 17:57 ET,amc,8k
CPRT,2019-11-20,2019-11-21,2019-11-20 17:57 ET,amc,8k
CPRT,2020-02-19,2020-02-20,2020-02-19 17:59 ET,amc,8k
CPRT,2020-05-20,2020-05-21,2020-05-20 17:59 ET,amc,8k
CPRT,2020-09-02,2020-09-03,2020-09-02 17:57 ET,amc,8k
CPRT,2020-11-18,2020-11-18,2020-11-18 17:11 ET,amc,8k
CPRT,2021-02-18,2021-02-18,2021-02-18 16:34 ET,amc,8k
CPRT,2021-05-19,2021-05-19,2021-05-19 16:39 ET,amc,8k
CPRT,2021-09-08,2021-09-08,2021-09-08 16:46 ET,amc,8k
CPRT,2021-11-17,2021-11-17,2021-11-17 16:48 ET,amc,8k
CPRT,2022-02-16,2022-02-16,2022-02-16 17:24 ET,amc,8k
CPRT,2022-05-18,2022-05-19,2022-05-18 18:18 ET,amc,8k
CPRT,2022-09-07,2022-09-07,2022-09-07 17:26 ET,amc,8k
CPRT,2022-11-16,2022-11-17,2022-11-16 18:21 ET,amc,8k
CPRT,2023-02-21,2023-02-21,2023-02-21 07:45 ET,bmo,8k
CPRT,2023-05-17,2023-05-17,2023-05-17 16:09 ET,amc,8k
CPRT,2023-09-14,2023-09-14,2023-09-14 16:11 ET,amc,8k
CPRT,2023-11-16,2023-11-16,2023-11-16 16:16 ET,amc,8k
CPRT,2024-02-22,2024-02-22,2024-02-22 16:18 ET,amc,8k
CPRT,2024-05-16,2024-05-16,2024-05-16 16:16 ET,amc,8k
CPRT,2024-09-04,2024-09-04,2024-09-04 16:27 ET,amc,8k
CPRT,2024-11-21,2024-11-21,2024-11-21 16:14 ET,amc,8k
CPRT,2025-02-20,2025-02-20,2025-02-20 16:15 ET,amc,8k
CPRT,2025-05-22,2025-05-22,2025-05-22 16:15 ET,amc,8k
CPRT,2025-09-04,2025-09-04,2025-09-04 16:16 ET,amc,8k
CPRT,2025-11-20,2025-11-20,2025-11-20 16:16 ET,amc,8k
CPRT,2026-02-19,2026-02-19,2026-02-19 16:16 ET,amc,8k
CPRT,2026-05-21,2026-05-21,2026-05-21 16:16 ET,amc,8k
CRWD,2019-07-18,2019-07-18,2019-07-18 16:18 ET,amc,8k
CRWD,2019-09-05,2019-09-05,2019-09-05 16:22 ET,amc,8k
CRWD,2019-12-05,2019-12-05,2019-12-05 16:07 ET,amc,8k
CRWD,2020-03-19,2020-03-19,2020-03-19 16:07 ET,amc,8k
CRWD,2020-06-02,2020-06-02,2020-06-02 16:08 ET,amc,8k
CRWD,2020-09-02,2020-09-02,2020-09-02 16:09 ET,amc,8k
CRWD,2020-12-02,2020-12-02,2020-12-02 16:07 ET,amc,8k
CRWD,2021-03-16,2021-03-16,2021-03-16 16:06 ET,amc,8k
CRWD,2021-06-03,2021-06-03,2021-06-03 16:07 ET,amc,8k
CRWD,2021-08-31,2021-08-31,2021-08-31 16:07 ET,amc,8k
CRWD,2021-12-01,2021-12-01,2021-12-01 16:07 ET,amc,8k
CRWD,2022-03-09,2022-03-09,2022-03-09 16:08 ET,amc,8k
CRWD,2022-06-02,2022-06-02,2022-06-02 16:07 ET,amc,8k
CRWD,2022-08-30,2022-08-30,2022-08-30 16:07 ET,amc,8k
CRWD,2022-11-29,2022-11-29,2022-11-29 16:06 ET,amc,8k
CRWD,2023-03-07,2023-03-07,2023-03-07 16:06 ET,amc,8k
CRWD,2023-05-31,2023-05-31,2023-05-31 16:08 ET,amc,8k
CRWD,2023-08-30,2023-08-30,2023-08-30 16:06 ET,amc,8k
CRWD,2023-11-28,2023-11-28,2023-11-28 16:06 ET,amc,8k
CRWD,2024-03-05,2024-03-05,2024-03-05 16:07 ET,amc,8k
CRWD,2024-06-04,2024-06-04,2024-06-04 16:06 ET,amc,8k
CRWD,2024-08-28,2024-08-28,2024-08-28 16:07 ET,amc,8k
CRWD,2024-11-26,2024-11-26,2024-11-26 16:07 ET,amc,8k
CRWD,2025-03-04,2025-03-04,2025-03-04 16:11 ET,amc,8k
CRWD,2025-06-03,2025-06-03,2025-06-03 16:06 ET,amc,8k
CRWD,2025-08-27,2025-08-27,2025-08-27 16:11 ET,amc,8k
CRWD,2025-12-02,2025-12-02,2025-12-02 16:11 ET,amc,8k
CRWD,2026-03-03,2026-03-03,2026-03-03 16:06 ET,amc,8k
CRWD,2026-06-03,2026-06-03,2026-06-03 16:06 ET,amc,8k
CRWV,2025-05-14,2025-05-14,2025-05-14 16:06 ET,amc,8k
CRWV,2025-08-12,2025-08-12,2025-08-12 16:06 ET,amc,8k
CRWV,2025-11-10,2025-11-10,2025-11-10 16:08 ET,amc,8k
CRWV,2026-02-26,2026-02-26,2026-02-26 16:06 ET,amc,8k
CRWV,2026-05-07,2026-05-07,2026-05-07 16:10 ET,amc,8k
CSCO,2018-02-14,2018-02-14,2018-02-14 16:34 ET,amc,8k
CSCO,2018-05-16,2018-05-16,2018-05-16 16:09 ET,amc,8k
CSCO,2018-08-15,2018-08-15,2018-08-15 16:08 ET,amc,8k
CSCO,2018-11-14,2018-11-14,2018-11-14 16:11 ET,amc,8k
CSCO,2019-02-13,2019-02-13,2019-02-13 16:10 ET,amc,8k
CSCO,2019-05-15,2019-05-15,2019-05-15 16:09 ET,amc,8k
CSCO,2019-08-14,2019-08-14,2019-08-14 16:08 ET,amc,8k
CSCO,2019-11-13,2019-11-13,2019-11-13 16:10 ET,amc,8k
CSCO,2020-02-12,2020-02-12,2020-02-12 16:08 ET,amc,8k
CSCO,2020-05-13,2020-05-13,2020-05-13 16:09 ET,amc,8k
CSCO,2020-08-12,2020-08-12,2020-08-12 16:10 ET,amc,8k
CSCO,2020-11-12,2020-11-12,2020-11-12 16:09 ET,amc,8k
CSCO,2021-02-09,2021-02-09,2021-02-09 16:11 ET,amc,8k
CSCO,2021-05-19,2021-05-19,2021-05-19 16:14 ET,amc,8k
CSCO,2021-08-18,2021-08-18,2021-08-18 16:10 ET,amc,8k
CSCO,2021-11-17,2021-11-17,2021-11-17 16:08 ET,amc,8k
CSCO,2022-02-16,2022-02-16,2022-02-16 16:16 ET,amc,8k
CSCO,2022-05-18,2022-05-18,2022-05-18 16:10 ET,amc,8k
CSCO,2022-08-17,2022-08-17,2022-08-17 16:12 ET,amc,8k
CSCO,2022-11-16,2022-11-16,2022-11-16 16:19 ET,amc,8k
CSCO,2023-02-15,2023-02-15,2023-02-15 16:13 ET,amc,8k
CSCO,2023-05-17,2023-05-17,2023-05-17 16:20 ET,amc,8k
CSCO,2023-08-16,2023-08-16,2023-08-16 16:09 ET,amc,8k
CSCO,2023-11-15,2023-11-15,2023-11-15 16:09 ET,amc,8k
CSCO,2024-02-14,2024-02-14,2024-02-14 16:11 ET,amc,8k
CSCO,2024-05-15,2024-05-15,2024-05-15 16:09 ET,amc,8k
CSCO,2024-08-14,2024-08-14,2024-08-14 16:16 ET,amc,8k
CSCO,2024-11-13,2024-11-13,2024-11-13 16:14 ET,amc,8k
CSCO,2025-02-12,2025-02-12,2025-02-12 16:19 ET,amc,8k
CSCO,2025-05-14,2025-05-14,2025-05-14 16:17 ET,amc,8k
CSCO,2025-08-13,2025-08-13,2025-08-13 16:11 ET,amc,8k
CSCO,2025-11-12,2025-11-12,2025-11-12 16:15 ET,amc,8k
CSCO,2026-02-11,2026-02-11,2026-02-11 16:07 ET,amc,8k
CSCO,2026-05-13,2026-05-13,2026-05-13 16:06 ET,amc,8k
CSX,2018-01-16,2018-01-16,2018-01-16 16:01 ET,amc,8k
CSX,2018-04-17,2018-04-17,2018-04-17 16:01 ET,amc,8k
CSX,2018-07-17,2018-07-17,2018-07-17 16:03 ET,amc,8k
CSX,2018-10-16,2018-10-16,2018-10-16 16:02 ET,amc,8k
CSX,2019-01-16,2019-01-16,2019-01-16 16:02 ET,amc,8k
CSX,2019-04-16,2019-04-16,2019-04-16 16:01 ET,amc,8k
CSX,2019-07-16,2019-07-16,2019-07-16 16:01 ET,amc,8k
CSX,2019-10-16,2019-10-16,2019-10-16 16:01 ET,amc,8k
CSX,2020-01-16,2020-01-16,2020-01-16 16:01 ET,amc,8k
CSX,2020-04-22,2020-04-22,2020-04-22 16:01 ET,amc,8k
CSX,2020-07-22,2020-07-22,2020-07-22 16:01 ET,amc,8k
CSX,2020-10-21,2020-10-21,2020-10-21 16:01 ET,amc,8k
CSX,2021-01-21,2021-01-21,2021-01-21 16:01 ET,amc,8k
CSX,2021-04-20,2021-04-20,2021-04-20 16:01 ET,amc,8k
CSX,2021-07-21,2021-07-21,2021-07-21 16:01 ET,amc,8k
CSX,2021-10-20,2021-10-20,2021-10-20 16:01 ET,amc,8k
CSX,2022-01-20,2022-01-20,2022-01-20 16:01 ET,amc,8k
CSX,2022-04-20,2022-04-20,2022-04-20 16:01 ET,amc,8k
CSX,2022-07-20,2022-07-20,2022-07-20 16:01 ET,amc,8k
CSX,2022-10-20,2022-10-20,2022-10-20 16:01 ET,amc,8k
CSX,2023-01-25,2023-01-25,2023-01-25 16:01 ET,amc,8k
CSX,2023-04-20,2023-04-20,2023-04-20 16:01 ET,amc,8k
CSX,2023-07-20,2023-07-20,2023-07-20 16:01 ET,amc,8k
CSX,2023-10-19,2023-10-19,2023-10-19 16:01 ET,amc,8k
CSX,2024-01-24,2024-01-24,2024-01-24 16:01 ET,amc,8k
CSX,2024-04-17,2024-04-17,2024-04-17 16:01 ET,amc,8k
CSX,2024-08-05,2024-08-05,2024-08-05 16:01 ET,amc,8k
CSX,2024-10-16,2024-10-16,2024-10-16 16:02 ET,amc,8k
CSX,2025-01-23,2025-01-23,2025-01-23 16:01 ET,amc,8k
CSX,2025-04-16,2025-04-16,2025-04-16 16:01 ET,amc,8k
CSX,2025-07-23,2025-07-23,2025-07-23 16:01 ET,amc,8k
CSX,2025-10-16,2025-10-16,2025-10-16 16:01 ET,amc,8k
CSX,2026-01-22,2026-01-22,2026-01-22 16:01 ET,amc,8k
CSX,2026-04-22,2026-04-22,2026-04-22 16:01 ET,amc,8k
CSX,2026-07-22,2026-07-22,2026-07-22 16:01 ET,amc,8k
CTAS,2018-03-22,2018-03-22,2018-03-22 16:42 ET,amc,8k
CTAS,2018-07-19,2018-07-19,2018-07-19 16:16 ET,amc,8k
CTAS,2018-09-25,2018-09-25,2018-09-25 16:18 ET,amc,8k
CTAS,2018-12-20,2018-12-20,2018-12-20 16:16 ET,amc,8k
CTAS,2019-03-21,2019-03-21,2019-03-21 16:15 ET,amc,8k
CTAS,2019-07-16,2019-07-16,2019-07-16 16:16 ET,amc,8k
CTAS,2019-09-24,2019-09-24,2019-09-24 16:16 ET,amc,8k
CTAS,2019-12-17,2019-12-17,2019-12-17 16:25 ET,amc,8k
CTAS,2020-03-19,2020-03-19,2020-03-19 16:16 ET,amc,8k
CTAS,2020-07-23,2020-07-23,2020-07-23 08:32 ET,bmo,8k
CTAS,2020-09-23,2020-09-23,2020-09-23 08:32 ET,bmo,8k
CTAS,2020-12-22,2020-12-22,2020-12-22 08:34 ET,bmo,8k
CTAS,2021-03-17,2021-03-17,2021-03-17 08:30 ET,bmo,8k
CTAS,2021-07-15,2021-07-15,2021-07-15 08:32 ET,bmo,8k
CTAS,2021-09-29,2021-09-29,2021-09-29 08:31 ET,bmo,8k
CTAS,2021-12-22,2021-12-22,2021-12-22 08:30 ET,bmo,8k
CTAS,2022-03-23,2022-03-23,2022-03-23 13:16 ET,intraday,8k
CTAS,2022-07-14,2022-07-14,2022-07-14 09:28 ET,bmo,8k
CTAS,2022-09-28,2022-09-28,2022-09-28 08:31 ET,bmo,8k
CTAS,2022-12-21,2022-12-21,2022-12-21 08:32 ET,bmo,8k
CTAS,2023-03-29,2023-03-29,2023-03-29 08:31 ET,bmo,8k
CTAS,2023-07-13,2023-07-13,2023-07-13 08:35 ET,bmo,8k
CTAS,2023-09-26,2023-09-26,2023-09-26 08:31 ET,bmo,8k
CTAS,2023-12-21,2023-12-21,2023-12-21 08:31 ET,bmo,8k
CTAS,2024-03-27,2024-03-27,2024-03-27 08:37 ET,bmo,8k
CTAS,2024-07-18,2024-07-18,2024-07-18 08:47 ET,bmo,8k
CTAS,2024-09-25,2024-09-25,2024-09-25 08:30 ET,bmo,8k
CTAS,2024-12-19,2024-12-19,2024-12-19 08:31 ET,bmo,8k
CTAS,2025-03-26,2025-03-26,2025-03-26 08:31 ET,bmo,8k
CTAS,2025-07-17,2025-07-17,2025-07-17 08:31 ET,bmo,8k
CTAS,2025-09-24,2025-09-24,2025-09-24 08:34 ET,bmo,8k
CTAS,2025-12-18,2025-12-18,2025-12-18 08:31 ET,bmo,8k
CTAS,2026-03-25,2026-03-25,2026-03-25 08:31 ET,bmo,8k
CTAS,2026-07-15,2026-07-15,2026-07-15 08:31 ET,bmo,8k
DASH,2021-02-25,2021-02-25,2021-02-25 16:16 ET,amc,8k
DASH,2021-05-13,2021-05-13,2021-05-13 16:08 ET,amc,8k
DASH,2021-08-12,2021-08-12,2021-08-12 16:14 ET,amc,8k
DASH,2021-11-09,2021-11-09,2021-11-09 16:25 ET,amc,8k
DASH,2022-02-16,2022-02-16,2022-02-16 16:26 ET,amc,8k
DASH,2022-05-05,2022-05-05,2022-05-05 16:25 ET,amc,8k
DASH,2022-08-04,2022-08-04,2022-08-04 16:51 ET,amc,8k
DASH,2022-11-03,2022-11-03,2022-11-03 16:12 ET,amc,8k
DASH,2023-02-16,2023-02-16,2023-02-16 16:07 ET,amc,8k
DASH,2023-05-04,2023-05-04,2023-05-04 16:08 ET,amc,8k
DASH,2023-08-02,2023-08-02,2023-08-02 16:07 ET,amc,8k
DASH,2023-11-01,2023-11-01,2023-11-01 16:08 ET,amc,8k
DASH,2024-02-15,2024-02-15,2024-02-15 16:07 ET,amc,8k
DASH,2024-05-01,2024-05-01,2024-05-01 16:07 ET,amc,8k
DASH,2024-08-01,2024-08-01,2024-08-01 16:06 ET,amc,8k
DASH,2024-10-30,2024-10-30,2024-10-30 16:06 ET,amc,8k
DASH,2025-02-11,2025-02-11,2025-02-11 16:06 ET,amc,8k
DASH,2025-05-06,2025-05-06,2025-05-06 07:24 ET,bmo,8k
DASH,2025-08-06,2025-08-06,2025-08-06 16:09 ET,amc,8k
DASH,2025-11-05,2025-11-05,2025-11-05 16:09 ET,amc,8k
DASH,2026-02-18,2026-02-18,2026-02-18 16:08 ET,amc,8k
DASH,2026-05-06,2026-05-06,2026-05-06 16:10 ET,amc,8k
DDOG,2019-11-12,2019-11-12,2019-11-12 16:17 ET,amc,8k
DDOG,2020-02-13,2020-02-13,2020-02-13 16:24 ET,amc,8k
DDOG,2020-05-11,2020-05-11,2020-05-11 16:23 ET,amc,8k
DDOG,2020-08-06,2020-08-06,2020-08-06 16:32 ET,amc,8k
DDOG,2020-11-10,2020-11-10,2020-11-10 16:20 ET,amc,8k
DDOG,2021-02-11,2021-02-11,2021-02-11 16:17 ET,amc,8k
DDOG,2021-05-06,2021-05-06,2021-05-06 16:22 ET,amc,8k
DDOG,2021-08-05,2021-08-05,2021-08-05 07:05 ET,bmo,8k
DDOG,2021-11-04,2021-11-04,2021-11-04 16:14 ET,amc,8k
DDOG,2022-02-10,2022-02-10,2022-02-10 07:11 ET,bmo,8k
DDOG,2022-05-05,2022-05-05,2022-05-05 07:06 ET,bmo,8k
DDOG,2022-08-04,2022-08-04,2022-08-04 07:07 ET,bmo,8k
DDOG,2022-11-03,2022-11-03,2022-11-03 07:06 ET,bmo,8k
DDOG,2023-02-16,2023-02-16,2023-02-16 07:03 ET,bmo,8k
DDOG,2023-05-04,2023-05-04,2023-05-04 07:05 ET,bmo,8k
DDOG,2023-08-08,2023-08-08,2023-08-08 07:05 ET,bmo,8k
DDOG,2023-11-07,2023-11-07,2023-11-07 07:01 ET,bmo,8k
DDOG,2024-02-13,2024-02-13,2024-02-13 07:08 ET,bmo,8k
DDOG,2024-05-07,2024-05-07,2024-05-07 07:04 ET,bmo,8k
DDOG,2024-08-08,2024-08-08,2024-08-08 07:05 ET,bmo,8k
DDOG,2024-11-07,2024-11-07,2024-11-07 07:09 ET,bmo,8k
DDOG,2025-02-13,2025-02-13,2025-02-13 07:09 ET,bmo,8k
DDOG,2025-05-06,2025-05-06,2025-05-06 07:45 ET,bmo,8k
DDOG,2025-08-07,2025-08-07,2025-08-07 07:06 ET,bmo,8k
DDOG,2025-11-06,2025-11-06,2025-11-06 07:07 ET,bmo,8k
DDOG,2026-02-10,2026-02-10,2026-02-10 07:11 ET,bmo,8k
DDOG,2026-05-07,2026-05-07,2026-05-07 07:05 ET,bmo,8k
DXCM,2018-05-02,2018-05-02,2018-05-02 16:07 ET,amc,8k
DXCM,2018-08-01,2018-08-01,2018-08-01 16:05 ET,amc,8k
DXCM,2018-11-06,2018-11-06,2018-11-06 16:04 ET,amc,8k
DXCM,2019-02-21,2019-02-21,2019-02-21 16:16 ET,amc,8k
DXCM,2019-05-01,2019-05-01,2019-05-01 16:13 ET,amc,8k
DXCM,2019-07-31,2019-07-31,2019-07-31 16:08 ET,amc,8k
DXCM,2019-11-06,2019-11-06,2019-11-06 16:06 ET,amc,8k
DXCM,2020-02-13,2020-02-13,2020-02-13 16:08 ET,amc,8k
DXCM,2020-04-28,2020-04-28,2020-04-28 16:07 ET,amc,8k
DXCM,2020-07-28,2020-07-28,2020-07-28 16:08 ET,amc,8k
DXCM,2020-10-27,2020-10-27,2020-10-27 16:08 ET,amc,8k
DXCM,2021-02-11,2021-02-11,2021-02-11 16:04 ET,amc,8k
DXCM,2021-04-29,2021-04-29,2021-04-29 16:03 ET,amc,8k
DXCM,2021-07-29,2021-07-29,2021-07-29 16:05 ET,amc,8k
DXCM,2021-10-28,2021-10-28,2021-10-28 16:06 ET,amc,8k
DXCM,2022-02-10,2022-02-10,2022-02-10 16:08 ET,amc,8k
DXCM,2022-04-28,2022-04-28,2022-04-28 16:08 ET,amc,8k
DXCM,2022-07-28,2022-07-28,2022-07-28 16:07 ET,amc,8k
DXCM,2022-10-27,2022-10-27,2022-10-27 16:05 ET,amc,8k
DXCM,2023-02-09,2023-02-09,2023-02-09 16:05 ET,amc,8k
DXCM,2023-04-27,2023-04-27,2023-04-27 16:05 ET,amc,8k
DXCM,2023-07-27,2023-07-27,2023-07-27 16:05 ET,amc,8k
DXCM,2023-10-26,2023-10-26,2023-10-26 16:04 ET,amc,8k
DXCM,2024-02-08,2024-02-08,2024-02-08 16:03 ET,amc,8k
DXCM,2024-04-25,2024-04-25,2024-04-25 16:05 ET,amc,8k
DXCM,2024-07-25,2024-07-25,2024-07-25 16:05 ET,amc,8k
DXCM,2024-10-24,2024-10-24,2024-10-24 16:04 ET,amc,8k
DXCM,2025-02-13,2025-02-13,2025-02-13 16:03 ET,amc,8k
DXCM,2025-05-01,2025-05-01,2025-05-01 16:03 ET,amc,8k
DXCM,2025-07-30,2025-07-30,2025-07-30 16:02 ET,amc,8k
DXCM,2025-10-30,2025-10-30,2025-10-30 16:02 ET,amc,8k
DXCM,2026-02-12,2026-02-12,2026-02-12 16:03 ET,amc,8k
DXCM,2026-04-30,2026-04-30,2026-04-30 16:02 ET,amc,8k
DXCM,2026-07-30,2026-07-30,2026-07-30 16:03 ET,amc,8k
EA,2018-01-30,2018-01-30,2018-01-30 16:05 ET,amc,8k
EA,2018-05-08,2018-05-08,2018-05-08 16:05 ET,amc,8k
EA,2018-07-26,2018-07-26,2018-07-26 16:05 ET,amc,8k
EA,2018-10-30,2018-10-30,2018-10-30 16:07 ET,amc,8k
EA,2019-02-05,2019-02-05,2019-02-05 16:08 ET,amc,8k
EA,2019-05-07,2019-05-07,2019-05-07 16:05 ET,amc,8k
EA,2019-07-30,2019-07-30,2019-07-30 16:05 ET,amc,8k
EA,2019-10-29,2019-10-29,2019-10-29 19:31 ET,amc,8k
EA,2020-01-30,2020-01-30,2020-01-30 16:05 ET,amc,8k
EA,2020-05-05,2020-05-05,2020-05-05 16:05 ET,amc,8k
EA,2020-07-30,2020-07-30,2020-07-30 19:03 ET,amc,8k
EA,2020-11-05,2020-11-05,2020-11-05 16:06 ET,amc,8k
EA,2021-02-02,2021-02-02,2021-02-02 16:05 ET,amc,8k
EA,2021-05-11,2021-05-11,2021-05-11 16:02 ET,amc,8k
EA,2021-08-04,2021-08-04,2021-08-04 16:04 ET,amc,8k
EA,2021-11-03,2021-11-03,2021-11-03 16:11 ET,amc,8k
EA,2022-02-01,2022-02-01,2022-02-01 16:29 ET,amc,8k
EA,2022-05-10,2022-05-10,2022-05-10 16:09 ET,amc,8k
EA,2022-08-02,2022-08-02,2022-08-02 16:08 ET,amc,8k
EA,2022-11-01,2022-11-01,2022-11-01 16:03 ET,amc,8k
EA,2023-01-31,2023-01-31,2023-01-31 16:06 ET,amc,8k
EA,2023-05-09,2023-05-09,2023-05-09 16:08 ET,amc,8k
EA,2023-08-01,2023-08-01,2023-08-01 16:07 ET,amc,8k
EA,2023-11-01,2023-11-01,2023-11-01 16:08 ET,amc,8k
EA,2024-01-30,2024-01-30,2024-01-30 16:10 ET,amc,8k
EA,2024-05-07,2024-05-07,2024-05-07 16:12 ET,amc,8k
EA,2024-07-30,2024-07-30,2024-07-30 16:11 ET,amc,8k
EA,2024-10-29,2024-10-29,2024-10-29 16:06 ET,amc,8k
EA,2025-02-04,2025-02-04,2025-02-04 16:06 ET,amc,8k
EA,2025-05-06,2025-05-06,2025-05-06 16:08 ET,amc,8k
EA,2025-07-29,2025-07-29,2025-07-29 16:07 ET,amc,8k
EA,2025-10-28,2025-10-28,2025-10-28 16:07 ET,amc,8k
EA,2026-02-03,2026-02-03,2026-02-03 16:07 ET,amc,8k
EA,2026-05-05,2026-05-05,2026-05-05 16:09 ET,amc,8k
EXC,2018-02-07,2018-02-07,2018-02-07 07:05 ET,bmo,8k
EXC,2018-05-02,2018-05-02,2018-05-02 07:07 ET,bmo,8k
EXC,2018-08-02,2018-08-02,2018-08-02 07:00 ET,bmo,8k
EXC,2018-11-01,2018-11-01,2018-11-01 06:53 ET,bmo,8k
EXC,2019-02-08,2019-02-08,2019-02-08 06:51 ET,bmo,8k
EXC,2019-05-02,2019-05-02,2019-05-02 06:47 ET,bmo,8k
EXC,2019-08-01,2019-08-01,2019-08-01 06:52 ET,bmo,8k
EXC,2019-10-31,2019-10-31,2019-10-31 06:54 ET,bmo,8k
EXC,2020-02-11,2020-02-11,2020-02-11 06:53 ET,bmo,8k
EXC,2020-05-08,2020-05-08,2020-05-08 07:03 ET,bmo,8k
EXC,2020-08-04,2020-08-04,2020-08-04 06:55 ET,bmo,8k
EXC,2020-11-03,2020-11-03,2020-11-03 06:53 ET,bmo,8k
EXC,2021-02-24,2021-02-24,2021-02-24 06:57 ET,bmo,8k
EXC,2021-05-05,2021-05-05,2021-05-05 06:53 ET,bmo,8k
EXC,2021-08-04,2021-08-04,2021-08-04 06:53 ET,bmo,8k
EXC,2021-11-03,2021-11-03,2021-11-03 06:55 ET,bmo,8k
EXC,2022-05-09,2022-05-09,2022-05-09 08:02 ET,bmo,8k
EXC,2022-08-03,2022-08-03,2022-08-03 06:57 ET,bmo,8k
EXC,2022-11-03,2022-11-03,2022-11-03 06:56 ET,bmo,8k
EXC,2023-02-14,2023-02-14,2023-02-14 06:53 ET,bmo,8k
EXC,2023-05-03,2023-05-03,2023-05-03 06:54 ET,bmo,8k
EXC,2023-08-02,2023-08-02,2023-08-02 06:54 ET,bmo,8k
EXC,2023-11-02,2023-11-02,2023-11-02 06:55 ET,bmo,8k
EXC,2024-02-21,2024-02-21,2024-02-21 06:53 ET,bmo,8k
EXC,2024-05-02,2024-05-02,2024-05-02 06:53 ET,bmo,8k
EXC,2024-08-01,2024-08-01,2024-08-01 06:56 ET,bmo,8k
EXC,2024-10-30,2024-10-30,2024-10-30 06:53 ET,bmo,8k
EXC,2025-02-12,2025-02-12,2025-02-12 06:56 ET,bmo,8k
EXC,2025-05-01,2025-05-01,2025-05-01 06:57 ET,bmo,8k
EXC,2025-07-31,2025-07-31,2025-07-31 06:55 ET,bmo,8k
EXC,2025-11-04,2025-11-04,2025-11-04 06:52 ET,bmo,8k
EXC,2026-02-12,2026-02-12,2026-02-12 07:00 ET,bmo,8k
EXC,2026-05-06,2026-05-06,2026-05-06 06:56 ET,bmo,8k
EXC,2026-07-30,2026-07-30,2026-07-30 06:56 ET,bmo,8k
FANG,2018-02-13,2018-02-13,2018-02-13 17:03 ET,amc,8k
FANG,2018-05-08,2018-05-08,2018-05-08 16:52 ET,amc,8k
FANG,2018-08-08,2018-08-08,2018-08-08 16:43 ET,amc,8k
FANG,2018-11-06,2018-11-06,2018-11-06 17:02 ET,amc,8k
FANG,2019-02-19,2019-02-19,2019-02-19 16:11 ET,amc,8k
FANG,2019-05-07,2019-05-07,2019-05-07 17:08 ET,amc,8k
FANG,2019-08-06,2019-08-06,2019-08-06 16:42 ET,amc,8k
FANG,2019-11-05,2019-11-05,2019-11-05 17:02 ET,amc,8k
FANG,2020-02-18,2020-02-18,2020-02-18 16:55 ET,amc,8k
FANG,2020-05-04,2020-05-04,2020-05-04 17:13 ET,amc,8k
FANG,2020-08-03,2020-08-03,2020-08-03 16:37 ET,amc,8k
FANG,2020-11-02,2020-11-02,2020-11-02 16:50 ET,amc,8k
FANG,2021-02-22,2021-02-22,2021-02-22 16:48 ET,amc,8k
FANG,2021-05-03,2021-05-04,2021-05-03 17:50 ET,amc,8k
FANG,2021-08-02,2021-08-02,2021-08-02 16:15 ET,amc,8k
FANG,2021-11-01,2021-11-01,2021-11-01 16:18 ET,amc,8k
FANG,2022-02-22,2022-02-22,2022-02-22 16:47 ET,amc,8k
FANG,2022-05-02,2022-05-02,2022-05-02 16:26 ET,amc,8k
FANG,2022-08-01,2022-08-01,2022-08-01 16:17 ET,amc,8k
FANG,2022-11-07,2022-11-07,2022-11-07 16:13 ET,amc,8k
FANG,2023-02-21,2023-02-21,2023-02-21 16:17 ET,amc,8k
FANG,2023-05-01,2023-05-01,2023-05-01 16:12 ET,amc,8k
FANG,2023-07-31,2023-07-31,2023-07-31 16:12 ET,amc,8k
FANG,2023-11-06,2023-11-06,2023-11-06 16:04 ET,amc,8k
FANG,2024-02-20,2024-02-20,2024-02-20 16:09 ET,amc,8k
FANG,2024-04-30,2024-04-30,2024-04-30 16:07 ET,amc,8k
FANG,2024-08-05,2024-08-05,2024-08-05 16:06 ET,amc,8k
FANG,2024-11-04,2024-11-04,2024-11-04 16:05 ET,amc,8k
FANG,2025-02-24,2025-02-24,2025-02-24 16:06 ET,amc,8k
FANG,2025-05-05,2025-05-05,2025-05-05 16:08 ET,amc,8k
FANG,2025-08-04,2025-08-04,2025-08-04 16:11 ET,amc,8k
FANG,2025-11-03,2025-11-03,2025-11-03 16:06 ET,amc,8k
FANG,2026-02-23,2026-02-23,2026-02-23 16:05 ET,amc,8k
FANG,2026-05-04,2026-05-04,2026-05-04 16:06 ET,amc,8k
FAST,2018-01-17,2018-01-17,2018-01-17 02:28 ET,bmo,8k
FAST,2018-04-11,2018-04-11,2018-04-11 03:28 ET,bmo,8k
FAST,2018-07-11,2018-07-11,2018-07-11 03:47 ET,bmo,8k
FAST,2018-10-10,2018-10-10,2018-10-10 04:11 ET,bmo,8k
FAST,2019-01-17,2019-01-17,2019-01-17 02:40 ET,bmo,8k
FAST,2019-04-11,2019-04-11,2019-04-11 03:34 ET,bmo,8k
FAST,2019-07-11,2019-07-11,2019-07-11 03:46 ET,bmo,8k
FAST,2019-10-11,2019-10-11,2019-10-11 04:19 ET,bmo,8k
FAST,2020-01-17,2020-01-17,2020-01-17 03:30 ET,bmo,8k
FAST,2020-04-14,2020-04-14,2020-04-14 04:51 ET,bmo,8k
FAST,2020-07-14,2020-07-14,2020-07-14 04:27 ET,bmo,8k
FAST,2020-10-13,2020-10-13,2020-10-13 03:27 ET,bmo,8k
FAST,2021-01-20,2021-01-20,2021-01-20 03:22 ET,bmo,8k
FAST,2021-04-13,2021-04-13,2021-04-13 03:42 ET,bmo,8k
FAST,2021-07-13,2021-07-13,2021-07-13 04:38 ET,bmo,8k
FAST,2021-10-12,2021-10-12,2021-10-12 03:36 ET,bmo,8k
FAST,2022-01-19,2022-01-19,2022-01-19 02:25 ET,bmo,8k
FAST,2022-04-13,2022-04-13,2022-04-13 03:48 ET,bmo,8k
FAST,2022-07-13,2022-07-13,2022-07-13 03:50 ET,bmo,8k
FAST,2022-10-13,2022-10-13,2022-10-13 03:59 ET,bmo,8k
FAST,2023-01-19,2023-01-19,2023-01-19 02:41 ET,bmo,8k
FAST,2023-04-13,2023-04-13,2023-04-13 03:53 ET,bmo,8k
FAST,2023-07-13,2023-07-13,2023-07-13 03:44 ET,bmo,8k
FAST,2023-10-12,2023-10-12,2023-10-12 03:48 ET,bmo,8k
FAST,2024-01-18,2024-01-18,2024-01-18 02:48 ET,bmo,8k
FAST,2024-04-11,2024-04-11,2024-04-11 03:43 ET,bmo,8k
FAST,2024-07-12,2024-07-12,2024-07-12 03:43 ET,bmo,8k
FAST,2024-10-11,2024-10-11,2024-10-11 03:42 ET,bmo,8k
FAST,2025-01-17,2025-01-17,2025-01-17 02:30 ET,bmo,8k
FAST,2025-04-11,2025-04-11,2025-04-11 03:35 ET,bmo,8k
FAST,2025-07-14,2025-07-14,2025-07-14 03:19 ET,bmo,8k
FAST,2025-10-14,2025-10-14,2025-10-14 05:20 ET,bmo,8k
FAST,2026-01-20,2026-01-20,2026-01-20 03:17 ET,bmo,8k
FAST,2026-04-13,2026-04-13,2026-04-13 04:07 ET,bmo,8k
FAST,2026-07-14,2026-07-14,2026-07-14 04:01 ET,bmo,8k
FER,2024-05-13,2024-05-13,2024-05-13 16:26 ET,amc,6k
FER,2024-07-15,2024-07-15,2024-07-15 09:09 ET,bmo,6k
FER,2024-10-17,2024-10-17,2024-10-17 08:06 ET,bmo,6k
FER,2025-02-11,2025-02-11,2025-02-11 07:47 ET,bmo,6k
FER,2025-04-28,2025-04-28,2025-04-28 10:11 ET,intraday,6k
FER,2025-07-09,2025-07-09,2025-07-09 07:31 ET,bmo,6k
FER,2025-10-07,2025-10-07,2025-10-07 13:15 ET,intraday,6k
FER,2026-02-25,2026-02-25,2026-02-25 17:24 ET,amc,6k
FER,2026-04-16,2026-04-16,2026-04-16 09:31 ET,intraday,6k
FER,2026-07-15,2026-07-15,2026-07-15 15:46 ET,intraday,6k
FTNT,2018-02-05,2018-02-05,2018-02-05 16:19 ET,amc,8k
FTNT,2018-05-03,2018-05-03,2018-05-03 16:20 ET,amc,8k
FTNT,2018-08-01,2018-08-01,2018-08-01 16:19 ET,amc,8k
FTNT,2018-11-01,2018-11-01,2018-11-01 16:18 ET,amc,8k
FTNT,2019-02-06,2019-02-06,2019-02-06 16:22 ET,amc,8k
FTNT,2019-05-02,2019-05-02,2019-05-02 16:19 ET,amc,8k
FTNT,2019-08-01,2019-08-01,2019-08-01 16:16 ET,amc,8k
FTNT,2019-10-31,2019-10-31,2019-10-31 16:15 ET,amc,8k
FTNT,2020-02-06,2020-02-06,2020-02-06 16:14 ET,amc,8k
FTNT,2020-05-06,2020-05-06,2020-05-06 16:13 ET,amc,8k
FTNT,2020-08-06,2020-08-06,2020-08-06 16:10 ET,amc,8k
FTNT,2020-10-29,2020-10-29,2020-10-29 16:09 ET,amc,8k
FTNT,2021-02-04,2021-02-04,2021-02-04 16:11 ET,amc,8k
FTNT,2021-04-29,2021-04-29,2021-04-29 16:09 ET,amc,8k
FTNT,2021-07-29,2021-07-29,2021-07-29 16:07 ET,amc,8k
FTNT,2021-11-04,2021-11-04,2021-11-04 16:11 ET,amc,8k
FTNT,2022-02-03,2022-02-03,2022-02-03 16:11 ET,amc,8k
FTNT,2022-05-04,2022-05-04,2022-05-04 16:11 ET,amc,8k
FTNT,2022-08-03,2022-08-03,2022-08-03 16:09 ET,amc,8k
FTNT,2022-11-02,2022-11-02,2022-11-02 16:09 ET,amc,8k
FTNT,2023-02-07,2023-02-07,2023-02-07 16:08 ET,amc,8k
FTNT,2023-05-04,2023-05-04,2023-05-04 16:09 ET,amc,8k
FTNT,2023-08-03,2023-08-03,2023-08-03 16:11 ET,amc,8k
FTNT,2023-11-02,2023-11-02,2023-11-02 16:11 ET,amc,8k
FTNT,2024-02-06,2024-02-06,2024-02-06 16:10 ET,amc,8k
FTNT,2024-05-02,2024-05-02,2024-05-02 16:09 ET,amc,8k
FTNT,2024-08-06,2024-08-06,2024-08-06 16:07 ET,amc,8k
FTNT,2024-11-07,2024-11-07,2024-11-07 16:10 ET,amc,8k
FTNT,2025-02-06,2025-02-06,2025-02-06 16:09 ET,amc,8k
FTNT,2025-05-07,2025-05-07,2025-05-07 16:11 ET,amc,8k
FTNT,2025-08-06,2025-08-06,2025-08-06 16:11 ET,amc,8k
FTNT,2025-11-05,2025-11-05,2025-11-05 16:09 ET,amc,8k
FTNT,2026-02-05,2026-02-05,2026-02-05 16:07 ET,amc,8k
FTNT,2026-05-06,2026-05-06,2026-05-06 16:10 ET,amc,8k
FTNT,2026-07-29,2026-07-29,2026-07-29 16:08 ET,amc,8k
GEHC,2023-01-30,2023-01-30,2023-01-30 01:22 ET,bmo,8k
GEHC,2023-04-25,2023-04-25,2023-04-25 02:24 ET,bmo,8k
GEHC,2023-07-25,2023-07-25,2023-07-25 02:39 ET,bmo,8k
GEHC,2023-10-31,2023-10-31,2023-10-31 02:32 ET,bmo,8k
GEHC,2024-02-06,2024-02-06,2024-02-06 01:25 ET,bmo,8k
GEHC,2024-04-30,2024-04-30,2024-04-30 02:25 ET,bmo,8k
GEHC,2024-07-31,2024-07-31,2024-07-31 02:25 ET,bmo,8k
GEHC,2024-10-30,2024-10-30,2024-10-30 02:31 ET,bmo,8k
GEHC,2025-02-13,2025-02-13,2025-02-13 01:25 ET,bmo,8k
GEHC,2025-04-30,2025-04-30,2025-04-30 02:25 ET,bmo,8k
GEHC,2025-07-30,2025-07-30,2025-07-30 02:25 ET,bmo,8k
GEHC,2025-10-29,2025-10-29,2025-10-29 02:25 ET,bmo,8k
GEHC,2026-02-04,2026-02-04,2026-02-04 01:25 ET,bmo,8k
GEHC,2026-04-29,2026-04-29,2026-04-29 02:25 ET,bmo,8k
GEHC,2026-07-29,2026-07-29,2026-07-29 02:25 ET,bmo,8k
GILD,2018-02-06,2018-02-06,2018-02-06 16:05 ET,amc,8k
GILD,2018-05-01,2018-05-01,2018-05-01 16:03 ET,amc,8k
GILD,2018-07-25,2018-07-25,2018-07-25 16:04 ET,amc,8k
GILD,2018-10-25,2018-10-25,2018-10-25 16:08 ET,amc,8k
GILD,2019-02-04,2019-02-04,2019-02-04 16:04 ET,amc,8k
GILD,2019-05-02,2019-05-02,2019-05-02 16:05 ET,amc,8k
GILD,2019-07-30,2019-07-30,2019-07-30 16:07 ET,amc,8k
GILD,2019-10-24,2019-10-24,2019-10-24 18:45 ET,amc,8k
GILD,2020-02-04,2020-02-04,2020-02-04 16:06 ET,amc,8k
GILD,2020-04-30,2020-04-30,2020-04-30 16:08 ET,amc,8k
GILD,2020-07-30,2020-07-30,2020-07-30 18:57 ET,amc,8k
GILD,2020-10-28,2020-10-28,2020-10-28 16:09 ET,amc,8k
GILD,2021-02-04,2021-02-04,2021-02-04 16:05 ET,amc,8k
GILD,2021-04-29,2021-04-29,2021-04-29 16:06 ET,amc,8k
GILD,2021-07-29,2021-07-29,2021-07-29 16:05 ET,amc,8k
GILD,2021-10-28,2021-10-28,2021-10-28 16:09 ET,amc,8k
GILD,2022-02-01,2022-02-01,2022-02-01 16:07 ET,amc,8k
GILD,2022-04-28,2022-04-28,2022-04-28 16:07 ET,amc,8k
GILD,2022-08-02,2022-08-02,2022-08-02 16:05 ET,amc,8k
GILD,2022-10-27,2022-10-27,2022-10-27 16:04 ET,amc,8k
GILD,2023-02-02,2023-02-02,2023-02-02 16:03 ET,amc,8k
GILD,2023-04-27,2023-04-27,2023-04-27 16:05 ET,amc,8k
GILD,2023-08-03,2023-08-03,2023-08-03 16:07 ET,amc,8k
GILD,2023-11-07,2023-11-07,2023-11-07 16:03 ET,amc,8k
GILD,2024-02-06,2024-02-06,2024-02-06 16:04 ET,amc,8k
GILD,2024-04-25,2024-04-25,2024-04-25 16:04 ET,amc,8k
GILD,2024-08-08,2024-08-08,2024-08-08 16:06 ET,amc,8k
GILD,2024-11-06,2024-11-06,2024-11-06 16:09 ET,amc,8k
GILD,2025-02-11,2025-02-11,2025-02-11 16:04 ET,amc,8k
GILD,2025-04-24,2025-04-24,2025-04-24 16:03 ET,amc,8k
GILD,2025-08-07,2025-08-07,2025-08-07 16:26 ET,amc,8k
GILD,2025-10-30,2025-10-30,2025-10-30 16:04 ET,amc,8k
GILD,2026-02-10,2026-02-10,2026-02-10 16:02 ET,amc,8k
GILD,2026-05-07,2026-05-07,2026-05-07 16:03 ET,amc,8k
GOOG,2018-02-01,2018-02-01,2018-02-01 16:01 ET,amc,8k
GOOG,2018-04-23,2018-04-23,2018-04-23 16:01 ET,amc,8k
GOOG,2018-07-23,2018-07-23,2018-07-23 16:02 ET,amc,8k
GOOG,2018-10-25,2018-10-25,2018-10-25 16:01 ET,amc,8k
GOOG,2019-02-04,2019-02-04,2019-02-04 16:01 ET,amc,8k
GOOG,2019-04-29,2019-04-29,2019-04-29 16:01 ET,amc,8k
GOOG,2019-07-25,2019-07-25,2019-07-25 16:01 ET,amc,8k
GOOG,2019-10-28,2019-10-28,2019-10-28 16:03 ET,amc,8k
GOOG,2020-02-03,2020-02-03,2020-02-03 16:02 ET,amc,8k
GOOG,2020-04-28,2020-04-28,2020-04-28 16:01 ET,amc,8k
GOOG,2020-07-30,2020-07-30,2020-07-30 18:40 ET,amc,8k
GOOG,2020-10-29,2020-10-29,2020-10-29 16:01 ET,amc,8k
GOOG,2021-02-02,2021-02-02,2021-02-02 16:01 ET,amc,8k
GOOG,2021-04-27,2021-04-27,2021-04-27 16:01 ET,amc,8k
GOOG,2021-07-27,2021-07-27,2021-07-27 16:36 ET,amc,8k
GOOG,2021-10-26,2021-10-26,2021-10-26 16:01 ET,amc,8k
GOOG,2022-02-01,2022-02-01,2022-02-01 16:01 ET,amc,8k
GOOG,2022-04-26,2022-04-26,2022-04-26 16:01 ET,amc,8k
GOOG,2022-07-26,2022-07-26,2022-07-26 16:02 ET,amc,8k
GOOG,2022-10-25,2022-10-25,2022-10-25 16:01 ET,amc,8k
GOOG,2023-02-02,2023-02-02,2023-02-02 16:01 ET,amc,8k
GOOG,2023-04-25,2023-04-25,2023-04-25 16:01 ET,amc,8k
GOOG,2023-07-25,2023-07-25,2023-07-25 16:01 ET,amc,8k
GOOG,2023-10-24,2023-10-24,2023-10-24 16:01 ET,amc,8k
GOOG,2024-01-30,2024-01-30,2024-01-30 16:01 ET,amc,8k
GOOG,2024-04-25,2024-04-25,2024-04-25 16:01 ET,amc,8k
GOOG,2024-07-23,2024-07-23,2024-07-23 16:01 ET,amc,8k
GOOG,2024-10-29,2024-10-29,2024-10-29 16:01 ET,amc,8k
GOOG,2025-02-04,2025-02-04,2025-02-04 16:01 ET,amc,8k
GOOG,2025-04-24,2025-04-24,2025-04-24 16:01 ET,amc,8k
GOOG,2025-07-23,2025-07-23,2025-07-23 16:01 ET,amc,8k
GOOG,2025-10-29,2025-10-29,2025-10-29 16:01 ET,amc,8k
GOOG,2026-02-04,2026-02-04,2026-02-04 16:01 ET,amc,8k
GOOG,2026-04-29,2026-04-29,2026-04-29 16:01 ET,amc,8k
GOOG,2026-07-22,2026-07-22,2026-07-22 16:01 ET,amc,8k
GOOGL,2018-02-01,2018-02-01,2018-02-01 16:01 ET,amc,8k
GOOGL,2018-04-23,2018-04-23,2018-04-23 16:01 ET,amc,8k
GOOGL,2018-07-23,2018-07-23,2018-07-23 16:02 ET,amc,8k
GOOGL,2018-10-25,2018-10-25,2018-10-25 16:01 ET,amc,8k
GOOGL,2019-02-04,2019-02-04,2019-02-04 16:01 ET,amc,8k
GOOGL,2019-04-29,2019-04-29,2019-04-29 16:01 ET,amc,8k
GOOGL,2019-07-25,2019-07-25,2019-07-25 16:01 ET,amc,8k
GOOGL,2019-10-28,2019-10-28,2019-10-28 16:03 ET,amc,8k
GOOGL,2020-02-03,2020-02-03,2020-02-03 16:02 ET,amc,8k
GOOGL,2020-04-28,2020-04-28,2020-04-28 16:01 ET,amc,8k
GOOGL,2020-07-30,2020-07-30,2020-07-30 18:40 ET,amc,8k
GOOGL,2020-10-29,2020-10-29,2020-10-29 16:01 ET,amc,8k
GOOGL,2021-02-02,2021-02-02,2021-02-02 16:01 ET,amc,8k
GOOGL,2021-04-27,2021-04-27,2021-04-27 16:01 ET,amc,8k
GOOGL,2021-07-27,2021-07-27,2021-07-27 16:36 ET,amc,8k
GOOGL,2021-10-26,2021-10-26,2021-10-26 16:01 ET,amc,8k
GOOGL,2022-02-01,2022-02-01,2022-02-01 16:01 ET,amc,8k
GOOGL,2022-04-26,2022-04-26,2022-04-26 16:01 ET,amc,8k
GOOGL,2022-07-26,2022-07-26,2022-07-26 16:02 ET,amc,8k
GOOGL,2022-10-25,2022-10-25,2022-10-25 16:01 ET,amc,8k
GOOGL,2023-02-02,2023-02-02,2023-02-02 16:01 ET,amc,8k
GOOGL,2023-04-25,2023-04-25,2023-04-25 16:01 ET,amc,8k
GOOGL,2023-07-25,2023-07-25,2023-07-25 16:01 ET,amc,8k
GOOGL,2023-10-24,2023-10-24,2023-10-24 16:01 ET,amc,8k
GOOGL,2024-01-30,2024-01-30,2024-01-30 16:01 ET,amc,8k
GOOGL,2024-04-25,2024-04-25,2024-04-25 16:01 ET,amc,8k
GOOGL,2024-07-23,2024-07-23,2024-07-23 16:01 ET,amc,8k
GOOGL,2024-10-29,2024-10-29,2024-10-29 16:01 ET,amc,8k
GOOGL,2025-02-04,2025-02-04,2025-02-04 16:01 ET,amc,8k
GOOGL,2025-04-24,2025-04-24,2025-04-24 16:01 ET,amc,8k
GOOGL,2025-07-23,2025-07-23,2025-07-23 16:01 ET,amc,8k
GOOGL,2025-10-29,2025-10-29,2025-10-29 16:01 ET,amc,8k
GOOGL,2026-02-04,2026-02-04,2026-02-04 16:01 ET,amc,8k
GOOGL,2026-04-29,2026-04-29,2026-04-29 16:01 ET,amc,8k
GOOGL,2026-07-22,2026-07-22,2026-07-22 16:01 ET,amc,8k
HON,2018-01-26,2018-01-26,2018-01-26 06:36 ET,bmo,8k
HON,2018-04-20,2018-04-20,2018-04-20 06:41 ET,bmo,8k
HON,2018-07-20,2018-07-20,2018-07-20 06:39 ET,bmo,8k
HON,2018-10-19,2018-10-19,2018-10-19 09:55 ET,intraday,8k
HON,2019-02-01,2019-02-01,2019-02-01 06:37 ET,bmo,8k
HON,2019-04-18,2019-04-18,2019-04-18 06:35 ET,bmo,8k
HON,2019-07-18,2019-07-18,2019-07-18 06:40 ET,bmo,8k
HON,2019-10-17,2019-10-17,2019-10-17 06:35 ET,bmo,8k
HON,2020-01-31,2020-01-31,2020-01-31 06:37 ET,bmo,8k
HON,2020-05-01,2020-05-01,2020-05-01 06:36 ET,bmo,8k
HON,2020-07-24,2020-07-24,2020-07-24 06:36 ET,bmo,8k
HON,2020-10-30,2020-10-30,2020-10-30 06:37 ET,bmo,8k
HON,2021-01-29,2021-01-29,2021-01-29 07:02 ET,bmo,8k
HON,2021-04-23,2021-04-23,2021-04-23 06:59 ET,bmo,8k
HON,2021-07-23,2021-07-23,2021-07-23 06:40 ET,bmo,8k
HON,2021-10-22,2021-10-22,2021-10-22 06:53 ET,bmo,8k
HON,2022-02-03,2022-02-03,2022-02-03 06:34 ET,bmo,8k
HON,2022-04-29,2022-04-29,2022-04-29 06:33 ET,bmo,8k
HON,2022-07-28,2022-07-28,2022-07-28 06:32 ET,bmo,8k
HON,2022-10-27,2022-10-27,2022-10-27 06:33 ET,bmo,8k
HON,2023-02-02,2023-02-02,2023-02-02 06:33 ET,bmo,8k
HON,2023-04-27,2023-04-27,2023-04-27 06:03 ET,bmo,8k
HON,2023-07-27,2023-07-27,2023-07-27 06:35 ET,bmo,8k
HON,2023-10-26,2023-10-26,2023-10-26 06:01 ET,bmo,8k
HON,2024-02-01,2024-02-01,2024-02-01 06:08 ET,bmo,8k
HON,2024-04-25,2024-04-25,2024-04-25 06:03 ET,bmo,8k
HON,2024-07-25,2024-07-25,2024-07-25 06:03 ET,bmo,8k
HON,2024-10-24,2024-10-24,2024-10-24 06:02 ET,bmo,8k
HON,2025-02-06,2025-02-06,2025-02-06 06:04 ET,bmo,8k
HON,2025-04-29,2025-04-29,2025-04-29 06:05 ET,bmo,8k
HON,2025-07-24,2025-07-24,2025-07-24 06:10 ET,bmo,8k
HON,2025-10-23,2025-10-23,2025-10-23 06:05 ET,bmo,8k
HON,2026-01-29,2026-01-29,2026-01-29 06:04 ET,bmo,8k
HON,2026-04-23,2026-04-23,2026-04-23 06:03 ET,bmo,8k
HON,2026-07-23,2026-07-23,2026-07-23 06:01 ET,bmo,8k
IDXX,2018-02-01,2018-02-01,2018-02-01 06:31 ET,bmo,8k
IDXX,2018-05-04,2018-05-04,2018-05-04 06:31 ET,bmo,8k
IDXX,2018-08-01,2018-08-01,2018-08-01 06:31 ET,bmo,8k
IDXX,2018-11-01,2018-11-01,2018-11-01 06:31 ET,bmo,8k
IDXX,2019-02-01,2019-02-01,2019-02-01 06:31 ET,bmo,8k
IDXX,2019-05-01,2019-05-01,2019-05-01 06:31 ET,bmo,8k
IDXX,2019-08-01,2019-08-01,2019-08-01 06:31 ET,bmo,8k
IDXX,2019-10-31,2019-10-31,2019-10-31 06:31 ET,bmo,8k
IDXX,2020-01-31,2020-01-31,2020-01-31 06:36 ET,bmo,8k
IDXX,2020-04-30,2020-04-30,2020-04-30 06:33 ET,bmo,8k
IDXX,2020-07-31,2020-07-31,2020-07-31 08:43 ET,bmo,8k
IDXX,2020-10-29,2020-10-29,2020-10-29 06:31 ET,bmo,8k
IDXX,2021-02-02,2021-02-02,2021-02-02 06:31 ET,bmo,8k
IDXX,2021-05-04,2021-05-04,2021-05-04 06:30 ET,bmo,8k
IDXX,2021-07-30,2021-07-30,2021-07-30 06:38 ET,bmo,8k
IDXX,2021-11-02,2021-11-02,2021-11-02 06:33 ET,bmo,8k
IDXX,2022-02-02,2022-02-02,2022-02-02 06:30 ET,bmo,8k
IDXX,2022-05-04,2022-05-04,2022-05-04 06:31 ET,bmo,8k
IDXX,2022-08-02,2022-08-02,2022-08-02 06:31 ET,bmo,8k
IDXX,2022-11-01,2022-11-01,2022-11-01 06:59 ET,bmo,8k
IDXX,2023-02-06,2023-02-06,2023-02-06 06:31 ET,bmo,8k
IDXX,2023-05-02,2023-05-02,2023-05-02 06:34 ET,bmo,8k
IDXX,2023-08-01,2023-08-01,2023-08-01 06:30 ET,bmo,8k
IDXX,2023-11-01,2023-11-01,2023-11-01 06:30 ET,bmo,8k
IDXX,2024-02-05,2024-02-05,2024-02-05 06:30 ET,bmo,8k
IDXX,2024-05-01,2024-05-01,2024-05-01 06:30 ET,bmo,8k
IDXX,2024-08-06,2024-08-06,2024-08-06 06:30 ET,bmo,8k
IDXX,2024-10-31,2024-10-31,2024-10-31 06:30 ET,bmo,8k
IDXX,2025-02-03,2025-02-03,2025-02-03 06:30 ET,bmo,8k
IDXX,2025-05-01,2025-05-01,2025-05-01 06:30 ET,bmo,8k
IDXX,2025-08-04,2025-08-04,2025-08-04 06:30 ET,bmo,8k
IDXX,2025-11-03,2025-11-03,2025-11-03 06:34 ET,bmo,8k
IDXX,2026-02-02,2026-02-02,2026-02-02 06:39 ET,bmo,8k
IDXX,2026-05-05,2026-05-05,2026-05-05 06:31 ET,bmo,8k
INTC,2018-01-25,2018-01-25,2018-01-25 16:06 ET,amc,8k
INTC,2018-04-26,2018-04-26,2018-04-26 16:05 ET,amc,8k
INTC,2018-07-26,2018-07-26,2018-07-26 16:05 ET,amc,8k
INTC,2018-10-25,2018-10-25,2018-10-25 16:08 ET,amc,8k
INTC,2019-01-24,2019-01-24,2019-01-24 16:06 ET,amc,8k
INTC,2019-04-25,2019-04-25,2019-04-25 16:05 ET,amc,8k
INTC,2019-07-25,2019-07-25,2019-07-25 16:10 ET,amc,8k
INTC,2019-10-24,2019-10-24,2019-10-24 16:08 ET,amc,8k
INTC,2020-01-23,2020-01-23,2020-01-23 16:07 ET,amc,8k
INTC,2020-04-23,2020-04-23,2020-04-23 16:07 ET,amc,8k
INTC,2020-07-23,2020-07-23,2020-07-23 16:07 ET,amc,8k
INTC,2020-10-22,2020-10-22,2020-10-22 16:07 ET,amc,8k
INTC,2021-01-21,2021-01-21,2021-01-21 16:04 ET,amc,8k
INTC,2021-04-22,2021-04-22,2021-04-22 16:05 ET,amc,8k
INTC,2021-07-22,2021-07-22,2021-07-22 16:05 ET,amc,8k
INTC,2021-10-21,2021-10-21,2021-10-21 16:09 ET,amc,8k
INTC,2022-01-26,2022-01-26,2022-01-26 16:08 ET,amc,8k
INTC,2022-04-28,2022-04-28,2022-04-28 16:09 ET,amc,8k
INTC,2022-07-28,2022-07-28,2022-07-28 16:06 ET,amc,8k
INTC,2022-10-27,2022-10-27,2022-10-27 16:02 ET,amc,8k
INTC,2023-01-26,2023-01-26,2023-01-26 16:06 ET,amc,8k
INTC,2023-04-27,2023-04-27,2023-04-27 16:09 ET,amc,8k
INTC,2023-07-27,2023-07-27,2023-07-27 16:07 ET,amc,8k
INTC,2023-10-26,2023-10-26,2023-10-26 16:09 ET,amc,8k
INTC,2024-01-25,2024-01-25,2024-01-25 16:07 ET,amc,8k
INTC,2024-04-25,2024-04-25,2024-04-25 16:09 ET,amc,8k
INTC,2024-08-01,2024-08-01,2024-08-01 16:08 ET,amc,8k
INTC,2024-10-31,2024-10-31,2024-10-31 16:07 ET,amc,8k
INTC,2025-01-30,2025-01-30,2025-01-30 16:13 ET,amc,8k
INTC,2025-04-24,2025-04-24,2025-04-24 16:05 ET,amc,8k
INTC,2025-07-24,2025-07-24,2025-07-24 16:04 ET,amc,8k
INTC,2025-10-23,2025-10-23,2025-10-23 16:10 ET,amc,8k
INTC,2026-01-22,2026-01-22,2026-01-22 16:10 ET,amc,8k
INTC,2026-04-23,2026-04-23,2026-04-23 16:07 ET,amc,8k
INTC,2026-07-23,2026-07-23,2026-07-23 16:09 ET,amc,8k
INTU,2018-02-22,2018-02-22,2018-02-22 16:05 ET,amc,8k
INTU,2018-05-22,2018-05-22,2018-05-22 16:07 ET,amc,8k
INTU,2018-08-23,2018-08-23,2018-08-23 16:10 ET,amc,8k
INTU,2018-11-19,2018-11-19,2018-11-19 16:01 ET,amc,8k
INTU,2019-02-21,2019-02-21,2019-02-21 16:06 ET,amc,8k
INTU,2019-05-23,2019-05-23,2019-05-23 16:02 ET,amc,8k
INTU,2019-08-22,2019-08-22,2019-08-22 16:02 ET,amc,8k
INTU,2019-11-21,2019-11-21,2019-11-21 16:06 ET,amc,8k
INTU,2020-02-24,2020-02-24,2020-02-24 16:28 ET,amc,8k
INTU,2020-05-21,2020-05-21,2020-05-21 16:03 ET,amc,8k
INTU,2020-08-25,2020-08-25,2020-08-25 16:02 ET,amc,8k
INTU,2020-11-19,2020-11-19,2020-11-19 16:01 ET,amc,8k
INTU,2021-02-23,2021-02-23,2021-02-23 16:03 ET,amc,8k
INTU,2021-05-25,2021-05-25,2021-05-25 16:01 ET,amc,8k
INTU,2021-08-24,2021-08-24,2021-08-24 16:02 ET,amc,8k
INTU,2021-11-18,2021-11-18,2021-11-18 16:05 ET,amc,8k
INTU,2022-02-24,2022-02-24,2022-02-24 16:01 ET,amc,8k
INTU,2022-05-24,2022-05-24,2022-05-24 16:01 ET,amc,8k
INTU,2022-08-23,2022-08-23,2022-08-23 16:06 ET,amc,8k
INTU,2022-11-29,2022-11-29,2022-11-29 16:01 ET,amc,8k
INTU,2023-02-23,2023-02-23,2023-02-23 16:04 ET,amc,8k
INTU,2023-05-23,2023-05-23,2023-05-23 16:01 ET,amc,8k
INTU,2023-08-24,2023-08-24,2023-08-24 16:02 ET,amc,8k
INTU,2023-11-28,2023-11-28,2023-11-28 16:05 ET,amc,8k
INTU,2024-02-22,2024-02-22,2024-02-22 16:03 ET,amc,8k
INTU,2024-05-23,2024-05-23,2024-05-23 16:01 ET,amc,8k
INTU,2024-08-22,2024-08-22,2024-08-22 16:01 ET,amc,8k
INTU,2024-11-21,2024-11-21,2024-11-21 16:07 ET,amc,8k
INTU,2025-02-25,2025-02-25,2025-02-25 16:01 ET,amc,8k
INTU,2025-05-22,2025-05-22,2025-05-22 16:02 ET,amc,8k
INTU,2025-08-21,2025-08-21,2025-08-21 16:02 ET,amc,8k
INTU,2025-11-20,2025-11-20,2025-11-20 16:01 ET,amc,8k
INTU,2026-02-26,2026-02-26,2026-02-26 16:02 ET,amc,8k
INTU,2026-05-20,2026-05-20,2026-05-20 16:05 ET,amc,8k
ISRG,2018-01-25,2018-01-25,2018-01-25 16:08 ET,amc,8k
ISRG,2018-04-17,2018-04-17,2018-04-17 16:17 ET,amc,8k
ISRG,2018-07-19,2018-07-19,2018-07-19 16:07 ET,amc,8k
ISRG,2018-10-18,2018-10-18,2018-10-18 16:07 ET,amc,8k
ISRG,2019-01-24,2019-01-24,2019-01-24 16:09 ET,amc,8k
ISRG,2019-04-18,2019-04-18,2019-04-18 16:12 ET,amc,8k
ISRG,2019-07-18,2019-07-18,2019-07-18 16:08 ET,amc,8k
ISRG,2019-10-17,2019-10-17,2019-10-17 16:14 ET,amc,8k
ISRG,2020-01-23,2020-01-23,2020-01-23 16:07 ET,amc,8k
ISRG,2020-04-16,2020-04-16,2020-04-16 16:07 ET,amc,8k
ISRG,2020-07-21,2020-07-21,2020-07-21 16:08 ET,amc,8k
ISRG,2020-10-15,2020-10-15,2020-10-15 16:00 ET,amc,8k
ISRG,2021-01-21,2021-01-21,2021-01-21 16:01 ET,amc,8k
ISRG,2021-04-20,2021-04-20,2021-04-20 16:01 ET,amc,8k
ISRG,2021-07-20,2021-07-20,2021-07-20 16:01 ET,amc,8k
ISRG,2021-10-19,2021-10-19,2021-10-19 14:51 ET,intraday,8k
ISRG,2022-01-20,2022-01-20,2022-01-20 16:05 ET,amc,8k
ISRG,2022-04-21,2022-04-21,2022-04-21 16:08 ET,amc,8k
ISRG,2022-07-21,2022-07-21,2022-07-21 16:05 ET,amc,8k
ISRG,2022-10-18,2022-10-18,2022-10-18 16:06 ET,amc,8k
ISRG,2023-01-24,2023-01-24,2023-01-24 16:01 ET,amc,8k
ISRG,2023-04-18,2023-04-18,2023-04-18 16:01 ET,amc,8k
ISRG,2023-07-20,2023-07-20,2023-07-20 16:00 ET,amc,8k
ISRG,2023-10-19,2023-10-19,2023-10-19 16:04 ET,amc,8k
ISRG,2024-01-23,2024-01-23,2024-01-23 16:02 ET,amc,8k
ISRG,2024-04-18,2024-04-18,2024-04-18 16:04 ET,amc,8k
ISRG,2024-07-18,2024-07-18,2024-07-18 16:03 ET,amc,8k
ISRG,2024-10-17,2024-10-17,2024-10-17 16:02 ET,amc,8k
ISRG,2025-01-23,2025-01-23,2025-01-23 16:03 ET,amc,8k
ISRG,2025-04-22,2025-04-22,2025-04-22 16:03 ET,amc,8k
ISRG,2025-07-22,2025-07-22,2025-07-22 16:03 ET,amc,8k
ISRG,2025-10-21,2025-10-21,2025-10-21 16:03 ET,amc,8k
ISRG,2026-01-22,2026-01-22,2026-01-22 16:05 ET,amc,8k
ISRG,2026-04-21,2026-04-21,2026-04-21 16:09 ET,amc,8k
ISRG,2026-07-16,2026-07-16,2026-07-16 16:05 ET,amc,8k
KDP,2018-08-08,2018-08-08,2018-08-08 04:34 ET,bmo,8k
KDP,2018-11-07,2018-11-07,2018-11-07 11:36 ET,intraday,8k
KDP,2019-02-28,2019-02-28,2019-02-28 03:20 ET,bmo,8k
KDP,2019-05-09,2019-05-09,2019-05-09 04:03 ET,bmo,8k
KDP,2019-08-08,2019-08-08,2019-08-08 03:33 ET,bmo,8k
KDP,2019-11-07,2019-11-07,2019-11-07 02:38 ET,bmo,8k
KDP,2020-02-27,2020-02-27,2020-02-27 02:03 ET,bmo,8k
KDP,2020-04-27,2020-04-27,2020-04-27 12:16 ET,intraday,8k
KDP,2020-07-30,2020-07-30,2020-07-30 03:12 ET,bmo,8k
KDP,2020-10-29,2020-10-29,2020-10-29 02:48 ET,bmo,8k
KDP,2021-02-25,2021-02-25,2021-02-25 01:32 ET,bmo,8k
KDP,2021-04-29,2021-04-29,2021-04-29 02:34 ET,bmo,8k
KDP,2021-07-29,2021-07-29,2021-07-29 03:01 ET,bmo,8k
KDP,2021-10-28,2021-10-28,2021-10-28 03:02 ET,bmo,8k
KDP,2022-02-24,2022-02-24,2022-02-24 01:31 ET,bmo,8k
KDP,2022-04-28,2022-04-28,2022-04-28 03:00 ET,bmo,8k
KDP,2022-07-28,2022-07-28,2022-07-28 02:32 ET,bmo,8k
KDP,2022-10-27,2022-10-27,2022-10-27 02:32 ET,bmo,8k
KDP,2023-02-23,2023-02-23,2023-02-23 01:33 ET,bmo,8k
KDP,2023-04-27,2023-04-27,2023-04-27 03:00 ET,bmo,8k
KDP,2023-07-27,2023-07-27,2023-07-27 03:02 ET,bmo,8k
KDP,2023-10-26,2023-10-26,2023-10-26 03:01 ET,bmo,8k
KDP,2024-02-22,2024-02-22,2024-02-22 02:03 ET,bmo,8k
KDP,2024-04-25,2024-04-25,2024-04-25 03:01 ET,bmo,8k
KDP,2024-07-25,2024-07-25,2024-07-25 03:04 ET,bmo,8k
KDP,2024-10-24,2024-10-24,2024-10-24 03:03 ET,bmo,8k
KDP,2025-02-25,2025-02-25,2025-02-25 02:02 ET,bmo,8k
KDP,2025-04-24,2025-04-24,2025-04-24 02:31 ET,bmo,8k
KDP,2025-07-24,2025-07-24,2025-07-24 03:01 ET,bmo,8k
KDP,2025-10-27,2025-10-27,2025-10-27 02:20 ET,bmo,8k
KDP,2026-02-24,2026-02-24,2026-02-24 02:01 ET,bmo,8k
KDP,2026-04-23,2026-04-23,2026-04-23 03:01 ET,bmo,8k
KHC,2018-02-16,2018-02-16,2018-02-16 07:07 ET,bmo,8k
KHC,2018-05-02,2018-05-02,2018-05-02 16:08 ET,amc,8k
KHC,2018-08-03,2018-08-03,2018-08-03 07:37 ET,bmo,8k
KHC,2018-11-01,2018-11-01,2018-11-01 16:13 ET,amc,8k
KHC,2019-06-07,2019-06-07,2019-06-07 17:10 ET,amc,8k
KHC,2019-08-08,2019-08-08,2019-08-08 07:54 ET,bmo,8k
KHC,2019-10-31,2019-10-31,2019-10-31 07:37 ET,bmo,8k
KHC,2020-02-13,2020-02-13,2020-02-13 07:03 ET,bmo,8k
KHC,2020-04-30,2020-04-30,2020-04-30 07:07 ET,bmo,8k
KHC,2020-07-30,2020-07-30,2020-07-30 07:09 ET,bmo,8k
KHC,2020-10-29,2020-10-29,2020-10-29 07:11 ET,bmo,8k
KHC,2021-02-11,2021-02-11,2021-02-11 07:08 ET,bmo,8k
KHC,2021-04-29,2021-04-29,2021-04-29 07:07 ET,bmo,8k
KHC,2021-08-04,2021-08-04,2021-08-04 07:01 ET,bmo,8k
KHC,2021-10-27,2021-10-27,2021-10-27 07:01 ET,bmo,8k
KHC,2022-02-16,2022-02-16,2022-02-16 07:02 ET,bmo,8k
KHC,2022-04-27,2022-04-27,2022-04-27 07:01 ET,bmo,8k
KHC,2022-07-27,2022-07-27,2022-07-27 07:09 ET,bmo,8k
KHC,2022-10-26,2022-10-26,2022-10-26 07:01 ET,bmo,8k
KHC,2023-02-15,2023-02-15,2023-02-15 07:01 ET,bmo,8k
KHC,2023-05-03,2023-05-03,2023-05-03 07:01 ET,bmo,8k
KHC,2023-08-02,2023-08-02,2023-08-02 07:05 ET,bmo,8k
KHC,2023-11-01,2023-11-01,2023-11-01 07:02 ET,bmo,8k
KHC,2024-02-14,2024-02-14,2024-02-14 07:01 ET,bmo,8k
KHC,2024-05-01,2024-05-01,2024-05-01 07:05 ET,bmo,8k
KHC,2024-07-31,2024-07-31,2024-07-31 07:03 ET,bmo,8k
KHC,2024-10-30,2024-10-30,2024-10-30 07:06 ET,bmo,8k
KHC,2025-02-12,2025-02-12,2025-02-12 07:01 ET,bmo,8k
KHC,2025-04-29,2025-04-29,2025-04-29 07:02 ET,bmo,8k
KHC,2025-07-30,2025-07-30,2025-07-30 07:02 ET,bmo,8k
KHC,2025-10-29,2025-10-29,2025-10-29 07:01 ET,bmo,8k
KHC,2026-02-11,2026-02-11,2026-02-11 07:06 ET,bmo,8k
KHC,2026-05-06,2026-05-06,2026-05-06 07:01 ET,bmo,8k
KLAC,2018-01-25,2018-01-25,2018-01-25 16:33 ET,amc,8k
KLAC,2018-04-26,2018-04-26,2018-04-26 16:32 ET,amc,8k
KLAC,2018-07-30,2018-07-30,2018-07-30 16:30 ET,amc,8k
KLAC,2018-10-29,2018-10-29,2018-10-29 16:34 ET,amc,8k
KLAC,2019-01-29,2019-01-29,2019-01-29 16:27 ET,amc,8k
KLAC,2019-05-06,2019-05-06,2019-05-06 16:24 ET,amc,8k
KLAC,2019-08-05,2019-08-05,2019-08-05 16:22 ET,amc,8k
KLAC,2019-10-30,2019-10-30,2019-10-30 16:16 ET,amc,8k
KLAC,2020-02-04,2020-02-04,2020-02-04 16:11 ET,amc,8k
KLAC,2020-05-05,2020-05-05,2020-05-05 16:22 ET,amc,8k
KLAC,2020-08-03,2020-08-03,2020-08-03 16:16 ET,amc,8k
KLAC,2020-10-28,2020-10-28,2020-10-28 16:39 ET,amc,8k
KLAC,2021-02-03,2021-02-03,2021-02-03 16:42 ET,amc,8k
KLAC,2021-04-29,2021-04-29,2021-04-29 16:40 ET,amc,8k
KLAC,2021-07-29,2021-07-29,2021-07-29 16:38 ET,amc,8k
KLAC,2021-10-27,2021-10-27,2021-10-27 16:39 ET,amc,8k
KLAC,2022-01-27,2022-01-27,2022-01-27 16:25 ET,amc,8k
KLAC,2022-04-28,2022-04-28,2022-04-28 16:26 ET,amc,8k
KLAC,2022-07-28,2022-07-28,2022-07-28 16:12 ET,amc,8k
KLAC,2022-10-26,2022-10-26,2022-10-26 16:47 ET,amc,8k
KLAC,2023-01-26,2023-01-26,2023-01-26 16:24 ET,amc,8k
KLAC,2023-04-26,2023-04-26,2023-04-26 16:41 ET,amc,8k
KLAC,2023-07-27,2023-07-27,2023-07-27 16:08 ET,amc,8k
KLAC,2023-10-25,2023-10-25,2023-10-25 16:06 ET,amc,8k
KLAC,2024-01-25,2024-01-25,2024-01-25 16:07 ET,amc,8k
KLAC,2024-04-25,2024-04-25,2024-04-25 16:14 ET,amc,8k
KLAC,2024-07-24,2024-07-24,2024-07-24 16:13 ET,amc,8k
KLAC,2024-10-30,2024-10-30,2024-10-30 16:07 ET,amc,8k
KLAC,2025-01-30,2025-01-30,2025-01-30 16:06 ET,amc,8k
KLAC,2025-04-30,2025-04-30,2025-04-30 16:08 ET,amc,8k
KLAC,2025-07-31,2025-07-31,2025-07-31 16:08 ET,amc,8k
KLAC,2025-10-29,2025-10-29,2025-10-29 16:11 ET,amc,8k
KLAC,2026-01-29,2026-01-29,2026-01-29 16:06 ET,amc,8k
KLAC,2026-04-29,2026-04-29,2026-04-29 16:06 ET,amc,8k
LIN,2019-05-10,2019-05-10,2019-05-10 15:55 ET,intraday,8k
LIN,2019-08-05,2019-08-05,2019-08-05 15:28 ET,intraday,8k
LIN,2019-11-12,2019-11-12,2019-11-12 16:01 ET,amc,8k
LIN,2020-02-13,2020-02-13,2020-02-13 06:09 ET,bmo,8k
LIN,2020-05-07,2020-05-07,2020-05-07 06:28 ET,bmo,8k
LIN,2020-07-30,2020-07-30,2020-07-30 09:03 ET,bmo,8k
LIN,2020-11-05,2020-11-05,2020-11-05 07:22 ET,bmo,8k
LIN,2021-02-05,2021-02-05,2021-02-05 06:41 ET,bmo,8k
LIN,2021-05-06,2021-05-06,2021-05-06 06:59 ET,bmo,8k
LIN,2021-07-30,2021-07-30,2021-07-30 07:30 ET,bmo,8k
LIN,2021-10-28,2021-10-28,2021-10-28 06:48 ET,bmo,8k
LIN,2022-02-10,2022-02-10,2022-02-10 08:07 ET,bmo,8k
LIN,2022-04-28,2022-04-28,2022-04-28 07:18 ET,bmo,8k
LIN,2022-07-28,2022-07-28,2022-07-28 06:34 ET,bmo,8k
LIN,2022-10-27,2022-10-27,2022-10-27 06:57 ET,bmo,8k
LIN,2023-02-07,2023-02-07,2023-02-07 08:27 ET,bmo,8k
LIN,2023-04-27,2023-04-27,2023-04-27 06:44 ET,bmo,8k
LIN,2023-07-27,2023-07-27,2023-07-27 06:18 ET,bmo,8k
LIN,2023-10-26,2023-10-26,2023-10-26 06:31 ET,bmo,8k
LIN,2024-02-06,2024-02-06,2024-02-06 06:11 ET,bmo,8k
LIN,2024-05-02,2024-05-02,2024-05-02 06:37 ET,bmo,8k
LIN,2024-08-02,2024-08-02,2024-08-02 06:07 ET,bmo,8k
LIN,2024-10-31,2024-10-31,2024-10-31 06:06 ET,bmo,8k
LIN,2025-02-06,2025-02-06,2025-02-06 06:44 ET,bmo,8k
LIN,2025-05-01,2025-05-01,2025-05-01 07:11 ET,bmo,8k
LIN,2025-08-01,2025-08-01,2025-08-01 06:04 ET,bmo,8k
LIN,2025-10-31,2025-10-31,2025-10-31 06:45 ET,bmo,8k
LIN,2026-02-05,2026-02-05,2026-02-05 07:47 ET,bmo,8k
LIN,2026-05-01,2026-05-01,2026-05-01 06:47 ET,bmo,8k
LIN,2026-07-31,2026-07-31,2026-07-31 07:24 ET,bmo,8k
LITE,2018-02-06,2018-02-06,2018-02-06 08:12 ET,bmo,8k
LITE,2018-05-02,2018-05-02,2018-05-02 08:17 ET,bmo,8k
LITE,2018-08-08,2018-08-08,2018-08-08 08:21 ET,bmo,8k
LITE,2018-11-01,2018-11-01,2018-11-01 08:18 ET,bmo,8k
LITE,2019-02-05,2019-02-05,2019-02-05 07:57 ET,bmo,8k
LITE,2019-05-07,2019-05-07,2019-05-07 08:32 ET,bmo,8k
LITE,2019-08-08,2019-08-08,2019-08-08 08:17 ET,bmo,8k
LITE,2019-10-31,2019-10-31,2019-10-31 08:11 ET,bmo,8k
LITE,2020-02-04,2020-02-04,2020-02-04 08:45 ET,bmo,8k
LITE,2020-05-05,2020-05-05,2020-05-05 07:58 ET,bmo,8k
LITE,2020-08-11,2020-08-11,2020-08-11 07:58 ET,bmo,8k
LITE,2020-11-02,2020-11-02,2020-11-02 07:47 ET,bmo,8k
LITE,2021-02-02,2021-02-02,2021-02-02 07:42 ET,bmo,8k
LITE,2021-05-12,2021-05-12,2021-05-12 08:00 ET,bmo,8k
LITE,2021-08-18,2021-08-18,2021-08-18 07:45 ET,bmo,8k
LITE,2021-11-04,2021-11-04,2021-11-04 08:01 ET,bmo,8k
LITE,2022-02-03,2022-02-03,2022-02-03 08:00 ET,bmo,8k
LITE,2022-05-04,2022-05-04,2022-05-04 07:47 ET,bmo,8k
LITE,2022-08-16,2022-08-16,2022-08-16 07:47 ET,bmo,8k
LITE,2022-11-08,2022-11-08,2022-11-08 07:35 ET,bmo,8k
LITE,2023-02-09,2023-02-09,2023-02-09 07:46 ET,bmo,8k
LITE,2023-05-09,2023-05-09,2023-05-09 07:52 ET,bmo,8k
LITE,2023-08-17,2023-08-17,2023-08-17 07:44 ET,bmo,8k
LITE,2023-11-08,2023-11-08,2023-11-08 08:01 ET,bmo,8k
LITE,2024-02-08,2024-02-08,2024-02-08 08:03 ET,bmo,8k
LITE,2024-05-06,2024-05-06,2024-05-06 16:18 ET,amc,8k
LITE,2024-08-14,2024-08-14,2024-08-14 16:07 ET,amc,8k
LITE,2024-11-07,2024-11-07,2024-11-07 16:20 ET,amc,8k
LITE,2025-02-06,2025-02-06,2025-02-06 16:22 ET,amc,8k
LITE,2025-05-06,2025-05-06,2025-05-06 16:26 ET,amc,8k
LITE,2025-08-12,2025-08-12,2025-08-12 16:17 ET,amc,8k
LITE,2025-11-04,2025-11-04,2025-11-04 16:16 ET,amc,8k
LITE,2026-02-03,2026-02-03,2026-02-03 16:12 ET,amc,8k
LITE,2026-05-05,2026-05-05,2026-05-05 16:11 ET,amc,8k
LRCX,2018-01-24,2018-01-24,2018-01-24 11:07 ET,intraday,8k
LRCX,2018-04-17,2018-04-17,2018-04-17 12:05 ET,intraday,8k
LRCX,2018-07-26,2018-07-26,2018-07-26 12:14 ET,intraday,8k
LRCX,2018-10-16,2018-10-16,2018-10-16 12:07 ET,intraday,8k
LRCX,2019-01-23,2019-01-23,2019-01-23 11:07 ET,intraday,8k
LRCX,2019-04-24,2019-04-24,2019-04-24 12:11 ET,intraday,8k
LRCX,2019-07-31,2019-07-31,2019-07-31 12:12 ET,intraday,8k
LRCX,2019-10-23,2019-10-23,2019-10-23 12:08 ET,intraday,8k
LRCX,2020-01-29,2020-01-29,2020-01-29 11:07 ET,intraday,8k
LRCX,2020-04-22,2020-04-22,2020-04-22 12:08 ET,intraday,8k
LRCX,2020-07-29,2020-07-29,2020-07-29 12:18 ET,intraday,8k
LRCX,2020-10-21,2020-10-21,2020-10-21 12:08 ET,intraday,8k
LRCX,2021-01-27,2021-01-27,2021-01-27 11:09 ET,intraday,8k
LRCX,2021-04-21,2021-04-21,2021-04-21 12:09 ET,intraday,8k
LRCX,2021-07-28,2021-07-28,2021-07-28 12:08 ET,intraday,8k
LRCX,2021-10-20,2021-10-20,2021-10-20 12:08 ET,intraday,8k
LRCX,2022-01-26,2022-01-26,2022-01-26 11:08 ET,intraday,8k
LRCX,2022-04-20,2022-04-20,2022-04-20 12:08 ET,intraday,8k
LRCX,2022-07-27,2022-07-27,2022-07-27 12:11 ET,intraday,8k
LRCX,2022-10-19,2022-10-19,2022-10-19 12:11 ET,intraday,8k
LRCX,2023-01-25,2023-01-25,2023-01-25 11:13 ET,intraday,8k
LRCX,2023-04-19,2023-04-19,2023-04-19 12:14 ET,intraday,8k
LRCX,2023-07-26,2023-07-26,2023-07-26 12:08 ET,intraday,8k
LRCX,2023-10-18,2023-10-18,2023-10-18 12:09 ET,intraday,8k
LRCX,2024-01-24,2024-01-24,2024-01-24 11:09 ET,intraday,8k
LRCX,2024-04-24,2024-04-24,2024-04-24 12:12 ET,intraday,8k
LRCX,2024-07-31,2024-07-31,2024-07-31 12:09 ET,intraday,8k
LRCX,2024-10-23,2024-10-23,2024-10-23 12:07 ET,intraday,8k
LRCX,2025-01-29,2025-01-29,2025-01-29 11:07 ET,intraday,8k
LRCX,2025-04-23,2025-04-23,2025-04-23 12:07 ET,intraday,8k
LRCX,2025-07-30,2025-07-30,2025-07-30 12:07 ET,intraday,8k
LRCX,2025-10-22,2025-10-22,2025-10-22 12:08 ET,intraday,8k
LRCX,2026-01-28,2026-01-28,2026-01-28 11:06 ET,intraday,8k
LRCX,2026-04-22,2026-04-22,2026-04-22 12:09 ET,intraday,8k
MAR,2018-02-14,2018-02-14,2018-02-14 17:32 ET,amc,8k
MAR,2018-05-08,2018-05-08,2018-05-08 17:26 ET,amc,8k
MAR,2018-08-06,2018-08-06,2018-08-06 17:11 ET,amc,8k
MAR,2018-11-05,2018-11-05,2018-11-05 17:23 ET,amc,8k
MAR,2019-02-28,2019-02-28,2019-02-28 16:55 ET,amc,8k
MAR,2019-05-10,2019-05-10,2019-05-10 06:04 ET,bmo,8k
MAR,2019-08-05,2019-08-05,2019-08-05 17:15 ET,amc,8k
MAR,2019-11-04,2019-11-04,2019-11-04 17:25 ET,amc,8k
MAR,2020-02-26,2020-02-26,2020-02-26 17:14 ET,amc,8k
MAR,2020-05-11,2020-05-11,2020-05-11 08:22 ET,bmo,8k
MAR,2020-08-10,2020-08-10,2020-08-10 08:07 ET,bmo,8k
MAR,2020-11-06,2020-11-06,2020-11-06 08:12 ET,bmo,8k
MAR,2021-02-18,2021-02-18,2021-02-18 08:10 ET,bmo,8k
MAR,2021-05-10,2021-05-10,2021-05-10 08:17 ET,bmo,8k
MAR,2021-08-03,2021-08-03,2021-08-03 08:12 ET,bmo,8k
MAR,2021-11-03,2021-11-03,2021-11-03 07:47 ET,bmo,8k
MAR,2022-02-15,2022-02-15,2022-02-15 07:37 ET,bmo,8k
MAR,2022-05-04,2022-05-04,2022-05-04 07:42 ET,bmo,8k
MAR,2022-08-02,2022-08-02,2022-08-02 07:38 ET,bmo,8k
MAR,2022-11-03,2022-11-03,2022-11-03 06:52 ET,bmo,8k
MAR,2023-02-14,2023-02-14,2023-02-14 07:28 ET,bmo,8k
MAR,2023-05-02,2023-05-02,2023-05-02 07:19 ET,bmo,8k
MAR,2023-08-01,2023-08-01,2023-08-01 07:23 ET,bmo,8k
MAR,2023-11-02,2023-11-02,2023-11-02 06:59 ET,bmo,8k
MAR,2024-02-13,2024-02-13,2024-02-13 07:24 ET,bmo,8k
MAR,2024-05-01,2024-05-01,2024-05-01 07:10 ET,bmo,8k
MAR,2024-07-31,2024-07-31,2024-07-31 07:13 ET,bmo,8k
MAR,2024-11-04,2024-11-04,2024-11-04 07:21 ET,bmo,8k
MAR,2025-02-11,2025-02-11,2025-02-11 07:30 ET,bmo,8k
MAR,2025-05-06,2025-05-06,2025-05-06 07:01 ET,bmo,8k
MAR,2025-08-05,2025-08-05,2025-08-05 07:00 ET,bmo,8k
MAR,2025-11-04,2025-11-04,2025-11-04 07:00 ET,bmo,8k
MAR,2026-02-10,2026-02-10,2026-02-10 07:00 ET,bmo,8k
MAR,2026-05-06,2026-05-06,2026-05-06 07:00 ET,bmo,8k
MCHP,2018-02-06,2018-02-06,2018-02-06 16:16 ET,amc,8k
MCHP,2018-05-08,2018-05-08,2018-05-08 08:02 ET,bmo,8k
MCHP,2018-08-09,2018-08-09,2018-08-09 16:18 ET,amc,8k
MCHP,2018-11-07,2018-11-07,2018-11-07 16:17 ET,amc,8k
MCHP,2019-02-05,2019-02-05,2019-02-05 16:13 ET,amc,8k
MCHP,2019-05-07,2019-05-08,2019-05-07 20:55 ET,amc,8k
MCHP,2019-08-06,2019-08-06,2019-08-06 16:14 ET,amc,8k
MCHP,2019-11-05,2019-11-05,2019-11-05 16:13 ET,amc,8k
MCHP,2020-02-04,2020-02-04,2020-02-04 16:14 ET,amc,8k
MCHP,2020-05-07,2020-05-07,2020-05-07 16:13 ET,amc,8k
MCHP,2020-08-04,2020-08-04,2020-08-04 16:25 ET,amc,8k
MCHP,2020-11-05,2020-11-05,2020-11-05 16:29 ET,amc,8k
MCHP,2021-02-04,2021-02-04,2021-02-04 15:56 ET,intraday,8k
MCHP,2021-05-06,2021-05-06,2021-05-06 16:18 ET,amc,8k
MCHP,2021-08-03,2021-08-03,2021-08-03 16:17 ET,amc,8k
MCHP,2021-11-04,2021-11-04,2021-11-04 16:19 ET,amc,8k
MCHP,2022-02-03,2022-02-03,2022-02-03 16:17 ET,amc,8k
MCHP,2022-05-09,2022-05-09,2022-05-09 16:18 ET,amc,8k
MCHP,2022-08-02,2022-08-02,2022-08-02 16:17 ET,amc,8k
MCHP,2022-11-03,2022-11-03,2022-11-03 16:18 ET,amc,8k
MCHP,2023-02-02,2023-02-02,2023-02-02 16:17 ET,amc,8k
MCHP,2023-05-04,2023-05-04,2023-05-04 16:18 ET,amc,8k
MCHP,2023-08-03,2023-08-03,2023-08-03 16:17 ET,amc,8k
MCHP,2023-11-02,2023-11-02,2023-11-02 16:17 ET,amc,8k
MCHP,2024-02-01,2024-02-01,2024-02-01 16:12 ET,amc,8k
MCHP,2024-05-06,2024-05-06,2024-05-06 16:17 ET,amc,8k
MCHP,2024-08-01,2024-08-01,2024-08-01 16:12 ET,amc,8k
MCHP,2024-11-05,2024-11-05,2024-11-05 16:17 ET,amc,8k
MCHP,2025-02-06,2025-02-06,2025-02-06 16:16 ET,amc,8k
MCHP,2025-05-08,2025-05-08,2025-05-08 16:17 ET,amc,8k
MCHP,2025-08-07,2025-08-07,2025-08-07 16:20 ET,amc,8k
MCHP,2025-11-06,2025-11-06,2025-11-06 16:21 ET,amc,8k
MCHP,2026-02-05,2026-02-05,2026-02-05 16:16 ET,amc,8k
MCHP,2026-05-07,2026-05-07,2026-05-07 16:19 ET,amc,8k
MDLZ,2018-01-31,2018-01-31,2018-01-31 16:12 ET,amc,8k
MDLZ,2018-05-01,2018-05-01,2018-05-01 16:12 ET,amc,8k
MDLZ,2018-07-25,2018-07-25,2018-07-25 16:10 ET,amc,8k
MDLZ,2018-10-29,2018-10-29,2018-10-29 16:12 ET,amc,8k
MDLZ,2019-01-30,2019-01-30,2019-01-30 16:16 ET,amc,8k
MDLZ,2019-04-30,2019-04-30,2019-04-30 16:11 ET,amc,8k
MDLZ,2019-07-30,2019-07-30,2019-07-30 16:11 ET,amc,8k
MDLZ,2019-10-29,2019-10-29,2019-10-29 19:11 ET,amc,8k
MDLZ,2020-01-29,2020-01-29,2020-01-29 16:13 ET,amc,8k
MDLZ,2020-04-28,2020-04-28,2020-04-28 16:16 ET,amc,8k
MDLZ,2020-07-28,2020-07-28,2020-07-28 16:21 ET,amc,8k
MDLZ,2020-11-02,2020-11-02,2020-11-02 16:12 ET,amc,8k
MDLZ,2021-01-28,2021-01-28,2021-01-28 16:11 ET,amc,8k
MDLZ,2021-04-27,2021-04-27,2021-04-27 16:10 ET,amc,8k
MDLZ,2021-07-27,2021-07-27,2021-07-27 16:43 ET,amc,8k
MDLZ,2021-11-02,2021-11-02,2021-11-02 16:12 ET,amc,8k
MDLZ,2022-01-27,2022-01-27,2022-01-27 16:15 ET,amc,8k
MDLZ,2022-04-26,2022-04-26,2022-04-26 16:12 ET,amc,8k
MDLZ,2022-07-26,2022-07-26,2022-07-26 16:10 ET,amc,8k
MDLZ,2022-11-01,2022-11-01,2022-11-01 16:12 ET,amc,8k
MDLZ,2023-01-31,2023-01-31,2023-01-31 16:34 ET,amc,8k
MDLZ,2023-04-27,2023-04-27,2023-04-27 16:09 ET,amc,8k
MDLZ,2023-07-27,2023-07-27,2023-07-27 16:08 ET,amc,8k
MDLZ,2023-11-01,2023-11-01,2023-11-01 16:08 ET,amc,8k
MDLZ,2024-01-30,2024-01-30,2024-01-30 16:10 ET,amc,8k
MDLZ,2024-04-30,2024-04-30,2024-04-30 16:07 ET,amc,8k
MDLZ,2024-07-30,2024-07-30,2024-07-30 16:07 ET,amc,8k
MDLZ,2024-10-29,2024-10-29,2024-10-29 16:07 ET,amc,8k
MDLZ,2025-02-04,2025-02-04,2025-02-04 16:12 ET,amc,8k
MDLZ,2025-04-29,2025-04-29,2025-04-29 16:09 ET,amc,8k
MDLZ,2025-07-29,2025-07-29,2025-07-29 16:10 ET,amc,8k
MDLZ,2025-10-28,2025-10-28,2025-10-28 16:09 ET,amc,8k
MDLZ,2026-02-03,2026-02-03,2026-02-03 16:17 ET,amc,8k
MDLZ,2026-04-28,2026-04-28,2026-04-28 16:07 ET,amc,8k
MDLZ,2026-07-28,2026-07-28,2026-07-28 16:09 ET,amc,8k
MELI,2018-02-22,2018-02-22,2018-02-22 17:01 ET,amc,8k
MELI,2018-05-09,2018-05-09,2018-05-09 17:01 ET,amc,8k
MELI,2018-08-08,2018-08-08,2018-08-08 16:00 ET,amc,8k
MELI,2018-11-02,2018-11-02,2018-11-02 17:01 ET,amc,8k
MELI,2019-02-26,2019-02-26,2019-02-26 16:01 ET,amc,8k
MELI,2019-05-02,2019-05-02,2019-05-02 16:00 ET,amc,8k
MELI,2019-08-07,2019-08-07,2019-08-07 16:00 ET,amc,8k
MELI,2019-10-31,2019-10-31,2019-10-31 16:02 ET,amc,8k
MELI,2020-02-10,2020-02-10,2020-02-10 16:01 ET,amc,8k
MELI,2020-05-05,2020-05-05,2020-05-05 16:00 ET,amc,8k
MELI,2020-08-10,2020-08-10,2020-08-10 08:25 ET,bmo,8k
MELI,2020-11-04,2020-11-04,2020-11-04 16:00 ET,amc,8k
MELI,2021-03-01,2021-03-01,2021-03-01 16:00 ET,amc,8k
MELI,2021-05-05,2021-05-05,2021-05-05 16:05 ET,amc,8k
MELI,2021-08-04,2021-08-04,2021-08-04 16:00 ET,amc,8k
MELI,2021-11-04,2021-11-04,2021-11-04 16:01 ET,amc,8k
MELI,2022-02-22,2022-02-22,2022-02-22 16:00 ET,amc,8k
MELI,2022-05-05,2022-05-05,2022-05-05 16:00 ET,amc,8k
MELI,2022-08-03,2022-08-03,2022-08-03 17:28 ET,amc,8k
MELI,2022-11-03,2022-11-03,2022-11-03 16:00 ET,amc,8k
MELI,2023-02-23,2023-02-23,2023-02-23 16:00 ET,amc,8k
MELI,2023-05-03,2023-05-03,2023-05-03 16:01 ET,amc,8k
MELI,2023-08-02,2023-08-02,2023-08-02 16:01 ET,amc,8k
MELI,2023-11-01,2023-11-01,2023-11-01 16:01 ET,amc,8k
MELI,2024-02-22,2024-02-22,2024-02-22 16:02 ET,amc,8k
MELI,2024-05-02,2024-05-02,2024-05-02 16:01 ET,amc,8k
MELI,2024-08-01,2024-08-01,2024-08-01 16:00 ET,amc,8k
MELI,2024-11-06,2024-11-06,2024-11-06 16:01 ET,amc,8k
MELI,2025-02-20,2025-02-20,2025-02-20 16:00 ET,amc,8k
MELI,2025-05-07,2025-05-07,2025-05-07 16:01 ET,amc,8k
MELI,2025-08-04,2025-08-04,2025-08-04 16:01 ET,amc,8k
MELI,2025-10-29,2025-10-29,2025-10-29 16:00 ET,amc,8k
MELI,2026-02-24,2026-02-24,2026-02-24 16:00 ET,amc,8k
MELI,2026-05-07,2026-05-07,2026-05-07 16:00 ET,amc,8k
META,2018-01-31,2018-01-31,2018-01-31 16:10 ET,amc,8k
META,2018-04-25,2018-04-25,2018-04-25 16:18 ET,amc,8k
META,2018-07-25,2018-07-25,2018-07-25 16:08 ET,amc,8k
META,2018-10-30,2018-10-30,2018-10-30 16:14 ET,amc,8k
META,2019-01-30,2019-01-30,2019-01-30 16:16 ET,amc,8k
META,2019-04-24,2019-04-24,2019-04-24 16:09 ET,amc,8k
META,2019-07-24,2019-07-24,2019-07-24 16:27 ET,amc,8k
META,2019-10-30,2019-10-30,2019-10-30 16:13 ET,amc,8k
META,2020-01-29,2020-01-29,2020-01-29 16:10 ET,amc,8k
META,2020-04-29,2020-04-29,2020-04-29 16:10 ET,amc,8k
META,2020-07-30,2020-07-30,2020-07-30 19:18 ET,amc,8k
META,2020-10-29,2020-10-29,2020-10-29 16:07 ET,amc,8k
META,2021-01-27,2021-01-27,2021-01-27 16:08 ET,amc,8k
META,2021-04-28,2021-04-28,2021-04-28 16:09 ET,amc,8k
META,2021-07-28,2021-07-28,2021-07-28 16:08 ET,amc,8k
META,2021-10-25,2021-10-25,2021-10-25 16:08 ET,amc,8k
META,2022-02-02,2022-02-02,2022-02-02 16:08 ET,amc,8k
META,2022-04-27,2022-04-27,2022-04-27 16:07 ET,amc,8k
META,2022-07-27,2022-07-27,2022-07-27 16:07 ET,amc,8k
META,2022-10-26,2022-10-26,2022-10-26 16:19 ET,amc,8k
META,2023-02-01,2023-02-01,2023-02-01 16:22 ET,amc,8k
META,2023-04-26,2023-04-26,2023-04-26 16:18 ET,amc,8k
META,2023-07-26,2023-07-26,2023-07-26 16:06 ET,amc,8k
META,2023-10-25,2023-10-25,2023-10-25 16:20 ET,amc,8k
META,2024-02-01,2024-02-01,2024-02-01 16:10 ET,amc,8k
META,2024-04-24,2024-04-24,2024-04-24 16:07 ET,amc,8k
META,2024-07-31,2024-07-31,2024-07-31 16:11 ET,amc,8k
META,2024-10-30,2024-10-30,2024-10-30 16:08 ET,amc,8k
META,2025-01-29,2025-01-29,2025-01-29 16:47 ET,amc,8k
META,2025-04-30,2025-04-30,2025-04-30 16:16 ET,amc,8k
META,2025-07-30,2025-07-30,2025-07-30 16:13 ET,amc,8k
META,2025-10-29,2025-10-29,2025-10-29 16:08 ET,amc,8k
META,2026-01-28,2026-01-28,2026-01-28 16:04 ET,amc,8k
META,2026-04-29,2026-04-29,2026-04-29 16:05 ET,amc,8k
META,2026-07-29,2026-07-29,2026-07-29 16:03 ET,amc,8k
MNST,2018-02-28,2018-02-28,2018-02-28 16:17 ET,amc,8k
MNST,2018-05-08,2018-05-08,2018-05-08 16:18 ET,amc,8k
MNST,2018-08-08,2018-08-08,2018-08-08 16:15 ET,amc,8k
MNST,2018-11-07,2018-11-07,2018-11-07 16:13 ET,amc,8k
MNST,2019-02-27,2019-02-27,2019-02-27 16:20 ET,amc,8k
MNST,2019-05-02,2019-05-02,2019-05-02 16:16 ET,amc,8k
MNST,2019-08-07,2019-08-07,2019-08-07 16:24 ET,amc,8k
MNST,2019-11-07,2019-11-07,2019-11-07 16:24 ET,amc,8k
MNST,2020-02-27,2020-02-27,2020-02-27 16:14 ET,amc,8k
MNST,2020-05-07,2020-05-07,2020-05-07 16:28 ET,amc,8k
MNST,2020-08-04,2020-08-04,2020-08-04 16:27 ET,amc,8k
MNST,2020-11-05,2020-11-05,2020-11-05 16:28 ET,amc,8k
MNST,2021-02-25,2021-02-25,2021-02-25 16:20 ET,amc,8k
MNST,2021-05-06,2021-05-06,2021-05-06 16:26 ET,amc,8k
MNST,2021-08-05,2021-08-05,2021-08-05 16:23 ET,amc,8k
MNST,2021-11-04,2021-11-04,2021-11-04 16:21 ET,amc,8k
MNST,2022-02-24,2022-02-24,2022-02-24 16:24 ET,amc,8k
MNST,2022-05-05,2022-05-05,2022-05-05 16:18 ET,amc,8k
MNST,2022-08-04,2022-08-04,2022-08-04 16:21 ET,amc,8k
MNST,2022-11-03,2022-11-03,2022-11-03 16:23 ET,amc,8k
MNST,2023-02-28,2023-02-28,2023-02-28 16:19 ET,amc,8k
MNST,2023-05-04,2023-05-04,2023-05-04 16:19 ET,amc,8k
MNST,2023-08-03,2023-08-03,2023-08-03 16:20 ET,amc,8k
MNST,2023-11-02,2023-11-02,2023-11-02 16:19 ET,amc,8k
MNST,2024-02-28,2024-02-28,2024-02-28 16:28 ET,amc,8k
MNST,2024-05-02,2024-05-02,2024-05-02 16:13 ET,amc,8k
MNST,2024-08-07,2024-08-07,2024-08-07 16:23 ET,amc,8k
MNST,2024-11-07,2024-11-07,2024-11-07 16:22 ET,amc,8k
MNST,2025-02-27,2025-02-27,2025-02-27 16:19 ET,amc,8k
MNST,2025-05-08,2025-05-08,2025-05-08 16:21 ET,amc,8k
MNST,2025-08-07,2025-08-07,2025-08-07 16:22 ET,amc,8k
MNST,2025-11-06,2025-11-06,2025-11-06 16:27 ET,amc,8k
MNST,2026-02-26,2026-02-26,2026-02-26 16:24 ET,amc,8k
MNST,2026-05-07,2026-05-07,2026-05-07 16:26 ET,amc,8k
MPWR,2018-02-08,2018-02-08,2018-02-08 16:16 ET,amc,8k
MPWR,2018-04-30,2018-04-30,2018-04-30 16:12 ET,amc,8k
MPWR,2018-07-25,2018-07-25,2018-07-25 16:15 ET,amc,8k
MPWR,2018-10-25,2018-10-25,2018-10-25 16:35 ET,amc,8k
MPWR,2019-02-12,2019-02-12,2019-02-12 16:21 ET,amc,8k
MPWR,2019-05-02,2019-05-02,2019-05-02 16:19 ET,amc,8k
MPWR,2019-07-31,2019-07-31,2019-07-31 16:14 ET,amc,8k
MPWR,2019-10-22,2019-10-22,2019-10-22 16:16 ET,amc,8k
MPWR,2020-02-05,2020-02-05,2020-02-05 16:26 ET,amc,8k
MPWR,2020-04-28,2020-04-28,2020-04-28 16:11 ET,amc,8k
MPWR,2020-07-28,2020-07-28,2020-07-28 16:28 ET,amc,8k
MPWR,2020-10-29,2020-10-29,2020-10-29 16:15 ET,amc,8k
MPWR,2021-02-04,2021-02-04,2021-02-04 16:18 ET,amc,8k
MPWR,2021-05-04,2021-05-04,2021-05-04 16:15 ET,amc,8k
MPWR,2021-07-27,2021-07-27,2021-07-27 16:34 ET,amc,8k
MPWR,2021-10-28,2021-10-28,2021-10-28 16:20 ET,amc,8k
MPWR,2022-02-10,2022-02-10,2022-02-10 16:08 ET,amc,8k
MPWR,2022-05-02,2022-05-02,2022-05-02 16:01 ET,amc,8k
MPWR,2022-08-01,2022-08-01,2022-08-01 16:01 ET,amc,8k
MPWR,2022-10-27,2022-10-27,2022-10-27 16:01 ET,amc,8k
MPWR,2023-02-08,2023-02-08,2023-02-08 16:01 ET,amc,8k
MPWR,2023-05-04,2023-05-04,2023-05-04 16:01 ET,amc,8k
MPWR,2023-07-31,2023-07-31,2023-07-31 16:01 ET,amc,8k
MPWR,2023-10-30,2023-10-30,2023-10-30 16:01 ET,amc,8k
MPWR,2024-02-07,2024-02-07,2024-02-07 16:01 ET,amc,8k
MPWR,2024-05-01,2024-05-01,2024-05-01 16:01 ET,amc,8k
MPWR,2024-08-01,2024-08-01,2024-08-01 16:01 ET,amc,8k
MPWR,2024-10-30,2024-10-30,2024-10-30 16:01 ET,amc,8k
MPWR,2025-02-06,2025-02-06,2025-02-06 16:01 ET,amc,8k
MPWR,2025-05-01,2025-05-01,2025-05-01 16:01 ET,amc,8k
MPWR,2025-07-31,2025-07-31,2025-07-31 16:01 ET,amc,8k
MPWR,2025-10-30,2025-10-30,2025-10-30 16:01 ET,amc,8k
MPWR,2026-02-05,2026-02-05,2026-02-05 16:01 ET,amc,8k
MPWR,2026-04-30,2026-04-30,2026-04-30 16:01 ET,amc,8k
MRVL,2021-06-07,2021-06-07,2021-06-07 16:07 ET,amc,8k
MRVL,2021-08-26,2021-08-26,2021-08-26 16:06 ET,amc,8k
MRVL,2021-12-02,2021-12-02,2021-12-02 16:09 ET,amc,8k
MRVL,2022-03-03,2022-03-03,2022-03-03 16:06 ET,amc,8k
MRVL,2022-05-26,2022-05-26,2022-05-26 16:06 ET,amc,8k
MRVL,2022-08-25,2022-08-25,2022-08-25 16:06 ET,amc,8k
MRVL,2022-12-01,2022-12-01,2022-12-01 16:06 ET,amc,8k
MRVL,2023-03-02,2023-03-02,2023-03-02 16:07 ET,amc,8k
MRVL,2023-05-25,2023-05-25,2023-05-25 16:06 ET,amc,8k
MRVL,2023-08-24,2023-08-24,2023-08-24 16:06 ET,amc,8k
MRVL,2023-11-30,2023-11-30,2023-11-30 16:06 ET,amc,8k
MRVL,2024-03-07,2024-03-07,2024-03-07 16:07 ET,amc,8k
MRVL,2024-05-30,2024-05-30,2024-05-30 16:06 ET,amc,8k
MRVL,2024-08-29,2024-08-29,2024-08-29 16:06 ET,amc,8k
MRVL,2024-12-03,2024-12-03,2024-12-03 16:06 ET,amc,8k
MRVL,2025-03-05,2025-03-05,2025-03-05 16:09 ET,amc,8k
MRVL,2025-05-29,2025-05-29,2025-05-29 16:06 ET,amc,8k
MRVL,2025-08-28,2025-08-28,2025-08-28 16:06 ET,amc,8k
MRVL,2025-12-02,2025-12-02,2025-12-02 16:11 ET,amc,8k
MRVL,2026-03-05,2026-03-05,2026-03-05 16:06 ET,amc,8k
MRVL,2026-05-27,2026-05-27,2026-05-27 16:06 ET,amc,8k
MSFT,2018-01-31,2018-01-31,2018-01-31 11:05 ET,intraday,8k
MSFT,2018-04-26,2018-04-26,2018-04-26 12:04 ET,intraday,8k
MSFT,2018-07-19,2018-07-19,2018-07-19 12:02 ET,intraday,8k
MSFT,2018-10-24,2018-10-24,2018-10-24 12:03 ET,intraday,8k
MSFT,2019-01-30,2019-01-30,2019-01-30 11:03 ET,intraday,8k
MSFT,2019-04-24,2019-04-24,2019-04-24 12:04 ET,intraday,8k
MSFT,2019-07-18,2019-07-18,2019-07-18 12:03 ET,intraday,8k
MSFT,2019-10-23,2019-10-23,2019-10-23 12:06 ET,intraday,8k
MSFT,2020-01-29,2020-01-29,2020-01-29 11:03 ET,intraday,8k
MSFT,2020-04-29,2020-04-29,2020-04-29 12:03 ET,intraday,8k
MSFT,2020-07-22,2020-07-22,2020-07-22 12:03 ET,intraday,8k
MSFT,2020-10-27,2020-10-27,2020-10-27 12:12 ET,intraday,8k
MSFT,2021-01-26,2021-01-26,2021-01-26 11:04 ET,intraday,8k
MSFT,2021-04-27,2021-04-27,2021-04-27 12:04 ET,intraday,8k
MSFT,2021-07-27,2021-07-27,2021-07-27 12:41 ET,intraday,8k
MSFT,2021-10-26,2021-10-26,2021-10-26 12:04 ET,intraday,8k
MSFT,2022-01-25,2022-01-25,2022-01-25 11:03 ET,intraday,8k
MSFT,2022-04-26,2022-04-26,2022-04-26 12:03 ET,intraday,8k
MSFT,2022-07-26,2022-07-26,2022-07-26 12:02 ET,intraday,8k
MSFT,2022-10-25,2022-10-25,2022-10-25 12:02 ET,intraday,8k
MSFT,2023-01-24,2023-01-24,2023-01-24 11:28 ET,intraday,8k
MSFT,2023-04-25,2023-04-25,2023-04-25 12:03 ET,intraday,8k
MSFT,2023-07-25,2023-07-25,2023-07-25 12:02 ET,intraday,8k
MSFT,2023-10-24,2023-10-24,2023-10-24 12:03 ET,intraday,8k
MSFT,2024-01-30,2024-01-30,2024-01-30 11:03 ET,intraday,8k
MSFT,2024-04-25,2024-04-25,2024-04-25 12:03 ET,intraday,8k
MSFT,2024-07-30,2024-07-30,2024-07-30 12:03 ET,intraday,8k
MSFT,2024-10-30,2024-10-30,2024-10-30 12:04 ET,intraday,8k
MSFT,2025-01-29,2025-01-29,2025-01-29 11:08 ET,intraday,8k
MSFT,2025-04-30,2025-04-30,2025-04-30 12:06 ET,intraday,8k
MSFT,2025-07-30,2025-07-30,2025-07-30 12:08 ET,intraday,8k
MSFT,2025-10-29,2025-10-29,2025-10-29 12:07 ET,intraday,8k
MSFT,2026-01-28,2026-01-28,2026-01-28 11:04 ET,intraday,8k
MSFT,2026-04-29,2026-04-29,2026-04-29 12:03 ET,intraday,8k
MSFT,2026-07-29,2026-07-29,2026-07-29 12:04 ET,intraday,8k
MSTR,2018-01-25,2018-01-25,2018-01-25 16:11 ET,amc,8k
MSTR,2019-01-29,2019-01-29,2019-01-29 16:18 ET,amc,8k
MSTR,2019-10-31,2019-10-31,2019-10-31 16:39 ET,amc,8k
MSTR,2020-01-28,2020-01-28,2020-01-28 16:16 ET,amc,8k
MSTR,2021-01-28,2021-01-28,2021-01-28 16:06 ET,amc,8k
MSTR,2022-02-01,2022-02-01,2022-02-01 16:16 ET,amc,8k
MSTR,2023-02-02,2023-02-02,2023-02-02 16:16 ET,amc,8k
MSTR,2024-02-06,2024-02-06,2024-02-06 16:04 ET,amc,8k
MSTR,2024-04-29,2024-04-29,2024-04-29 16:03 ET,amc,8k
MSTR,2024-08-01,2024-08-01,2024-08-01 16:04 ET,amc,8k
MSTR,2024-10-30,2024-10-30,2024-10-30 16:02 ET,amc,8k
MSTR,2025-02-05,2025-02-05,2025-02-05 16:05 ET,amc,8k
MSTR,2025-05-01,2025-05-01,2025-05-01 16:02 ET,amc,8k
MSTR,2025-07-31,2025-07-31,2025-07-31 16:15 ET,amc,8k
MSTR,2025-10-30,2025-10-30,2025-10-30 16:34 ET,amc,8k
MSTR,2026-02-05,2026-02-05,2026-02-05 16:14 ET,amc,8k
MSTR,2026-05-05,2026-05-05,2026-05-05 16:15 ET,amc,8k
MU,2018-03-22,2018-03-22,2018-03-22 16:01 ET,amc,8k
MU,2018-06-20,2018-06-20,2018-06-20 16:06 ET,amc,8k
MU,2018-09-20,2018-09-20,2018-09-20 16:00 ET,amc,8k
MU,2018-12-18,2018-12-18,2018-12-18 16:00 ET,amc,8k
MU,2019-03-20,2019-03-20,2019-03-20 16:00 ET,amc,8k
MU,2019-06-25,2019-06-25,2019-06-25 16:01 ET,amc,8k
MU,2019-09-26,2019-09-26,2019-09-26 16:00 ET,amc,8k
MU,2019-12-18,2019-12-18,2019-12-18 16:00 ET,amc,8k
MU,2020-03-25,2020-03-25,2020-03-25 16:00 ET,amc,8k
MU,2020-06-29,2020-06-29,2020-06-29 16:02 ET,amc,8k
MU,2020-09-29,2020-09-29,2020-09-29 16:00 ET,amc,8k
MU,2021-01-07,2021-01-07,2021-01-07 16:00 ET,amc,8k
MU,2021-03-31,2021-03-31,2021-03-31 16:00 ET,amc,8k
MU,2021-06-30,2021-06-30,2021-06-30 16:00 ET,amc,8k
MU,2021-09-28,2021-09-28,2021-09-28 16:01 ET,amc,8k
MU,2021-12-20,2021-12-20,2021-12-20 16:00 ET,amc,8k
MU,2022-03-29,2022-03-29,2022-03-29 16:00 ET,amc,8k
MU,2022-06-30,2022-06-30,2022-06-30 16:00 ET,amc,8k
MU,2022-09-29,2022-09-29,2022-09-29 16:00 ET,amc,8k
MU,2022-12-21,2022-12-21,2022-12-21 16:00 ET,amc,8k
MU,2023-03-28,2023-03-28,2023-03-28 16:01 ET,amc,8k
MU,2023-06-28,2023-06-28,2023-06-28 16:00 ET,amc,8k
MU,2023-09-27,2023-09-27,2023-09-27 16:00 ET,amc,8k
MU,2023-12-20,2023-12-20,2023-12-20 16:00 ET,amc,8k
MU,2024-03-20,2024-03-20,2024-03-20 16:00 ET,amc,8k
MU,2024-06-26,2024-06-26,2024-06-26 16:00 ET,amc,8k
MU,2024-09-25,2024-09-25,2024-09-25 16:00 ET,amc,8k
MU,2024-12-18,2024-12-18,2024-12-18 16:00 ET,amc,8k
MU,2025-03-20,2025-03-20,2025-03-20 16:00 ET,amc,8k
MU,2025-06-25,2025-06-25,2025-06-25 16:03 ET,amc,8k
MU,2025-09-23,2025-09-23,2025-09-23 16:02 ET,amc,8k
MU,2025-12-17,2025-12-17,2025-12-17 16:03 ET,amc,8k
MU,2026-03-18,2026-03-18,2026-03-18 16:02 ET,amc,8k
MU,2026-06-24,2026-06-24,2026-06-24 16:02 ET,amc,8k
NBIS,2018-07-26,2018-07-26,2018-07-26 09:30 ET,intraday,6k
NBIS,2019-02-15,2019-02-15,2019-02-15 08:33 ET,bmo,6k
NBIS,2020-04-28,2020-04-28,2020-04-28 06:56 ET,bmo,6k
NBIS,2025-02-20,2025-02-20,2025-02-20 08:57 ET,bmo,6k
NFLX,2018-01-22,2018-01-22,2018-01-22 16:09 ET,amc,8k
NFLX,2018-04-16,2018-04-16,2018-04-16 16:16 ET,amc,8k
NFLX,2018-07-16,2018-07-16,2018-07-16 16:13 ET,amc,8k
NFLX,2018-10-16,2018-10-16,2018-10-16 16:21 ET,amc,8k
NFLX,2019-01-17,2019-01-17,2019-01-17 16:08 ET,amc,8k
NFLX,2019-04-16,2019-04-16,2019-04-16 16:07 ET,amc,8k
NFLX,2019-07-17,2019-07-17,2019-07-17 16:40 ET,amc,8k
NFLX,2019-10-16,2019-10-16,2019-10-16 16:39 ET,amc,8k
NFLX,2020-01-21,2020-01-21,2020-01-21 16:03 ET,amc,8k
NFLX,2020-04-21,2020-04-21,2020-04-21 16:02 ET,amc,8k
NFLX,2020-07-16,2020-07-16,2020-07-16 16:57 ET,amc,8k
NFLX,2020-10-20,2020-10-20,2020-10-20 16:07 ET,amc,8k
NFLX,2021-01-19,2021-01-19,2021-01-19 16:02 ET,amc,8k
NFLX,2021-04-20,2021-04-20,2021-04-20 16:06 ET,amc,8k
NFLX,2021-07-20,2021-07-20,2021-07-20 16:04 ET,amc,8k
NFLX,2021-10-19,2021-10-19,2021-10-19 16:02 ET,amc,8k
NFLX,2022-01-20,2022-01-20,2022-01-20 16:01 ET,amc,8k
NFLX,2022-04-19,2022-04-19,2022-04-19 16:03 ET,amc,8k
NFLX,2022-07-19,2022-07-19,2022-07-19 16:02 ET,amc,8k
NFLX,2022-10-18,2022-10-18,2022-10-18 16:06 ET,amc,8k
NFLX,2023-01-19,2023-01-19,2023-01-19 16:51 ET,amc,8k
NFLX,2023-04-18,2023-04-18,2023-04-18 16:03 ET,amc,8k
NFLX,2023-07-19,2023-07-19,2023-07-19 16:04 ET,amc,8k
NFLX,2023-10-18,2023-10-18,2023-10-18 16:01 ET,amc,8k
NFLX,2024-01-23,2024-01-23,2024-01-23 16:02 ET,amc,8k
NFLX,2024-04-18,2024-04-18,2024-04-18 16:02 ET,amc,8k
NFLX,2024-07-18,2024-07-18,2024-07-18 16:01 ET,amc,8k
NFLX,2024-10-17,2024-10-17,2024-10-17 16:01 ET,amc,8k
NFLX,2025-01-21,2025-01-21,2025-01-21 16:02 ET,amc,8k
NFLX,2025-04-17,2025-04-17,2025-04-17 16:04 ET,amc,8k
NFLX,2025-07-17,2025-07-17,2025-07-17 16:04 ET,amc,8k
NFLX,2025-10-21,2025-10-21,2025-10-21 16:02 ET,amc,8k
NFLX,2026-01-20,2026-01-20,2026-01-20 16:07 ET,amc,8k
NFLX,2026-04-16,2026-04-16,2026-04-16 16:01 ET,amc,8k
NFLX,2026-07-16,2026-07-16,2026-07-16 16:03 ET,amc,8k
NVDA,2018-02-08,2018-02-08,2018-02-08 16:23 ET,amc,8k
NVDA,2018-05-10,2018-05-10,2018-05-10 16:25 ET,amc,8k
NVDA,2018-08-16,2018-08-16,2018-08-16 16:20 ET,amc,8k
NVDA,2018-11-15,2018-11-15,2018-11-15 16:21 ET,amc,8k
NVDA,2019-02-14,2019-02-14,2019-02-14 16:23 ET,amc,8k
NVDA,2019-05-16,2019-05-16,2019-05-16 16:22 ET,amc,8k
NVDA,2019-08-15,2019-08-15,2019-08-15 16:27 ET,amc,8k
NVDA,2019-11-14,2019-11-14,2019-11-14 16:21 ET,amc,8k
NVDA,2020-02-13,2020-02-13,2020-02-13 16:21 ET,amc,8k
NVDA,2020-05-21,2020-05-21,2020-05-21 16:22 ET,amc,8k
NVDA,2020-08-19,2020-08-19,2020-08-19 16:21 ET,amc,8k
NVDA,2020-11-18,2020-11-18,2020-11-18 16:21 ET,amc,8k
NVDA,2021-02-24,2021-02-24,2021-02-24 16:22 ET,amc,8k
NVDA,2021-05-26,2021-05-26,2021-05-26 16:20 ET,amc,8k
NVDA,2021-08-18,2021-08-18,2021-08-18 16:21 ET,amc,8k
NVDA,2021-11-17,2021-11-17,2021-11-17 16:20 ET,amc,8k
NVDA,2022-02-16,2022-02-16,2022-02-16 16:21 ET,amc,8k
NVDA,2022-05-25,2022-05-25,2022-05-25 16:22 ET,amc,8k
NVDA,2022-08-24,2022-08-24,2022-08-24 16:24 ET,amc,8k
NVDA,2022-11-16,2022-11-16,2022-11-16 16:21 ET,amc,8k
NVDA,2023-02-22,2023-02-22,2023-02-22 16:52 ET,amc,8k
NVDA,2023-05-24,2023-05-24,2023-05-24 16:22 ET,amc,8k
NVDA,2023-08-23,2023-08-23,2023-08-23 16:21 ET,amc,8k
NVDA,2023-11-21,2023-11-21,2023-11-21 16:22 ET,amc,8k
NVDA,2024-02-21,2024-02-21,2024-02-21 16:22 ET,amc,8k
NVDA,2024-05-22,2024-05-22,2024-05-22 16:21 ET,amc,8k
NVDA,2024-08-28,2024-08-28,2024-08-28 16:21 ET,amc,8k
NVDA,2024-11-20,2024-11-20,2024-11-20 16:21 ET,amc,8k
NVDA,2025-02-26,2025-02-26,2025-02-26 16:21 ET,amc,8k
NVDA,2025-05-28,2025-05-28,2025-05-28 16:21 ET,amc,8k
NVDA,2025-08-27,2025-08-27,2025-08-27 16:22 ET,amc,8k
NVDA,2025-11-19,2025-11-19,2025-11-19 16:20 ET,amc,8k
NVDA,2026-02-25,2026-02-25,2026-02-25 16:31 ET,amc,8k
NVDA,2026-05-20,2026-05-20,2026-05-20 16:21 ET,amc,8k
NXPI,2019-10-29,2019-10-29,2019-10-29 07:17 ET,bmo,8k
NXPI,2020-02-04,2020-02-04,2020-02-04 06:16 ET,bmo,8k
NXPI,2020-04-28,2020-04-28,2020-04-28 06:26 ET,bmo,8k
NXPI,2020-07-28,2020-07-28,2020-07-28 06:16 ET,bmo,8k
NXPI,2020-10-27,2020-10-27,2020-10-27 07:20 ET,bmo,8k
NXPI,2021-02-02,2021-02-02,2021-02-02 06:09 ET,bmo,8k
NXPI,2021-04-27,2021-04-27,2021-04-27 06:13 ET,bmo,8k
NXPI,2021-08-03,2021-08-03,2021-08-03 06:09 ET,bmo,8k
NXPI,2021-11-02,2021-11-02,2021-11-02 07:42 ET,bmo,8k
NXPI,2022-02-01,2022-02-01,2022-02-01 06:10 ET,bmo,8k
NXPI,2022-05-03,2022-05-03,2022-05-03 06:05 ET,bmo,8k
NXPI,2022-07-26,2022-07-26,2022-07-26 06:00 ET,bmo,8k
NXPI,2022-11-01,2022-11-01,2022-11-01 06:05 ET,bmo,8k
NXPI,2023-01-31,2023-01-31,2023-01-31 06:06 ET,bmo,8k
NXPI,2023-05-02,2023-05-02,2023-05-02 06:12 ET,bmo,8k
NXPI,2023-07-25,2023-07-25,2023-07-25 06:05 ET,bmo,8k
NXPI,2023-11-07,2023-11-07,2023-11-07 06:09 ET,bmo,8k
NXPI,2024-02-06,2024-02-06,2024-02-06 06:08 ET,bmo,8k
NXPI,2024-04-30,2024-04-30,2024-04-30 06:04 ET,bmo,8k
NXPI,2024-07-23,2024-07-23,2024-07-23 06:08 ET,bmo,8k
NXPI,2024-11-05,2024-11-05,2024-11-05 06:04 ET,bmo,8k
NXPI,2025-02-04,2025-02-04,2025-02-04 06:02 ET,bmo,8k
NXPI,2025-04-28,2025-04-28,2025-04-28 16:16 ET,amc,8k
NXPI,2025-07-22,2025-07-22,2025-07-22 06:33 ET,bmo,8k
NXPI,2025-10-28,2025-10-28,2025-10-28 06:41 ET,bmo,8k
NXPI,2026-02-03,2026-02-03,2026-02-03 06:05 ET,bmo,8k
NXPI,2026-04-28,2026-04-28,2026-04-28 16:19 ET,amc,8k
NXPI,2026-07-28,2026-07-28,2026-07-28 16:14 ET,amc,8k
ODFL,2018-02-08,2018-02-08,2018-02-08 03:04 ET,bmo,8k
ODFL,2018-04-26,2018-04-26,2018-04-26 04:19 ET,bmo,8k
ODFL,2018-07-26,2018-07-26,2018-07-26 04:16 ET,bmo,8k
ODFL,2018-10-25,2018-10-25,2018-10-25 04:03 ET,bmo,8k
ODFL,2019-02-07,2019-02-07,2019-02-07 03:28 ET,bmo,8k
ODFL,2019-04-25,2019-04-25,2019-04-25 04:00 ET,bmo,8k
ODFL,2019-07-25,2019-07-25,2019-07-25 04:15 ET,bmo,8k
ODFL,2019-10-24,2019-10-24,2019-10-24 04:11 ET,bmo,8k
ODFL,2020-02-06,2020-02-06,2020-02-06 03:04 ET,bmo,8k
ODFL,2020-04-23,2020-04-23,2020-04-23 04:52 ET,bmo,8k
ODFL,2020-07-30,2020-07-30,2020-07-30 16:23 ET,amc,8k
ODFL,2020-10-27,2020-10-27,2020-10-27 04:08 ET,bmo,8k
ODFL,2021-02-04,2021-02-04,2021-02-04 03:26 ET,bmo,8k
ODFL,2021-04-22,2021-04-22,2021-04-22 04:11 ET,bmo,8k
ODFL,2021-07-28,2021-07-28,2021-07-28 04:44 ET,bmo,8k
ODFL,2021-10-27,2021-10-27,2021-10-27 04:21 ET,bmo,8k
ODFL,2022-02-02,2022-02-02,2022-02-02 05:02 ET,bmo,8k
ODFL,2022-04-27,2022-04-27,2022-04-27 04:49 ET,bmo,8k
ODFL,2022-07-27,2022-07-27,2022-07-27 04:22 ET,bmo,8k
ODFL,2022-10-26,2022-10-26,2022-10-26 05:11 ET,bmo,8k
ODFL,2023-02-01,2023-02-01,2023-02-01 03:58 ET,bmo,8k
ODFL,2023-04-26,2023-04-26,2023-04-26 05:08 ET,bmo,8k
ODFL,2023-07-26,2023-07-26,2023-07-26 05:08 ET,bmo,8k
ODFL,2023-10-25,2023-10-25,2023-10-25 04:57 ET,bmo,8k
ODFL,2024-01-31,2024-01-31,2024-01-31 04:53 ET,bmo,8k
ODFL,2024-04-24,2024-04-24,2024-04-24 05:46 ET,bmo,8k
ODFL,2024-07-24,2024-07-24,2024-07-24 05:02 ET,bmo,8k
ODFL,2024-10-23,2024-10-23,2024-10-23 04:11 ET,bmo,8k
ODFL,2025-02-05,2025-02-05,2025-02-05 03:42 ET,bmo,8k
ODFL,2025-04-23,2025-04-23,2025-04-23 04:48 ET,bmo,8k
ODFL,2025-07-30,2025-07-30,2025-07-30 05:15 ET,bmo,8k
ODFL,2025-10-29,2025-10-29,2025-10-29 05:12 ET,bmo,8k
ODFL,2026-02-04,2026-02-04,2026-02-04 03:35 ET,bmo,8k
ODFL,2026-04-29,2026-04-29,2026-04-29 05:03 ET,bmo,8k
ORLY,2018-02-07,2018-02-07,2018-02-07 11:32 ET,intraday,8k
ORLY,2018-04-25,2018-04-25,2018-04-25 12:31 ET,intraday,8k
ORLY,2018-07-25,2018-07-25,2018-07-25 12:30 ET,intraday,8k
ORLY,2018-10-24,2018-10-24,2018-10-24 12:31 ET,intraday,8k
ORLY,2019-02-06,2019-02-06,2019-02-06 11:30 ET,intraday,8k
ORLY,2019-04-24,2019-04-24,2019-04-24 12:31 ET,intraday,8k
ORLY,2019-07-24,2019-07-24,2019-07-24 12:31 ET,intraday,8k
ORLY,2020-02-05,2020-02-05,2020-02-05 11:31 ET,intraday,8k
ORLY,2020-04-22,2020-04-22,2020-04-22 12:31 ET,intraday,8k
ORLY,2020-07-29,2020-07-29,2020-07-29 12:35 ET,intraday,8k
ORLY,2020-10-28,2020-10-28,2020-10-28 12:31 ET,intraday,8k
ORLY,2021-02-10,2021-02-10,2021-02-10 11:31 ET,intraday,8k
ORLY,2021-04-28,2021-04-28,2021-04-28 12:32 ET,intraday,8k
ORLY,2021-07-28,2021-07-28,2021-07-28 12:32 ET,intraday,8k
ORLY,2021-10-27,2021-10-27,2021-10-27 12:31 ET,intraday,8k
ORLY,2022-02-09,2022-02-09,2022-02-09 11:31 ET,intraday,8k
ORLY,2022-04-27,2022-04-27,2022-04-27 12:31 ET,intraday,8k
ORLY,2022-07-27,2022-07-27,2022-07-27 12:32 ET,intraday,8k
ORLY,2022-10-26,2022-10-26,2022-10-26 12:32 ET,intraday,8k
ORLY,2023-02-08,2023-02-08,2023-02-08 11:30 ET,intraday,8k
ORLY,2023-04-26,2023-04-26,2023-04-26 12:30 ET,intraday,8k
ORLY,2023-07-26,2023-07-26,2023-07-26 12:33 ET,intraday,8k
ORLY,2023-10-25,2023-10-25,2023-10-25 12:32 ET,intraday,8k
ORLY,2024-02-07,2024-02-07,2024-02-07 11:30 ET,intraday,8k
ORLY,2024-04-24,2024-04-24,2024-04-24 12:32 ET,intraday,8k
ORLY,2024-07-24,2024-07-24,2024-07-24 12:30 ET,intraday,8k
ORLY,2024-10-23,2024-10-23,2024-10-23 12:32 ET,intraday,8k
ORLY,2025-02-05,2025-02-05,2025-02-05 11:31 ET,intraday,8k
ORLY,2025-04-23,2025-04-23,2025-04-23 12:34 ET,intraday,8k
ORLY,2025-07-23,2025-07-23,2025-07-23 12:34 ET,intraday,8k
ORLY,2025-10-22,2025-10-22,2025-10-22 12:32 ET,intraday,8k
ORLY,2026-02-04,2026-02-04,2026-02-04 11:34 ET,intraday,8k
ORLY,2026-04-29,2026-04-29,2026-04-29 12:35 ET,intraday,8k
PANW,2018-02-26,2018-02-26,2018-02-26 16:17 ET,amc,8k
PANW,2018-06-04,2018-06-04,2018-06-04 07:36 ET,bmo,8k
PANW,2018-09-06,2018-09-06,2018-09-06 16:18 ET,amc,8k
PANW,2018-11-29,2018-11-29,2018-11-29 16:17 ET,amc,8k
PANW,2019-02-26,2019-02-26,2019-02-26 16:17 ET,amc,8k
PANW,2019-05-29,2019-05-29,2019-05-29 16:16 ET,amc,8k
PANW,2019-09-04,2019-09-04,2019-09-04 16:26 ET,amc,8k
PANW,2019-11-25,2019-11-25,2019-11-25 16:20 ET,amc,8k
PANW,2020-02-24,2020-02-24,2020-02-24 16:20 ET,amc,8k
PANW,2020-05-21,2020-05-21,2020-05-21 16:24 ET,amc,8k
PANW,2020-08-24,2020-08-24,2020-08-24 16:15 ET,amc,8k
PANW,2020-11-16,2020-11-16,2020-11-16 07:02 ET,bmo,8k
PANW,2021-02-22,2021-02-22,2021-02-22 16:16 ET,amc,8k
PANW,2021-05-20,2021-05-20,2021-05-20 16:08 ET,amc,8k
PANW,2021-08-23,2021-08-23,2021-08-23 16:08 ET,amc,8k
PANW,2021-11-18,2021-11-18,2021-11-18 16:22 ET,amc,8k
PANW,2022-02-22,2022-02-22,2022-02-22 16:11 ET,amc,8k
PANW,2022-05-19,2022-05-19,2022-05-19 16:10 ET,amc,8k
PANW,2022-08-22,2022-08-22,2022-08-22 16:14 ET,amc,8k
PANW,2022-11-17,2022-11-17,2022-11-17 16:16 ET,amc,8k
PANW,2023-02-21,2023-02-21,2023-02-21 16:11 ET,amc,8k
PANW,2023-05-23,2023-05-23,2023-05-23 16:11 ET,amc,8k
PANW,2023-08-18,2023-08-18,2023-08-18 16:22 ET,amc,8k
PANW,2023-11-15,2023-11-15,2023-11-15 16:08 ET,amc,8k
PANW,2024-02-20,2024-02-20,2024-02-20 16:12 ET,amc,8k
PANW,2024-05-20,2024-05-20,2024-05-20 16:15 ET,amc,8k
PANW,2024-08-19,2024-08-19,2024-08-19 16:08 ET,amc,8k
PANW,2024-11-20,2024-11-20,2024-11-20 16:13 ET,amc,8k
PANW,2025-02-13,2025-02-13,2025-02-13 16:09 ET,amc,8k
PANW,2025-05-20,2025-05-20,2025-05-20 16:06 ET,amc,8k
PANW,2025-08-18,2025-08-18,2025-08-18 16:13 ET,amc,8k
PANW,2025-11-19,2025-11-19,2025-11-19 16:16 ET,amc,8k
PANW,2026-02-17,2026-02-17,2026-02-17 16:14 ET,amc,8k
PANW,2026-06-02,2026-06-02,2026-06-02 16:08 ET,amc,8k
PAYX,2018-03-26,2018-03-26,2018-03-26 16:13 ET,amc,8k
PAYX,2018-06-27,2018-06-27,2018-06-27 17:01 ET,amc,8k
PAYX,2018-10-02,2018-10-02,2018-10-02 16:40 ET,amc,8k
PAYX,2018-12-19,2018-12-19,2018-12-19 16:45 ET,amc,8k
PAYX,2019-03-27,2019-03-27,2019-03-27 16:45 ET,amc,8k
PAYX,2019-06-26,2019-06-26,2019-06-26 16:21 ET,amc,8k
PAYX,2019-10-02,2019-10-03,2019-10-02 18:41 ET,amc,8k
PAYX,2019-12-18,2019-12-18,2019-12-18 09:02 ET,bmo,8k
PAYX,2020-03-25,2020-03-25,2020-03-25 08:59 ET,bmo,8k
PAYX,2020-07-07,2020-07-07,2020-07-07 10:02 ET,intraday,8k
PAYX,2020-10-06,2020-10-06,2020-10-06 08:56 ET,bmo,8k
PAYX,2020-12-23,2020-12-23,2020-12-23 08:47 ET,bmo,8k
PAYX,2021-04-06,2021-04-06,2021-04-06 08:53 ET,bmo,8k
PAYX,2021-06-25,2021-06-25,2021-06-25 09:31 ET,intraday,8k
PAYX,2021-09-30,2021-09-30,2021-09-30 08:45 ET,bmo,8k
PAYX,2021-12-22,2021-12-22,2021-12-22 08:37 ET,bmo,8k
PAYX,2022-03-30,2022-03-30,2022-03-30 08:38 ET,bmo,8k
PAYX,2022-06-29,2022-06-29,2022-06-29 08:34 ET,bmo,8k
PAYX,2022-09-28,2022-09-28,2022-09-28 08:35 ET,bmo,8k
PAYX,2022-12-22,2022-12-22,2022-12-22 08:32 ET,bmo,8k
PAYX,2023-03-29,2023-03-29,2023-03-29 08:47 ET,bmo,8k
PAYX,2023-06-29,2023-06-29,2023-06-29 08:38 ET,bmo,8k
PAYX,2023-09-27,2023-09-27,2023-09-27 08:38 ET,bmo,8k
PAYX,2023-12-21,2023-12-21,2023-12-21 08:48 ET,bmo,8k
PAYX,2024-04-02,2024-04-02,2024-04-02 08:49 ET,bmo,8k
PAYX,2024-06-26,2024-06-26,2024-06-26 08:35 ET,bmo,8k
PAYX,2024-10-01,2024-10-01,2024-10-01 08:42 ET,bmo,8k
PAYX,2024-12-19,2024-12-19,2024-12-19 08:40 ET,bmo,8k
PAYX,2025-03-26,2025-03-26,2025-03-26 08:43 ET,bmo,8k
PAYX,2025-06-25,2025-06-25,2025-06-25 08:35 ET,bmo,8k
PAYX,2025-09-30,2025-09-30,2025-09-30 08:41 ET,bmo,8k
PAYX,2025-12-19,2025-12-19,2025-12-19 08:36 ET,bmo,8k
PAYX,2026-03-25,2026-03-25,2026-03-25 08:34 ET,bmo,8k
PAYX,2026-06-24,2026-06-24,2026-06-24 08:38 ET,bmo,8k
PCAR,2018-01-30,2018-01-30,2018-01-30 08:05 ET,bmo,8k
PCAR,2018-04-24,2018-04-24,2018-04-24 08:10 ET,bmo,8k
PCAR,2018-07-24,2018-07-24,2018-07-24 08:04 ET,bmo,8k
PCAR,2018-10-23,2018-10-23,2018-10-23 08:05 ET,bmo,8k
PCAR,2019-01-29,2019-01-29,2019-01-29 08:05 ET,bmo,8k
PCAR,2019-04-30,2019-04-30,2019-04-30 08:08 ET,bmo,8k
PCAR,2019-07-23,2019-07-23,2019-07-23 08:05 ET,bmo,8k
PCAR,2019-10-22,2019-10-22,2019-10-22 08:05 ET,bmo,8k
PCAR,2020-01-28,2020-01-28,2020-01-28 08:06 ET,bmo,8k
PCAR,2020-04-21,2020-04-21,2020-04-21 08:34 ET,bmo,8k
PCAR,2020-07-21,2020-07-21,2020-07-21 08:05 ET,bmo,8k
PCAR,2020-10-20,2020-10-20,2020-10-20 08:05 ET,bmo,8k
PCAR,2021-01-26,2021-01-26,2021-01-26 08:06 ET,bmo,8k
PCAR,2021-04-27,2021-04-27,2021-04-27 08:05 ET,bmo,8k
PCAR,2021-07-27,2021-07-27,2021-07-27 08:06 ET,bmo,8k
PCAR,2021-10-26,2021-10-26,2021-10-26 08:06 ET,bmo,8k
PCAR,2022-01-25,2022-01-25,2022-01-25 08:06 ET,bmo,8k
PCAR,2022-04-26,2022-04-26,2022-04-26 08:05 ET,bmo,8k
PCAR,2022-07-26,2022-07-26,2022-07-26 08:06 ET,bmo,8k
PCAR,2022-10-25,2022-10-25,2022-10-25 08:05 ET,bmo,8k
PCAR,2023-01-24,2023-01-24,2023-01-24 08:05 ET,bmo,8k
PCAR,2023-04-25,2023-04-25,2023-04-25 08:19 ET,bmo,8k
PCAR,2023-07-25,2023-07-25,2023-07-25 08:06 ET,bmo,8k
PCAR,2023-10-24,2023-10-24,2023-10-24 08:10 ET,bmo,8k
PCAR,2024-01-23,2024-01-23,2024-01-23 08:10 ET,bmo,8k
PCAR,2024-04-30,2024-04-30,2024-04-30 08:10 ET,bmo,8k
PCAR,2024-07-23,2024-07-23,2024-07-23 08:05 ET,bmo,8k
PCAR,2024-10-22,2024-10-22,2024-10-22 08:05 ET,bmo,8k
PCAR,2025-01-28,2025-01-28,2025-01-28 08:05 ET,bmo,8k
PCAR,2025-04-29,2025-04-29,2025-04-29 08:05 ET,bmo,8k
PCAR,2025-07-22,2025-07-22,2025-07-22 08:05 ET,bmo,8k
PCAR,2025-10-21,2025-10-21,2025-10-21 08:05 ET,bmo,8k
PCAR,2026-01-27,2026-01-27,2026-01-27 08:05 ET,bmo,8k
PCAR,2026-04-28,2026-04-28,2026-04-28 08:05 ET,bmo,8k
PCAR,2026-07-28,2026-07-28,2026-07-28 08:05 ET,bmo,8k
PDD,2018-08-31,2018-08-31,2018-08-31 06:33 ET,bmo,6k
PDD,2018-11-20,2018-11-20,2018-11-20 12:38 ET,intraday,6k
PDD,2019-11-21,2019-11-21,2019-11-21 07:05 ET,bmo,6k
PDD,2020-03-12,2020-03-12,2020-03-12 07:59 ET,bmo,6k
PDD,2021-03-18,2021-03-18,2021-03-18 06:41 ET,bmo,6k
PDD,2021-06-01,2021-06-01,2021-06-01 06:13 ET,bmo,6k
PDD,2021-12-03,2021-12-03,2021-12-03 07:08 ET,bmo,6k
PDD,2022-05-31,2022-05-31,2022-05-31 06:01 ET,bmo,6k
PDD,2023-05-30,2023-05-30,2023-05-30 06:02 ET,bmo,6k
PDD,2024-03-20,2024-03-21,2024-03-20 21:30 ET,amc,6k
PDD,2024-05-22,2024-05-22,2024-05-22 17:00 ET,amc,6k
PDD,2024-08-26,2024-08-26,2024-08-26 16:01 ET,amc,6k
PDD,2025-03-20,2025-03-20,2025-03-20 16:01 ET,amc,6k
PDD,2025-05-27,2025-05-27,2025-05-27 16:31 ET,amc,6k
PDD,2026-05-28,2026-05-28,2026-05-28 06:20 ET,bmo,6k
PEP,2018-02-13,2018-02-13,2018-02-13 01:04 ET,bmo,8k
PEP,2018-04-26,2018-04-26,2018-04-26 02:06 ET,bmo,8k
PEP,2018-07-10,2018-07-10,2018-07-10 02:05 ET,bmo,8k
PEP,2018-10-02,2018-10-02,2018-10-02 02:07 ET,bmo,8k
PEP,2019-02-15,2019-02-15,2019-02-15 01:03 ET,bmo,8k
PEP,2019-04-17,2019-04-17,2019-04-17 02:05 ET,bmo,8k
PEP,2019-07-09,2019-07-09,2019-07-09 02:12 ET,bmo,8k
PEP,2019-10-03,2019-10-03,2019-10-03 02:08 ET,bmo,8k
PEP,2020-02-13,2020-02-13,2020-02-13 01:11 ET,bmo,8k
PEP,2020-04-28,2020-04-28,2020-04-28 02:06 ET,bmo,8k
PEP,2020-07-13,2020-07-13,2020-07-13 02:05 ET,bmo,8k
PEP,2020-09-30,2020-10-01,2020-09-30 13:56 ET,intraday,8k
PEP,2021-02-10,2021-02-11,2021-02-10 12:47 ET,intraday,8k
PEP,2021-04-14,2021-04-15,2021-04-14 13:45 ET,intraday,8k
PEP,2021-07-12,2021-07-13,2021-07-12 13:41 ET,intraday,8k
PEP,2021-10-04,2021-10-05,2021-10-04 13:42 ET,intraday,8k
PEP,2022-02-09,2022-02-10,2022-02-09 13:06 ET,intraday,8k
PEP,2022-04-25,2022-04-26,2022-04-25 13:54 ET,intraday,8k
PEP,2022-07-11,2022-07-12,2022-07-11 14:02 ET,intraday,8k
PEP,2022-10-11,2022-10-12,2022-10-11 14:01 ET,intraday,8k
PEP,2023-02-08,2023-02-09,2023-02-08 13:10 ET,intraday,8k
PEP,2023-04-24,2023-04-25,2023-04-24 14:00 ET,intraday,8k
PEP,2023-07-12,2023-07-13,2023-07-12 14:12 ET,intraday,8k
PEP,2023-10-10,2023-10-10,2023-10-10 02:05 ET,bmo,8k
PEP,2024-02-08,2024-02-09,2024-02-08 13:01 ET,intraday,8k
PEP,2024-04-22,2024-04-23,2024-04-22 13:59 ET,intraday,8k
PEP,2024-07-10,2024-07-11,2024-07-10 13:53 ET,intraday,8k
PEP,2024-10-07,2024-10-08,2024-10-07 13:49 ET,intraday,8k
PEP,2025-02-03,2025-02-04,2025-02-03 13:23 ET,intraday,8k
PEP,2025-04-23,2025-04-24,2025-04-23 14:13 ET,intraday,8k
PEP,2025-07-16,2025-07-17,2025-07-16 14:11 ET,intraday,8k
PEP,2025-10-08,2025-10-09,2025-10-08 15:16 ET,intraday,8k
PEP,2026-02-02,2026-02-03,2026-02-02 13:12 ET,intraday,8k
PEP,2026-04-15,2026-04-16,2026-04-15 14:01 ET,intraday,8k
PEP,2026-07-08,2026-07-09,2026-07-08 13:55 ET,intraday,8k
PLTR,2020-11-12,2020-11-12,2020-11-12 16:16 ET,amc,8k
PLTR,2021-02-16,2021-02-16,2021-02-16 07:15 ET,bmo,8k
PLTR,2021-05-11,2021-05-11,2021-05-11 07:10 ET,bmo,8k
PLTR,2021-08-12,2021-08-12,2021-08-12 08:05 ET,bmo,8k
PLTR,2021-11-09,2021-11-09,2021-11-09 07:05 ET,bmo,8k
PLTR,2022-02-17,2022-02-17,2022-02-17 06:10 ET,bmo,8k
PLTR,2022-05-09,2022-05-09,2022-05-09 07:05 ET,bmo,8k
PLTR,2022-08-08,2022-08-08,2022-08-08 07:06 ET,bmo,8k
PLTR,2022-11-07,2022-11-07,2022-11-07 07:07 ET,bmo,8k
PLTR,2023-02-13,2023-02-13,2023-02-13 16:12 ET,amc,8k
PLTR,2023-05-08,2023-05-08,2023-05-08 16:08 ET,amc,8k
PLTR,2023-08-07,2023-08-07,2023-08-07 16:07 ET,amc,8k
PLTR,2023-11-02,2023-11-02,2023-11-02 07:02 ET,bmo,8k
PLTR,2024-02-05,2024-02-05,2024-02-05 16:07 ET,amc,8k
PLTR,2024-05-06,2024-05-06,2024-05-06 16:06 ET,amc,8k
PLTR,2024-08-05,2024-08-05,2024-08-05 16:08 ET,amc,8k
PLTR,2024-11-04,2024-11-04,2024-11-04 16:07 ET,amc,8k
PLTR,2025-02-03,2025-02-03,2025-02-03 16:07 ET,amc,8k
PLTR,2025-05-05,2025-05-05,2025-05-05 16:07 ET,amc,8k
PLTR,2025-08-04,2025-08-04,2025-08-04 16:07 ET,amc,8k
PLTR,2025-11-03,2025-11-03,2025-11-03 16:06 ET,amc,8k
PLTR,2026-02-02,2026-02-02,2026-02-02 16:06 ET,amc,8k
PLTR,2026-05-04,2026-05-04,2026-05-04 16:06 ET,amc,8k
PYPL,2018-01-31,2018-01-31,2018-01-31 16:32 ET,amc,8k
PYPL,2018-04-25,2018-04-25,2018-04-25 16:24 ET,amc,8k
PYPL,2018-07-25,2018-07-25,2018-07-25 16:21 ET,amc,8k
PYPL,2018-10-18,2018-10-18,2018-10-18 16:26 ET,amc,8k
PYPL,2019-01-30,2019-01-30,2019-01-30 16:26 ET,amc,8k
PYPL,2019-04-24,2019-04-24,2019-04-24 16:30 ET,amc,8k
PYPL,2019-07-24,2019-07-24,2019-07-24 16:22 ET,amc,8k
PYPL,2019-10-23,2019-10-23,2019-10-23 16:31 ET,amc,8k
PYPL,2020-01-29,2020-01-29,2020-01-29 16:28 ET,amc,8k
PYPL,2020-05-06,2020-05-06,2020-05-06 16:32 ET,amc,8k
PYPL,2020-07-29,2020-07-29,2020-07-29 16:31 ET,amc,8k
PYPL,2020-11-02,2020-11-02,2020-11-02 16:36 ET,amc,8k
PYPL,2021-02-03,2021-02-03,2021-02-03 16:36 ET,amc,8k
PYPL,2021-05-05,2021-05-05,2021-05-05 16:29 ET,amc,8k
PYPL,2021-07-28,2021-07-28,2021-07-28 16:26 ET,amc,8k
PYPL,2021-11-08,2021-11-08,2021-11-08 16:28 ET,amc,8k
PYPL,2022-02-01,2022-02-01,2022-02-01 16:28 ET,amc,8k
PYPL,2022-04-27,2022-04-27,2022-04-27 16:29 ET,amc,8k
PYPL,2022-08-02,2022-08-02,2022-08-02 16:31 ET,amc,8k
PYPL,2022-11-03,2022-11-03,2022-11-03 17:03 ET,amc,8k
PYPL,2023-02-09,2023-02-09,2023-02-09 16:18 ET,amc,8k
PYPL,2023-05-08,2023-05-08,2023-05-08 16:18 ET,amc,8k
PYPL,2023-08-02,2023-08-02,2023-08-02 16:20 ET,amc,8k
PYPL,2023-11-01,2023-11-01,2023-11-01 16:20 ET,amc,8k
PYPL,2024-02-07,2024-02-07,2024-02-07 16:14 ET,amc,8k
PYPL,2024-04-30,2024-04-30,2024-04-30 07:30 ET,bmo,8k
PYPL,2024-07-30,2024-07-30,2024-07-30 07:01 ET,bmo,8k
PYPL,2024-10-29,2024-10-29,2024-10-29 07:00 ET,bmo,8k
PYPL,2025-02-04,2025-02-04,2025-02-04 07:01 ET,bmo,8k
PYPL,2025-04-29,2025-04-29,2025-04-29 07:01 ET,bmo,8k
PYPL,2025-07-29,2025-07-29,2025-07-29 07:00 ET,bmo,8k
PYPL,2025-10-28,2025-10-28,2025-10-28 07:01 ET,bmo,8k
PYPL,2026-02-03,2026-02-03,2026-02-03 07:08 ET,bmo,8k
PYPL,2026-05-05,2026-05-05,2026-05-05 07:03 ET,bmo,8k
PYPL,2026-07-28,2026-07-28,2026-07-28 07:02 ET,bmo,8k
QCOM,2018-01-31,2018-01-31,2018-01-31 16:06 ET,amc,8k
QCOM,2018-04-25,2018-04-25,2018-04-25 16:04 ET,amc,8k
QCOM,2018-07-25,2018-07-25,2018-07-25 16:05 ET,amc,8k
QCOM,2018-11-07,2018-11-07,2018-11-07 16:06 ET,amc,8k
QCOM,2019-01-30,2019-01-30,2019-01-30 16:03 ET,amc,8k
QCOM,2019-05-01,2019-05-01,2019-05-01 16:04 ET,amc,8k
QCOM,2019-07-31,2019-07-31,2019-07-31 16:06 ET,amc,8k
QCOM,2019-11-06,2019-11-06,2019-11-06 16:03 ET,amc,8k
QCOM,2020-02-05,2020-02-05,2020-02-05 16:04 ET,amc,8k
QCOM,2020-04-29,2020-04-29,2020-04-29 16:12 ET,amc,8k
QCOM,2020-07-29,2020-07-29,2020-07-29 16:05 ET,amc,8k
QCOM,2020-11-04,2020-11-04,2020-11-04 16:06 ET,amc,8k
QCOM,2021-02-03,2021-02-03,2021-02-03 16:02 ET,amc,8k
QCOM,2021-04-28,2021-04-28,2021-04-28 16:01 ET,amc,8k
QCOM,2021-07-28,2021-07-28,2021-07-28 16:01 ET,amc,8k
QCOM,2021-11-03,2021-11-03,2021-11-03 16:05 ET,amc,8k
QCOM,2022-02-02,2022-02-02,2022-02-02 16:03 ET,amc,8k
QCOM,2022-04-27,2022-04-27,2022-04-27 16:02 ET,amc,8k
QCOM,2022-07-27,2022-07-27,2022-07-27 16:02 ET,amc,8k
QCOM,2022-11-02,2022-11-02,2022-11-02 16:01 ET,amc,8k
QCOM,2023-02-02,2023-02-02,2023-02-02 16:03 ET,amc,8k
QCOM,2023-05-03,2023-05-03,2023-05-03 16:04 ET,amc,8k
QCOM,2023-08-02,2023-08-02,2023-08-02 16:01 ET,amc,8k
QCOM,2023-11-01,2023-11-01,2023-11-01 16:09 ET,amc,8k
QCOM,2024-01-31,2024-01-31,2024-01-31 16:01 ET,amc,8k
QCOM,2024-05-01,2024-05-01,2024-05-01 16:05 ET,amc,8k
QCOM,2024-07-31,2024-07-31,2024-07-31 16:01 ET,amc,8k
QCOM,2024-11-06,2024-11-06,2024-11-06 16:07 ET,amc,8k
QCOM,2025-02-05,2025-02-05,2025-02-05 16:04 ET,amc,8k
QCOM,2025-04-30,2025-04-30,2025-04-30 16:04 ET,amc,8k
QCOM,2025-07-30,2025-07-30,2025-07-30 16:01 ET,amc,8k
QCOM,2025-11-05,2025-11-05,2025-11-05 16:01 ET,amc,8k
QCOM,2026-02-04,2026-02-04,2026-02-04 16:00 ET,amc,8k
QCOM,2026-04-29,2026-04-29,2026-04-29 16:02 ET,amc,8k
QCOM,2026-07-29,2026-07-29,2026-07-29 16:01 ET,amc,8k
REGN,2018-02-08,2018-02-08,2018-02-08 07:36 ET,bmo,8k
REGN,2018-05-03,2018-05-03,2018-05-03 07:53 ET,bmo,8k
REGN,2018-08-02,2018-08-02,2018-08-02 07:41 ET,bmo,8k
REGN,2018-11-06,2018-11-06,2018-11-06 07:39 ET,bmo,8k
REGN,2019-02-06,2019-02-06,2019-02-06 07:48 ET,bmo,8k
REGN,2019-05-07,2019-05-07,2019-05-07 07:35 ET,bmo,8k
REGN,2019-08-06,2019-08-06,2019-08-06 07:35 ET,bmo,8k
REGN,2019-11-05,2019-11-05,2019-11-05 07:35 ET,bmo,8k
REGN,2020-02-06,2020-02-06,2020-02-06 07:33 ET,bmo,8k
REGN,2020-05-05,2020-05-05,2020-05-05 07:35 ET,bmo,8k
REGN,2020-08-05,2020-08-05,2020-08-05 07:15 ET,bmo,8k
REGN,2020-11-05,2020-11-05,2020-11-05 07:32 ET,bmo,8k
REGN,2021-02-05,2021-02-05,2021-02-05 07:34 ET,bmo,8k
REGN,2021-05-06,2021-05-06,2021-05-06 07:12 ET,bmo,8k
REGN,2021-08-05,2021-08-05,2021-08-05 06:59 ET,bmo,8k
REGN,2021-11-04,2021-11-04,2021-11-04 07:12 ET,bmo,8k
REGN,2022-02-04,2022-02-04,2022-02-04 07:29 ET,bmo,8k
REGN,2022-05-04,2022-05-04,2022-05-04 07:08 ET,bmo,8k
REGN,2022-08-03,2022-08-03,2022-08-03 07:08 ET,bmo,8k
REGN,2022-11-03,2022-11-03,2022-11-03 07:19 ET,bmo,8k
REGN,2023-02-03,2023-02-03,2023-02-03 07:06 ET,bmo,8k
REGN,2023-05-04,2023-05-04,2023-05-04 07:11 ET,bmo,8k
REGN,2023-08-03,2023-08-03,2023-08-03 06:48 ET,bmo,8k
REGN,2023-11-02,2023-11-02,2023-11-02 07:10 ET,bmo,8k
REGN,2024-02-02,2024-02-02,2024-02-02 07:16 ET,bmo,8k
REGN,2024-05-02,2024-05-02,2024-05-02 07:06 ET,bmo,8k
REGN,2024-08-01,2024-08-01,2024-08-01 07:06 ET,bmo,8k
REGN,2024-10-31,2024-10-31,2024-10-31 07:10 ET,bmo,8k
REGN,2025-02-04,2025-02-04,2025-02-04 07:11 ET,bmo,8k
REGN,2025-04-29,2025-04-29,2025-04-29 06:37 ET,bmo,8k
REGN,2025-08-01,2025-08-01,2025-08-01 06:49 ET,bmo,8k
REGN,2025-10-28,2025-10-28,2025-10-28 06:50 ET,bmo,8k
REGN,2026-01-30,2026-01-30,2026-01-30 06:51 ET,bmo,8k
REGN,2026-04-29,2026-04-29,2026-04-29 06:50 ET,bmo,8k
REGN,2026-07-30,2026-07-30,2026-07-30 06:48 ET,bmo,8k
RKLB,2022-02-28,2022-02-28,2022-02-28 16:22 ET,amc,8k
RKLB,2022-05-16,2022-05-16,2022-05-16 16:32 ET,amc,8k
RKLB,2022-08-11,2022-08-11,2022-08-11 16:24 ET,amc,8k
RKLB,2022-11-09,2022-11-09,2022-11-09 16:23 ET,amc,8k
RKLB,2023-02-28,2023-02-28,2023-02-28 16:15 ET,amc,8k
RKLB,2023-05-09,2023-05-09,2023-05-09 16:16 ET,amc,8k
RKLB,2023-08-08,2023-08-08,2023-08-08 16:17 ET,amc,8k
RKLB,2023-11-08,2023-11-08,2023-11-08 16:18 ET,amc,8k
RKLB,2024-02-27,2024-02-27,2024-02-27 16:08 ET,amc,8k
RKLB,2024-05-06,2024-05-06,2024-05-06 16:41 ET,amc,8k
RKLB,2024-08-08,2024-08-08,2024-08-08 16:19 ET,amc,8k
RKLB,2024-11-12,2024-11-12,2024-11-12 16:17 ET,amc,8k
RKLB,2025-02-27,2025-02-27,2025-02-27 16:16 ET,amc,8k
RKLB,2025-05-08,2025-05-08,2025-05-08 16:17 ET,amc,8k
RKLB,2025-08-07,2025-08-07,2025-08-07 16:19 ET,amc,8k
RKLB,2025-11-10,2025-11-10,2025-11-10 16:18 ET,amc,8k
RKLB,2026-02-26,2026-02-26,2026-02-26 16:09 ET,amc,8k
RKLB,2026-05-07,2026-05-07,2026-05-07 16:09 ET,amc,8k
ROP,2018-02-02,2018-02-02,2018-02-02 07:02 ET,bmo,8k
ROP,2018-04-20,2018-04-20,2018-04-20 07:20 ET,bmo,8k
ROP,2018-07-26,2018-07-26,2018-07-26 08:04 ET,bmo,8k
ROP,2018-10-26,2018-10-26,2018-10-26 08:01 ET,bmo,8k
ROP,2019-02-01,2019-02-01,2019-02-01 07:32 ET,bmo,8k
ROP,2019-04-25,2019-04-25,2019-04-25 08:00 ET,bmo,8k
ROP,2019-07-25,2019-07-25,2019-07-25 07:33 ET,bmo,8k
ROP,2019-10-24,2019-10-24,2019-10-24 07:25 ET,bmo,8k
ROP,2020-01-30,2020-01-30,2020-01-30 07:59 ET,bmo,8k
ROP,2020-07-28,2020-07-28,2020-07-28 07:03 ET,bmo,8k
ROP,2020-10-27,2020-10-27,2020-10-27 07:01 ET,bmo,8k
ROP,2021-01-29,2021-01-29,2021-01-29 07:17 ET,bmo,8k
ROP,2021-04-27,2021-04-27,2021-04-27 07:09 ET,bmo,8k
ROP,2021-07-23,2021-07-23,2021-07-23 07:06 ET,bmo,8k
ROP,2021-10-22,2021-10-22,2021-10-22 07:14 ET,bmo,8k
ROP,2022-02-02,2022-02-02,2022-02-02 07:13 ET,bmo,8k
ROP,2022-04-26,2022-04-26,2022-04-26 07:06 ET,bmo,8k
ROP,2022-07-22,2022-07-22,2022-07-22 07:01 ET,bmo,8k
ROP,2022-10-26,2022-10-26,2022-10-26 07:28 ET,bmo,8k
ROP,2023-01-27,2023-01-27,2023-01-27 07:01 ET,bmo,8k
ROP,2023-04-27,2023-04-27,2023-04-27 07:04 ET,bmo,8k
ROP,2023-07-21,2023-07-21,2023-07-21 07:01 ET,bmo,8k
ROP,2023-10-25,2023-10-25,2023-10-25 07:04 ET,bmo,8k
ROP,2024-01-31,2024-01-31,2024-01-31 07:02 ET,bmo,8k
ROP,2024-04-26,2024-04-26,2024-04-26 07:01 ET,bmo,8k
ROP,2024-07-24,2024-07-24,2024-07-24 07:02 ET,bmo,8k
ROP,2024-10-23,2024-10-23,2024-10-23 07:02 ET,bmo,8k
ROP,2025-01-30,2025-01-30,2025-01-30 07:03 ET,bmo,8k
ROP,2025-04-28,2025-04-28,2025-04-28 06:58 ET,bmo,8k
ROP,2025-07-21,2025-07-21,2025-07-21 06:59 ET,bmo,8k
ROP,2025-10-23,2025-10-23,2025-10-23 07:02 ET,bmo,8k
ROP,2026-01-27,2026-01-27,2026-01-27 07:01 ET,bmo,8k
ROP,2026-04-23,2026-04-23,2026-04-23 07:02 ET,bmo,8k
ROP,2026-07-23,2026-07-23,2026-07-23 07:00 ET,bmo,8k
ROST,2018-03-06,2018-03-06,2018-03-06 11:02 ET,intraday,8k
ROST,2018-05-24,2018-05-24,2018-05-24 12:04 ET,intraday,8k
ROST,2018-08-23,2018-08-23,2018-08-23 12:08 ET,intraday,8k
ROST,2018-11-20,2018-11-20,2018-11-20 04:01 ET,bmo,8k
ROST,2019-03-05,2019-03-05,2019-03-05 11:07 ET,intraday,8k
ROST,2019-05-23,2019-05-23,2019-05-23 12:03 ET,intraday,8k
ROST,2019-08-22,2019-08-22,2019-08-22 12:04 ET,intraday,8k
ROST,2019-11-21,2019-11-21,2019-11-21 11:04 ET,intraday,8k
ROST,2020-03-03,2020-03-03,2020-03-03 11:03 ET,intraday,8k
ROST,2020-05-21,2020-05-21,2020-05-21 12:06 ET,intraday,8k
ROST,2020-08-20,2020-08-20,2020-08-20 12:13 ET,intraday,8k
ROST,2020-11-19,2020-11-19,2020-11-19 11:03 ET,intraday,8k
ROST,2021-03-02,2021-03-02,2021-03-02 11:07 ET,intraday,8k
ROST,2021-05-20,2021-05-20,2021-05-20 12:04 ET,intraday,8k
ROST,2021-08-19,2021-08-19,2021-08-19 12:03 ET,intraday,8k
ROST,2021-11-18,2021-11-18,2021-11-18 11:05 ET,intraday,8k
ROST,2022-03-01,2022-03-01,2022-03-01 11:10 ET,intraday,8k
ROST,2022-05-19,2022-05-19,2022-05-19 12:03 ET,intraday,8k
ROST,2022-08-18,2022-08-18,2022-08-18 12:02 ET,intraday,8k
ROST,2022-11-17,2022-11-17,2022-11-17 11:02 ET,intraday,8k
ROST,2023-02-28,2023-02-28,2023-02-28 11:06 ET,intraday,8k
ROST,2023-05-18,2023-05-18,2023-05-18 12:02 ET,intraday,8k
ROST,2023-08-17,2023-08-17,2023-08-17 12:02 ET,intraday,8k
ROST,2023-11-16,2023-11-16,2023-11-16 11:02 ET,intraday,8k
ROST,2024-03-05,2024-03-05,2024-03-05 11:03 ET,intraday,8k
ROST,2024-05-23,2024-05-23,2024-05-23 12:04 ET,intraday,8k
ROST,2024-08-22,2024-08-22,2024-08-22 12:02 ET,intraday,8k
ROST,2024-11-21,2024-11-21,2024-11-21 11:04 ET,intraday,8k
ROST,2025-03-04,2025-03-04,2025-03-04 11:04 ET,intraday,8k
ROST,2025-05-22,2025-05-22,2025-05-22 12:02 ET,intraday,8k
ROST,2025-08-21,2025-08-21,2025-08-21 12:03 ET,intraday,8k
ROST,2025-11-20,2025-11-20,2025-11-20 11:03 ET,intraday,8k
ROST,2026-03-03,2026-03-03,2026-03-03 11:03 ET,intraday,8k
ROST,2026-05-21,2026-05-21,2026-05-21 12:02 ET,intraday,8k
SBUX,2018-01-25,2018-01-25,2018-01-25 11:08 ET,intraday,8k
SBUX,2018-04-26,2018-04-26,2018-04-26 12:08 ET,intraday,8k
SBUX,2018-07-26,2018-07-26,2018-07-26 12:07 ET,intraday,8k
SBUX,2018-11-01,2018-11-01,2018-11-01 12:14 ET,intraday,8k
SBUX,2019-01-24,2019-01-24,2019-01-24 11:11 ET,intraday,8k
SBUX,2019-04-25,2019-04-25,2019-04-25 12:11 ET,intraday,8k
SBUX,2019-07-25,2019-07-25,2019-07-25 12:11 ET,intraday,8k
SBUX,2019-10-30,2019-10-30,2019-10-30 12:15 ET,intraday,8k
SBUX,2020-01-28,2020-01-28,2020-01-28 11:12 ET,intraday,8k
SBUX,2020-04-28,2020-04-28,2020-04-28 12:10 ET,intraday,8k
SBUX,2020-07-28,2020-07-28,2020-07-28 12:09 ET,intraday,8k
SBUX,2020-10-29,2020-10-29,2020-10-29 12:14 ET,intraday,8k
SBUX,2021-01-26,2021-01-26,2021-01-26 11:07 ET,intraday,8k
SBUX,2021-04-27,2021-04-27,2021-04-27 12:08 ET,intraday,8k
SBUX,2021-07-27,2021-07-27,2021-07-27 12:39 ET,intraday,8k
SBUX,2021-10-28,2021-10-28,2021-10-28 12:13 ET,intraday,8k
SBUX,2022-02-01,2022-02-01,2022-02-01 11:09 ET,intraday,8k
SBUX,2022-05-03,2022-05-03,2022-05-03 12:15 ET,intraday,8k
SBUX,2022-08-02,2022-08-02,2022-08-02 12:08 ET,intraday,8k
SBUX,2022-11-03,2022-11-03,2022-11-03 12:12 ET,intraday,8k
SBUX,2023-02-02,2023-02-02,2023-02-02 11:07 ET,intraday,8k
SBUX,2023-05-02,2023-05-02,2023-05-02 12:11 ET,intraday,8k
SBUX,2023-08-01,2023-08-01,2023-08-01 12:08 ET,intraday,8k
SBUX,2023-11-02,2023-11-02,2023-11-02 02:04 ET,bmo,8k
SBUX,2024-01-30,2024-01-30,2024-01-30 11:07 ET,intraday,8k
SBUX,2024-04-30,2024-04-30,2024-04-30 12:07 ET,intraday,8k
SBUX,2024-07-30,2024-07-30,2024-07-30 12:07 ET,intraday,8k
SBUX,2024-10-30,2024-10-30,2024-10-30 12:07 ET,intraday,8k
SBUX,2025-01-28,2025-01-28,2025-01-28 11:08 ET,intraday,8k
SBUX,2025-04-29,2025-04-29,2025-04-29 12:07 ET,intraday,8k
SBUX,2025-07-29,2025-07-29,2025-07-29 12:06 ET,intraday,8k
SBUX,2025-10-29,2025-10-29,2025-10-29 12:08 ET,intraday,8k
SBUX,2026-01-28,2026-01-28,2026-01-28 02:46 ET,bmo,8k
SBUX,2026-04-28,2026-04-28,2026-04-28 12:06 ET,intraday,8k
SBUX,2026-07-29,2026-07-29,2026-07-29 12:06 ET,intraday,8k
SHOP,2025-02-11,2025-02-11,2025-02-11 07:01 ET,bmo,8k
SHOP,2025-05-08,2025-05-08,2025-05-08 07:01 ET,bmo,8k
SHOP,2025-08-06,2025-08-06,2025-08-06 07:04 ET,bmo,8k
SHOP,2025-11-04,2025-11-04,2025-11-04 07:01 ET,bmo,8k
SHOP,2026-02-11,2026-02-11,2026-02-11 07:02 ET,bmo,8k
SHOP,2026-05-05,2026-05-05,2026-05-05 07:18 ET,bmo,8k
SNDK,2025-05-07,2025-05-07,2025-05-07 16:10 ET,amc,8k
SNDK,2025-08-14,2025-08-14,2025-08-14 16:10 ET,amc,8k
SNDK,2025-11-06,2025-11-06,2025-11-06 16:13 ET,amc,8k
SNDK,2026-01-29,2026-01-29,2026-01-29 16:09 ET,amc,8k
SNDK,2026-04-30,2026-04-30,2026-04-30 16:07 ET,amc,8k
SNPS,2018-02-21,2018-02-21,2018-02-21 16:30 ET,amc,8k
SNPS,2018-05-23,2018-05-23,2018-05-23 16:30 ET,amc,8k
SNPS,2018-08-22,2018-08-22,2018-08-22 16:31 ET,amc,8k
SNPS,2018-12-07,2018-12-07,2018-12-07 16:31 ET,amc,8k
SNPS,2019-02-20,2019-02-20,2019-02-20 16:39 ET,amc,8k
SNPS,2019-05-22,2019-05-22,2019-05-22 16:31 ET,amc,8k
SNPS,2019-08-22,2019-08-22,2019-08-22 17:21 ET,amc,8k
SNPS,2019-12-04,2019-12-04,2019-12-04 16:33 ET,amc,8k
SNPS,2020-02-19,2020-02-19,2020-02-19 16:30 ET,amc,8k
SNPS,2020-05-20,2020-05-20,2020-05-20 16:30 ET,amc,8k
SNPS,2020-08-19,2020-08-19,2020-08-19 16:31 ET,amc,8k
SNPS,2020-12-02,2020-12-02,2020-12-02 16:30 ET,amc,8k
SNPS,2021-02-17,2021-02-17,2021-02-17 16:30 ET,amc,8k
SNPS,2021-05-19,2021-05-19,2021-05-19 16:31 ET,amc,8k
SNPS,2021-08-18,2021-08-18,2021-08-18 16:32 ET,amc,8k
SNPS,2021-12-01,2021-12-01,2021-12-01 16:32 ET,amc,8k
SNPS,2022-02-16,2022-02-16,2022-02-16 16:32 ET,amc,8k
SNPS,2022-05-18,2022-05-18,2022-05-18 16:31 ET,amc,8k
SNPS,2022-08-17,2022-08-17,2022-08-17 16:34 ET,amc,8k
SNPS,2022-11-30,2022-11-30,2022-11-30 16:36 ET,amc,8k
SNPS,2023-02-15,2023-02-15,2023-02-15 16:33 ET,amc,8k
SNPS,2023-05-17,2023-05-17,2023-05-17 16:32 ET,amc,8k
SNPS,2023-08-16,2023-08-16,2023-08-16 16:36 ET,amc,8k
SNPS,2023-11-29,2023-11-29,2023-11-29 16:30 ET,amc,8k
SNPS,2024-02-21,2024-02-21,2024-02-21 16:36 ET,amc,8k
SNPS,2024-05-22,2024-05-22,2024-05-22 16:31 ET,amc,8k
SNPS,2024-08-21,2024-08-21,2024-08-21 16:31 ET,amc,8k
SNPS,2024-12-04,2024-12-04,2024-12-04 16:30 ET,amc,8k
SNPS,2025-02-26,2025-02-26,2025-02-26 16:31 ET,amc,8k
SNPS,2025-05-28,2025-05-28,2025-05-28 16:39 ET,amc,8k
SNPS,2025-09-09,2025-09-09,2025-09-09 16:15 ET,amc,8k
SNPS,2025-12-10,2025-12-10,2025-12-10 16:12 ET,amc,8k
SNPS,2026-02-25,2026-02-25,2026-02-25 16:15 ET,amc,8k
SNPS,2026-05-27,2026-05-27,2026-05-27 16:13 ET,amc,8k
STX,2018-01-29,2018-01-29,2018-01-29 08:08 ET,bmo,8k
STX,2018-05-01,2018-05-01,2018-05-01 08:09 ET,bmo,8k
STX,2018-07-30,2018-07-30,2018-07-30 08:08 ET,bmo,8k
STX,2018-11-02,2018-11-02,2018-11-02 08:13 ET,bmo,8k
STX,2019-02-04,2019-02-04,2019-02-04 16:07 ET,amc,8k
STX,2019-04-30,2019-04-30,2019-04-30 08:09 ET,bmo,8k
STX,2019-08-02,2019-08-02,2019-08-02 08:06 ET,bmo,8k
STX,2019-11-01,2019-11-01,2019-11-01 08:01 ET,bmo,8k
STX,2020-02-04,2020-02-04,2020-02-04 16:08 ET,amc,8k
STX,2020-04-22,2020-04-22,2020-04-22 16:06 ET,amc,8k
STX,2020-07-28,2020-07-28,2020-07-28 16:03 ET,amc,8k
STX,2020-10-22,2020-10-22,2020-10-22 16:11 ET,amc,8k
STX,2021-01-21,2021-01-21,2021-01-21 16:07 ET,amc,8k
STX,2021-04-22,2021-04-22,2021-04-22 16:06 ET,amc,8k
STX,2021-07-21,2021-07-21,2021-07-21 08:09 ET,bmo,8k
STX,2021-10-22,2021-10-22,2021-10-22 08:21 ET,bmo,8k
STX,2022-01-26,2022-01-26,2022-01-26 16:10 ET,amc,8k
STX,2022-04-27,2022-04-27,2022-04-27 08:09 ET,bmo,8k
STX,2022-07-21,2022-07-21,2022-07-21 16:14 ET,amc,8k
STX,2022-10-26,2022-10-26,2022-10-26 08:04 ET,bmo,8k
STX,2023-01-25,2023-01-25,2023-01-25 16:12 ET,amc,8k
STX,2023-04-20,2023-04-20,2023-04-20 08:16 ET,bmo,8k
STX,2023-07-26,2023-07-26,2023-07-26 16:06 ET,amc,8k
STX,2023-10-26,2023-10-26,2023-10-26 08:08 ET,bmo,8k
STX,2024-01-24,2024-01-24,2024-01-24 16:07 ET,amc,8k
STX,2024-04-23,2024-04-23,2024-04-23 16:08 ET,amc,8k
STX,2024-07-23,2024-07-23,2024-07-23 16:10 ET,amc,8k
STX,2024-10-22,2024-10-22,2024-10-22 16:07 ET,amc,8k
STX,2025-01-21,2025-01-21,2025-01-21 16:08 ET,amc,8k
STX,2025-04-29,2025-04-29,2025-04-29 16:09 ET,amc,8k
STX,2025-07-29,2025-07-30,2025-07-29 20:48 ET,amc,8k
STX,2025-10-28,2025-10-28,2025-10-28 16:07 ET,amc,8k
STX,2026-01-27,2026-01-27,2026-01-27 16:08 ET,amc,8k
STX,2026-04-28,2026-04-28,2026-04-28 16:12 ET,amc,8k
TER,2018-01-25,2018-01-25,2018-01-25 06:06 ET,bmo,8k
TER,2018-04-25,2018-04-25,2018-04-25 07:15 ET,bmo,8k
TER,2018-07-25,2018-07-25,2018-07-25 10:36 ET,intraday,8k
TER,2018-10-24,2018-10-24,2018-10-24 06:05 ET,bmo,8k
TER,2019-04-24,2019-04-24,2019-04-24 06:09 ET,bmo,8k
TER,2019-07-24,2019-07-24,2019-07-24 06:04 ET,bmo,8k
TER,2019-10-23,2019-10-23,2019-10-23 06:08 ET,bmo,8k
TER,2020-04-22,2020-04-22,2020-04-22 06:10 ET,bmo,8k
TER,2020-07-22,2020-07-22,2020-07-22 06:08 ET,bmo,8k
TER,2020-10-21,2020-10-21,2020-10-21 06:03 ET,bmo,8k
TER,2021-01-28,2021-01-28,2021-01-28 06:06 ET,bmo,8k
TER,2021-04-28,2021-04-28,2021-04-28 06:08 ET,bmo,8k
TER,2021-07-28,2021-07-28,2021-07-28 06:10 ET,bmo,8k
TER,2021-10-27,2021-10-27,2021-10-27 06:04 ET,bmo,8k
TER,2022-01-27,2022-01-27,2022-01-27 06:07 ET,bmo,8k
TER,2022-04-27,2022-04-27,2022-04-27 06:12 ET,bmo,8k
TER,2022-07-27,2022-07-27,2022-07-27 06:06 ET,bmo,8k
TER,2022-10-26,2022-10-26,2022-10-26 06:09 ET,bmo,8k
TER,2023-01-26,2023-01-26,2023-01-26 06:05 ET,bmo,8k
TER,2023-04-27,2023-04-27,2023-04-27 06:05 ET,bmo,8k
TER,2023-07-27,2023-07-27,2023-07-27 06:08 ET,bmo,8k
TER,2023-10-26,2023-10-26,2023-10-26 06:01 ET,bmo,8k
TER,2024-01-31,2024-01-31,2024-01-31 06:01 ET,bmo,8k
TER,2024-04-25,2024-04-25,2024-04-25 06:04 ET,bmo,8k
TER,2024-07-25,2024-07-25,2024-07-25 06:06 ET,bmo,8k
TER,2024-10-24,2024-10-24,2024-10-24 07:00 ET,bmo,8k
TER,2025-01-30,2025-01-30,2025-01-30 07:00 ET,bmo,8k
TER,2025-04-29,2025-04-29,2025-04-29 07:30 ET,bmo,8k
TER,2025-07-30,2025-07-30,2025-07-30 07:00 ET,bmo,8k
TER,2025-10-29,2025-10-29,2025-10-29 07:00 ET,bmo,8k
TER,2026-02-03,2026-02-03,2026-02-03 06:01 ET,bmo,8k
TER,2026-04-29,2026-04-29,2026-04-29 06:00 ET,bmo,8k
TER,2026-07-29,2026-07-29,2026-07-29 06:00 ET,bmo,8k
TMUS,2018-02-08,2018-02-08,2018-02-08 06:07 ET,bmo,8k
TMUS,2018-05-01,2018-05-01,2018-05-01 16:09 ET,amc,8k
TMUS,2018-08-01,2018-08-01,2018-08-01 16:13 ET,amc,8k
TMUS,2018-10-30,2018-10-30,2018-10-30 16:03 ET,amc,8k
TMUS,2019-02-07,2019-02-07,2019-02-07 07:34 ET,bmo,8k
TMUS,2019-04-25,2019-04-25,2019-04-25 16:17 ET,amc,8k
TMUS,2019-07-25,2019-07-25,2019-07-25 16:11 ET,amc,8k
TMUS,2019-10-28,2019-10-28,2019-10-28 16:11 ET,amc,8k
TMUS,2020-02-06,2020-02-06,2020-02-06 16:03 ET,amc,8k
TMUS,2020-05-06,2020-05-06,2020-05-06 16:04 ET,amc,8k
TMUS,2020-08-06,2020-08-06,2020-08-06 16:04 ET,amc,8k
TMUS,2020-11-05,2020-11-05,2020-11-05 16:05 ET,amc,8k
TMUS,2021-02-04,2021-02-04,2021-02-04 16:03 ET,amc,8k
TMUS,2021-05-04,2021-05-04,2021-05-04 16:03 ET,amc,8k
TMUS,2021-07-29,2021-07-29,2021-07-29 16:03 ET,amc,8k
TMUS,2021-11-02,2021-11-02,2021-11-02 16:02 ET,amc,8k
TMUS,2022-02-02,2022-02-02,2022-02-02 16:03 ET,amc,8k
TMUS,2022-04-27,2022-04-27,2022-04-27 06:58 ET,bmo,8k
TMUS,2022-07-27,2022-07-27,2022-07-27 06:59 ET,bmo,8k
TMUS,2022-10-27,2022-10-27,2022-10-27 16:04 ET,amc,8k
TMUS,2023-02-01,2023-02-01,2023-02-01 07:03 ET,bmo,8k
TMUS,2023-04-27,2023-04-27,2023-04-27 16:03 ET,amc,8k
TMUS,2023-07-27,2023-07-27,2023-07-27 16:07 ET,amc,8k
TMUS,2023-10-25,2023-10-25,2023-10-25 06:53 ET,bmo,8k
TMUS,2024-01-25,2024-01-25,2024-01-25 16:04 ET,amc,8k
TMUS,2024-04-25,2024-04-25,2024-04-25 16:06 ET,amc,8k
TMUS,2024-07-31,2024-07-31,2024-07-31 07:00 ET,bmo,8k
TMUS,2024-10-23,2024-10-23,2024-10-23 16:05 ET,amc,8k
TMUS,2025-01-29,2025-01-29,2025-01-29 07:07 ET,bmo,8k
TMUS,2025-04-24,2025-04-24,2025-04-24 16:04 ET,amc,8k
TMUS,2025-07-23,2025-07-23,2025-07-23 16:03 ET,amc,8k
TMUS,2025-10-23,2025-10-23,2025-10-23 07:00 ET,bmo,8k
TMUS,2026-02-11,2026-02-11,2026-02-11 07:37 ET,bmo,8k
TMUS,2026-04-28,2026-04-28,2026-04-28 16:03 ET,amc,8k
TMUS,2026-07-23,2026-07-23,2026-07-23 06:29 ET,bmo,8k
TRI,2025-05-02,2025-05-02,2025-05-02 16:20 ET,amc,6k
TRI,2025-11-05,2025-11-05,2025-11-05 16:18 ET,amc,6k
TRI,2026-05-06,2026-05-06,2026-05-06 16:23 ET,amc,6k
TRI,2026-07-14,2026-07-14,2026-07-14 07:15 ET,bmo,6k
TSLA,2018-02-07,2018-02-07,2018-02-07 16:11 ET,amc,8k
TSLA,2018-05-02,2018-05-02,2018-05-02 16:12 ET,amc,8k
TSLA,2018-08-01,2018-08-01,2018-08-01 16:32 ET,amc,8k
TSLA,2018-10-24,2018-10-24,2018-10-24 16:27 ET,amc,8k
TSLA,2019-01-30,2019-01-30,2019-01-30 16:17 ET,amc,8k
TSLA,2019-04-24,2019-04-24,2019-04-24 17:15 ET,amc,8k
TSLA,2019-07-24,2019-07-24,2019-07-24 16:56 ET,amc,8k
TSLA,2019-10-23,2019-10-23,2019-10-23 17:25 ET,amc,8k
TSLA,2020-01-29,2020-01-29,2020-01-29 17:12 ET,amc,8k
TSLA,2020-04-29,2020-04-29,2020-04-29 16:56 ET,amc,8k
TSLA,2020-07-22,2020-07-22,2020-07-22 16:54 ET,amc,8k
TSLA,2020-10-21,2020-10-21,2020-10-21 16:38 ET,amc,8k
TSLA,2021-01-27,2021-01-27,2021-01-27 17:11 ET,amc,8k
TSLA,2021-04-26,2021-04-26,2021-04-26 16:53 ET,amc,8k
TSLA,2021-07-26,2021-07-26,2021-07-26 16:25 ET,amc,8k
TSLA,2021-10-20,2021-10-20,2021-10-20 17:14 ET,amc,8k
TSLA,2022-01-26,2022-01-26,2022-01-26 16:26 ET,amc,8k
TSLA,2022-04-20,2022-04-20,2022-04-20 16:12 ET,amc,8k
TSLA,2022-07-20,2022-07-20,2022-07-20 16:43 ET,amc,8k
TSLA,2022-10-19,2022-10-19,2022-10-19 17:15 ET,amc,8k
TSLA,2023-01-25,2023-01-25,2023-01-25 16:41 ET,amc,8k
TSLA,2023-04-19,2023-04-19,2023-04-19 17:25 ET,amc,8k
TSLA,2023-07-19,2023-07-19,2023-07-19 16:46 ET,amc,8k
TSLA,2023-10-18,2023-10-18,2023-10-18 16:15 ET,amc,8k
TSLA,2024-01-24,2024-01-24,2024-01-24 17:24 ET,amc,8k
TSLA,2024-04-23,2024-04-23,2024-04-23 16:09 ET,amc,8k
TSLA,2024-07-23,2024-07-23,2024-07-23 16:32 ET,amc,8k
TSLA,2024-10-23,2024-10-23,2024-10-23 16:09 ET,amc,8k
TSLA,2025-01-29,2025-01-29,2025-01-29 16:09 ET,amc,8k
TSLA,2025-04-22,2025-04-22,2025-04-22 16:10 ET,amc,8k
TSLA,2025-07-23,2025-07-23,2025-07-23 16:14 ET,amc,8k
TSLA,2025-10-22,2025-10-22,2025-10-22 16:06 ET,amc,8k
TSLA,2026-01-28,2026-01-28,2026-01-28 16:11 ET,amc,8k
TSLA,2026-04-22,2026-04-22,2026-04-22 16:10 ET,amc,8k
TSLA,2026-07-22,2026-07-22,2026-07-22 16:35 ET,amc,8k
TTWO,2018-02-07,2018-02-07,2018-02-07 16:12 ET,amc,8k
TTWO,2018-05-16,2018-05-16,2018-05-16 16:20 ET,amc,8k
TTWO,2018-08-02,2018-08-02,2018-08-02 16:15 ET,amc,8k
TTWO,2018-11-07,2018-11-07,2018-11-07 16:14 ET,amc,8k
TTWO,2019-02-06,2019-02-06,2019-02-06 07:25 ET,bmo,8k
TTWO,2019-05-13,2019-05-13,2019-05-13 16:17 ET,amc,8k
TTWO,2019-08-05,2019-08-05,2019-08-05 16:12 ET,amc,8k
TTWO,2019-11-07,2019-11-07,2019-11-07 16:17 ET,amc,8k
TTWO,2020-02-06,2020-02-06,2020-02-06 16:10 ET,amc,8k
TTWO,2020-05-20,2020-05-20,2020-05-20 16:19 ET,amc,8k
TTWO,2020-08-03,2020-08-03,2020-08-03 16:18 ET,amc,8k
TTWO,2020-11-05,2020-11-05,2020-11-05 16:21 ET,amc,8k
TTWO,2021-02-08,2021-02-08,2021-02-08 16:47 ET,amc,8k
TTWO,2021-05-18,2021-05-18,2021-05-18 16:18 ET,amc,8k
TTWO,2021-08-02,2021-08-02,2021-08-02 16:18 ET,amc,8k
TTWO,2021-11-03,2021-11-03,2021-11-03 16:15 ET,amc,8k
TTWO,2022-02-07,2022-02-07,2022-02-07 16:15 ET,amc,8k
TTWO,2022-05-16,2022-05-16,2022-05-16 16:15 ET,amc,8k
TTWO,2022-08-08,2022-08-08,2022-08-08 16:18 ET,amc,8k
TTWO,2022-11-07,2022-11-07,2022-11-07 16:13 ET,amc,8k
TTWO,2023-05-17,2023-05-17,2023-05-17 16:15 ET,amc,8k
TTWO,2023-08-08,2023-08-08,2023-08-08 16:14 ET,amc,8k
TTWO,2023-11-08,2023-11-08,2023-11-08 16:15 ET,amc,8k
TTWO,2024-02-08,2024-02-08,2024-02-08 16:15 ET,amc,8k
TTWO,2024-05-16,2024-05-16,2024-05-16 16:11 ET,amc,8k
TTWO,2024-08-08,2024-08-08,2024-08-08 16:15 ET,amc,8k
TTWO,2024-11-06,2024-11-06,2024-11-06 16:15 ET,amc,8k
TTWO,2025-02-06,2025-02-06,2025-02-06 16:11 ET,amc,8k
TTWO,2025-05-15,2025-05-15,2025-05-15 16:09 ET,amc,8k
TTWO,2025-08-07,2025-08-07,2025-08-07 16:24 ET,amc,8k
TTWO,2025-11-06,2025-11-06,2025-11-06 16:13 ET,amc,8k
TTWO,2026-02-03,2026-02-03,2026-02-03 16:14 ET,amc,8k
TTWO,2026-05-21,2026-05-21,2026-05-21 16:08 ET,amc,8k
TXN,2018-01-23,2018-01-23,2018-01-23 16:27 ET,amc,8k
TXN,2018-04-24,2018-04-24,2018-04-24 16:11 ET,amc,8k
TXN,2018-07-24,2018-07-24,2018-07-24 16:25 ET,amc,8k
TXN,2018-10-23,2018-10-23,2018-10-23 16:15 ET,amc,8k
TXN,2019-01-23,2019-01-23,2019-01-23 16:12 ET,amc,8k
TXN,2019-04-23,2019-04-23,2019-04-23 16:18 ET,amc,8k
TXN,2019-07-23,2019-07-23,2019-07-23 16:13 ET,amc,8k
TXN,2019-10-22,2019-10-22,2019-10-22 16:05 ET,amc,8k
TXN,2020-01-22,2020-01-22,2020-01-22 16:03 ET,amc,8k
TXN,2020-04-21,2020-04-21,2020-04-21 16:08 ET,amc,8k
TXN,2020-07-21,2020-07-21,2020-07-21 16:08 ET,amc,8k
TXN,2020-10-20,2020-10-20,2020-10-20 16:05 ET,amc,8k
TXN,2021-01-26,2021-01-26,2021-01-26 16:06 ET,amc,8k
TXN,2021-04-27,2021-04-27,2021-04-27 16:05 ET,amc,8k
TXN,2021-07-21,2021-07-21,2021-07-21 16:08 ET,amc,8k
TXN,2021-10-26,2021-10-26,2021-10-26 16:12 ET,amc,8k
TXN,2022-01-25,2022-01-25,2022-01-25 16:02 ET,amc,8k
TXN,2022-04-26,2022-04-26,2022-04-26 16:04 ET,amc,8k
TXN,2022-07-26,2022-07-26,2022-07-26 16:04 ET,amc,8k
TXN,2022-10-25,2022-10-25,2022-10-25 16:04 ET,amc,8k
TXN,2023-01-24,2023-01-24,2023-01-24 16:03 ET,amc,8k
TXN,2023-04-25,2023-04-25,2023-04-25 16:03 ET,amc,8k
TXN,2023-07-25,2023-07-25,2023-07-25 16:03 ET,amc,8k
TXN,2023-10-24,2023-10-24,2023-10-24 16:03 ET,amc,8k
TXN,2024-01-23,2024-01-23,2024-01-23 16:03 ET,amc,8k
TXN,2024-04-23,2024-04-23,2024-04-23 16:04 ET,amc,8k
TXN,2024-07-23,2024-07-23,2024-07-23 16:03 ET,amc,8k
TXN,2024-10-22,2024-10-22,2024-10-22 16:03 ET,amc,8k
TXN,2025-01-23,2025-01-23,2025-01-23 16:05 ET,amc,8k
TXN,2025-04-23,2025-04-23,2025-04-23 16:04 ET,amc,8k
TXN,2025-07-22,2025-07-22,2025-07-22 16:03 ET,amc,8k
TXN,2025-10-21,2025-10-21,2025-10-21 16:05 ET,amc,8k
TXN,2026-01-27,2026-01-27,2026-01-27 16:05 ET,amc,8k
TXN,2026-04-22,2026-04-22,2026-04-22 16:03 ET,amc,8k
TXN,2026-07-22,2026-07-22,2026-07-22 16:04 ET,amc,8k
VRTX,2018-01-31,2018-01-31,2018-01-31 16:11 ET,amc,8k
VRTX,2018-04-26,2018-04-26,2018-04-26 16:10 ET,amc,8k
VRTX,2018-07-25,2018-07-25,2018-07-25 16:08 ET,amc,8k
VRTX,2018-10-24,2018-10-24,2018-10-24 16:13 ET,amc,8k
VRTX,2019-02-05,2019-02-05,2019-02-05 16:15 ET,amc,8k
VRTX,2019-04-30,2019-04-30,2019-04-30 16:09 ET,amc,8k
VRTX,2019-07-31,2019-07-31,2019-07-31 16:10 ET,amc,8k
VRTX,2019-10-30,2019-10-30,2019-10-30 16:09 ET,amc,8k
VRTX,2020-01-30,2020-01-30,2020-01-30 16:06 ET,amc,8k
VRTX,2020-04-29,2020-04-29,2020-04-29 16:14 ET,amc,8k
VRTX,2020-07-30,2020-07-30,2020-07-30 18:45 ET,amc,8k
VRTX,2020-10-29,2020-10-29,2020-10-29 16:04 ET,amc,8k
VRTX,2021-02-01,2021-02-01,2021-02-01 16:05 ET,amc,8k
VRTX,2021-04-29,2021-04-29,2021-04-29 16:09 ET,amc,8k
VRTX,2021-07-29,2021-07-29,2021-07-29 16:05 ET,amc,8k
VRTX,2021-11-02,2021-11-02,2021-11-02 16:05 ET,amc,8k
VRTX,2022-01-26,2022-01-26,2022-01-26 16:05 ET,amc,8k
VRTX,2022-05-05,2022-05-05,2022-05-05 16:04 ET,amc,8k
VRTX,2022-08-04,2022-08-04,2022-08-04 16:08 ET,amc,8k
VRTX,2022-10-27,2022-10-27,2022-10-27 16:06 ET,amc,8k
VRTX,2023-02-07,2023-02-07,2023-02-07 16:07 ET,amc,8k
VRTX,2023-05-01,2023-05-01,2023-05-01 16:08 ET,amc,8k
VRTX,2023-08-01,2023-08-01,2023-08-01 16:03 ET,amc,8k
VRTX,2023-11-06,2023-11-06,2023-11-06 16:05 ET,amc,8k
VRTX,2024-02-05,2024-02-05,2024-02-05 16:09 ET,amc,8k
VRTX,2024-05-06,2024-05-06,2024-05-06 16:03 ET,amc,8k
VRTX,2024-08-01,2024-08-01,2024-08-01 16:05 ET,amc,8k
VRTX,2024-11-04,2024-11-04,2024-11-04 16:02 ET,amc,8k
VRTX,2025-02-10,2025-02-10,2025-02-10 16:08 ET,amc,8k
VRTX,2025-05-05,2025-05-05,2025-05-05 16:10 ET,amc,8k
VRTX,2025-08-04,2025-08-04,2025-08-04 16:06 ET,amc,8k
VRTX,2025-11-03,2025-11-03,2025-11-03 16:06 ET,amc,8k
VRTX,2026-02-12,2026-02-12,2026-02-12 16:04 ET,amc,8k
VRTX,2026-05-04,2026-05-04,2026-05-04 16:05 ET,amc,8k
WBD,2018-02-27,2018-02-27,2018-02-27 07:54 ET,bmo,8k
WBD,2018-05-08,2018-05-08,2018-05-08 07:59 ET,bmo,8k
WBD,2018-08-07,2018-08-07,2018-08-07 07:55 ET,bmo,8k
WBD,2018-11-08,2018-11-08,2018-11-08 07:55 ET,bmo,8k
WBD,2019-02-26,2019-02-26,2019-02-26 07:51 ET,bmo,8k
WBD,2019-05-02,2019-05-02,2019-05-02 07:58 ET,bmo,8k
WBD,2019-08-06,2019-08-06,2019-08-06 07:58 ET,bmo,8k
WBD,2019-11-07,2019-11-07,2019-11-07 08:00 ET,bmo,8k
WBD,2020-02-27,2020-02-27,2020-02-27 07:21 ET,bmo,8k
WBD,2020-05-06,2020-05-06,2020-05-06 07:07 ET,bmo,8k
WBD,2020-08-05,2020-08-05,2020-08-05 07:21 ET,bmo,8k
WBD,2020-11-05,2020-11-05,2020-11-05 07:09 ET,bmo,8k
WBD,2021-02-22,2021-02-22,2021-02-22 07:07 ET,bmo,8k
WBD,2021-04-28,2021-04-28,2021-04-28 07:05 ET,bmo,8k
WBD,2021-08-03,2021-08-03,2021-08-03 07:10 ET,bmo,8k
WBD,2021-11-03,2021-11-03,2021-11-03 07:09 ET,bmo,8k
WBD,2022-02-24,2022-02-24,2022-02-24 07:05 ET,bmo,8k
WBD,2022-04-26,2022-04-26,2022-04-26 07:10 ET,bmo,8k
WBD,2022-08-04,2022-08-04,2022-08-04 16:53 ET,amc,8k
WBD,2022-11-03,2022-11-03,2022-11-03 16:06 ET,amc,8k
WBD,2023-02-23,2023-02-23,2023-02-23 16:03 ET,amc,8k
WBD,2023-05-05,2023-05-05,2023-05-05 07:03 ET,bmo,8k
WBD,2023-08-03,2023-08-03,2023-08-03 07:08 ET,bmo,8k
WBD,2023-11-08,2023-11-08,2023-11-08 07:04 ET,bmo,8k
WBD,2024-02-23,2024-02-23,2024-02-23 07:05 ET,bmo,8k
WBD,2024-05-09,2024-05-09,2024-05-09 07:06 ET,bmo,8k
WBD,2024-08-07,2024-08-07,2024-08-07 16:02 ET,amc,8k
WBD,2024-11-07,2024-11-07,2024-11-07 07:05 ET,bmo,8k
WBD,2025-02-27,2025-02-27,2025-02-27 07:05 ET,bmo,8k
WBD,2025-05-08,2025-05-08,2025-05-08 07:05 ET,bmo,8k
WBD,2025-08-07,2025-08-07,2025-08-07 07:06 ET,bmo,8k
WBD,2025-11-06,2025-11-06,2025-11-06 07:04 ET,bmo,8k
WBD,2026-02-26,2026-02-26,2026-02-26 07:06 ET,bmo,8k
WBD,2026-05-06,2026-05-06,2026-05-06 16:02 ET,amc,8k
WDAY,2018-02-27,2018-02-27,2018-02-27 16:09 ET,amc,8k
WDAY,2018-05-31,2018-05-31,2018-05-31 16:10 ET,amc,8k
WDAY,2018-09-04,2018-09-04,2018-09-04 16:12 ET,amc,8k
WDAY,2018-11-29,2018-11-29,2018-11-29 16:12 ET,amc,8k
WDAY,2019-02-28,2019-02-28,2019-02-28 16:21 ET,amc,8k
WDAY,2019-05-28,2019-05-28,2019-05-28 16:09 ET,amc,8k
WDAY,2019-08-29,2019-08-29,2019-08-29 16:09 ET,amc,8k
WDAY,2019-12-03,2019-12-03,2019-12-03 16:08 ET,amc,8k
WDAY,2020-02-27,2020-02-27,2020-02-27 16:07 ET,amc,8k
WDAY,2020-05-27,2020-05-27,2020-05-27 16:10 ET,amc,8k
WDAY,2020-08-27,2020-08-27,2020-08-27 16:07 ET,amc,8k
WDAY,2020-11-19,2020-11-19,2020-11-19 16:12 ET,amc,8k
WDAY,2021-02-25,2021-02-25,2021-02-25 16:12 ET,amc,8k
WDAY,2021-05-26,2021-05-26,2021-05-26 16:06 ET,amc,8k
WDAY,2021-08-26,2021-08-26,2021-08-26 16:12 ET,amc,8k
WDAY,2021-11-18,2021-11-18,2021-11-18 16:05 ET,amc,8k
WDAY,2022-02-28,2022-02-28,2022-02-28 16:04 ET,amc,8k
WDAY,2022-05-26,2022-05-26,2022-05-26 16:03 ET,amc,8k
WDAY,2022-08-25,2022-08-25,2022-08-25 16:03 ET,amc,8k
WDAY,2022-11-29,2022-11-29,2022-11-29 16:07 ET,amc,8k
WDAY,2023-02-27,2023-02-27,2023-02-27 16:06 ET,amc,8k
WDAY,2023-05-25,2023-05-25,2023-05-25 16:05 ET,amc,8k
WDAY,2023-08-24,2023-08-24,2023-08-24 16:04 ET,amc,8k
WDAY,2023-11-28,2023-11-28,2023-11-28 16:03 ET,amc,8k
WDAY,2024-02-26,2024-02-26,2024-02-26 16:02 ET,amc,8k
WDAY,2024-05-23,2024-05-23,2024-05-23 16:02 ET,amc,8k
WDAY,2024-08-22,2024-08-22,2024-08-22 16:02 ET,amc,8k
WDAY,2024-11-26,2024-11-26,2024-11-26 16:03 ET,amc,8k
WDAY,2025-02-25,2025-02-25,2025-02-25 16:02 ET,amc,8k
WDAY,2025-05-22,2025-05-22,2025-05-22 16:04 ET,amc,8k
WDAY,2025-08-21,2025-08-21,2025-08-21 16:05 ET,amc,8k
WDAY,2025-11-25,2025-11-25,2025-11-25 16:03 ET,amc,8k
WDAY,2026-02-24,2026-02-24,2026-02-24 16:02 ET,amc,8k
WDAY,2026-05-21,2026-05-21,2026-05-21 16:02 ET,amc,8k
WDC,2018-01-25,2018-01-25,2018-01-25 16:19 ET,amc,8k
WDC,2018-04-26,2018-04-26,2018-04-26 16:25 ET,amc,8k
WDC,2018-07-26,2018-07-26,2018-07-26 16:17 ET,amc,8k
WDC,2018-10-25,2018-10-25,2018-10-25 16:20 ET,amc,8k
WDC,2019-01-24,2019-01-24,2019-01-24 16:20 ET,amc,8k
WDC,2019-04-29,2019-04-29,2019-04-29 16:16 ET,amc,8k
WDC,2019-07-31,2019-07-31,2019-07-31 16:21 ET,amc,8k
WDC,2019-10-30,2019-10-30,2019-10-30 16:05 ET,amc,8k
WDC,2020-01-30,2020-01-30,2020-01-30 16:30 ET,amc,8k
WDC,2020-04-30,2020-04-30,2020-04-30 16:18 ET,amc,8k
WDC,2020-10-28,2020-10-28,2020-10-28 16:11 ET,amc,8k
WDC,2021-01-28,2021-01-28,2021-01-28 16:04 ET,amc,8k
WDC,2021-04-29,2021-04-29,2021-04-29 16:04 ET,amc,8k
WDC,2021-08-04,2021-08-04,2021-08-04 16:06 ET,amc,8k
WDC,2021-10-28,2021-10-28,2021-10-28 16:07 ET,amc,8k
WDC,2022-01-27,2022-01-27,2022-01-27 16:07 ET,amc,8k
WDC,2022-04-28,2022-04-28,2022-04-28 16:13 ET,amc,8k
WDC,2022-08-05,2022-08-05,2022-08-05 08:19 ET,bmo,8k
WDC,2022-10-27,2022-10-27,2022-10-27 08:08 ET,bmo,8k
WDC,2023-01-31,2023-01-31,2023-01-31 16:13 ET,amc,8k
WDC,2023-05-08,2023-05-08,2023-05-08 16:21 ET,amc,8k
WDC,2023-07-31,2023-07-31,2023-07-31 16:13 ET,amc,8k
WDC,2023-10-30,2023-10-30,2023-10-30 08:07 ET,bmo,8k
WDC,2024-01-25,2024-01-25,2024-01-25 16:10 ET,amc,8k
WDC,2024-04-25,2024-04-25,2024-04-25 16:30 ET,amc,8k
WDC,2024-07-31,2024-07-31,2024-07-31 16:13 ET,amc,8k
WDC,2024-10-24,2024-10-24,2024-10-24 16:12 ET,amc,8k
WDC,2025-01-29,2025-01-29,2025-01-29 16:15 ET,amc,8k
WDC,2025-04-30,2025-04-30,2025-04-30 08:05 ET,bmo,8k
WDC,2025-07-30,2025-07-30,2025-07-30 16:14 ET,amc,8k
WDC,2025-10-30,2025-10-30,2025-10-30 16:11 ET,amc,8k
WDC,2026-01-29,2026-01-29,2026-01-29 16:11 ET,amc,8k
WDC,2026-04-30,2026-04-30,2026-04-30 16:07 ET,amc,8k
WMT,2018-05-17,2018-05-17,2018-05-17 07:01 ET,bmo,8k
WMT,2018-08-16,2018-08-16,2018-08-16 07:00 ET,bmo,8k
WMT,2018-11-15,2018-11-15,2018-11-15 07:00 ET,bmo,8k
WMT,2019-05-16,2019-05-16,2019-05-16 07:00 ET,bmo,8k
WMT,2019-08-15,2019-08-15,2019-08-15 06:59 ET,bmo,8k
WMT,2019-11-14,2019-11-14,2019-11-14 07:00 ET,bmo,8k
WMT,2020-02-18,2020-02-18,2020-02-18 06:04 ET,bmo,8k
WMT,2020-05-19,2020-05-19,2020-05-19 06:58 ET,bmo,8k
WMT,2020-08-18,2020-08-18,2020-08-18 06:58 ET,bmo,8k
WMT,2020-11-17,2020-11-17,2020-11-17 06:59 ET,bmo,8k
WMT,2021-02-18,2021-02-18,2021-02-18 06:59 ET,bmo,8k
WMT,2021-05-18,2021-05-18,2021-05-18 06:57 ET,bmo,8k
WMT,2021-08-17,2021-08-17,2021-08-17 06:58 ET,bmo,8k
WMT,2021-11-16,2021-11-16,2021-11-16 07:01 ET,bmo,8k
WMT,2022-02-17,2022-02-17,2022-02-17 07:01 ET,bmo,8k
WMT,2022-05-17,2022-05-17,2022-05-17 06:58 ET,bmo,8k
WMT,2022-08-16,2022-08-16,2022-08-16 07:00 ET,bmo,8k
WMT,2022-11-15,2022-11-15,2022-11-15 07:00 ET,bmo,8k
WMT,2023-02-21,2023-02-21,2023-02-21 07:00 ET,bmo,8k
WMT,2023-05-18,2023-05-18,2023-05-18 06:59 ET,bmo,8k
WMT,2023-08-17,2023-08-17,2023-08-17 06:59 ET,bmo,8k
WMT,2023-11-16,2023-11-16,2023-11-16 06:59 ET,bmo,8k
WMT,2024-02-20,2024-02-20,2024-02-20 06:59 ET,bmo,8k
WMT,2024-05-16,2024-05-16,2024-05-16 06:59 ET,bmo,8k
WMT,2024-08-15,2024-08-15,2024-08-15 06:59 ET,bmo,8k
WMT,2024-11-19,2024-11-19,2024-11-19 06:59 ET,bmo,8k
WMT,2025-02-20,2025-02-20,2025-02-20 06:57 ET,bmo,8k
WMT,2025-05-15,2025-05-15,2025-05-15 06:58 ET,bmo,8k
WMT,2025-08-21,2025-08-21,2025-08-21 06:59 ET,bmo,8k
WMT,2025-11-20,2025-11-20,2025-11-20 06:58 ET,bmo,8k
WMT,2026-02-19,2026-02-19,2026-02-19 06:59 ET,bmo,8k
WMT,2026-05-21,2026-05-21,2026-05-21 06:59 ET,bmo,8k
XEL,2018-02-06,2018-02-07,2018-02-06 18:44 ET,amc,8k
XEL,2018-04-25,2018-04-26,2018-04-25 17:48 ET,amc,8k
XEL,2018-07-25,2018-07-26,2018-07-25 17:50 ET,amc,8k
XEL,2018-10-24,2018-10-25,2018-10-24 17:47 ET,amc,8k
XEL,2019-01-30,2019-01-31,2019-01-30 18:00 ET,amc,8k
XEL,2019-04-24,2019-04-25,2019-04-24 18:07 ET,amc,8k
XEL,2019-07-31,2019-08-01,2019-07-31 17:41 ET,amc,8k
XEL,2019-10-24,2019-10-24,2019-10-24 06:08 ET,bmo,8k
XEL,2020-01-29,2020-01-30,2020-01-29 18:16 ET,amc,8k
XEL,2020-05-06,2020-05-07,2020-05-06 17:41 ET,amc,8k
XEL,2020-07-29,2020-07-30,2020-07-29 19:08 ET,amc,8k
XEL,2020-10-28,2020-10-29,2020-10-28 18:43 ET,amc,8k
XEL,2021-01-27,2021-01-28,2021-01-27 18:29 ET,amc,8k
XEL,2021-04-28,2021-04-29,2021-04-28 17:41 ET,amc,8k
XEL,2021-07-28,2021-07-29,2021-07-28 17:49 ET,amc,8k
XEL,2022-01-26,2022-01-27,2022-01-26 17:47 ET,amc,8k
XEL,2022-04-27,2022-04-28,2022-04-27 17:51 ET,amc,8k
XEL,2022-07-27,2022-07-28,2022-07-27 17:36 ET,amc,8k
XEL,2022-10-26,2022-10-27,2022-10-26 17:46 ET,amc,8k
XEL,2023-01-25,2023-01-26,2023-01-25 17:39 ET,amc,8k
XEL,2023-04-26,2023-04-27,2023-04-26 17:46 ET,amc,8k
XEL,2023-07-26,2023-07-27,2023-07-26 18:10 ET,amc,8k
XEL,2023-10-26,2023-10-27,2023-10-26 19:19 ET,amc,8k
XEL,2024-01-24,2024-01-25,2024-01-24 18:05 ET,amc,8k
XEL,2024-04-24,2024-04-25,2024-04-24 17:36 ET,amc,8k
XEL,2024-07-31,2024-08-01,2024-07-31 17:39 ET,amc,8k
XEL,2024-10-30,2024-10-31,2024-10-30 17:47 ET,amc,8k
XEL,2025-02-05,2025-02-06,2025-02-05 17:53 ET,amc,8k
XEL,2025-04-23,2025-04-24,2025-04-23 17:35 ET,amc,8k
XEL,2025-07-30,2025-07-31,2025-07-30 17:45 ET,amc,8k
XEL,2025-10-29,2025-10-30,2025-10-29 17:35 ET,amc,8k
XEL,2026-02-04,2026-02-05,2026-02-04 18:30 ET,amc,8k
XEL,2026-04-29,2026-04-30,2026-04-29 17:43 ET,amc,8k
XEL,2026-07-29,2026-07-30,2026-07-29 17:52 ET,amc,8k
