ticker,report_date,timing,base_T,anchored,dpi5,dpi10,next_day_ret,w1_ret,w2_ret,m1_ret,next_day_rvol,w1_rvol,w2_rvol,m1_rvol,looks_reaction,has_data,dpi5_pct,dpi10_pct
AAPL,2018-02-01,amc,2018-02-01,0,0.4284765766587487,0.49657544441005197,-0.043390266121440924,-0.07527677092834861,0.03525623256169541,0.05817728707201453,70.41895542110984,52.79799894414933,46.989772725413445,34.53535309517387,1,1,0.34375,0.75
AAPL,2018-05-01,amc,2018-05-01,0,0.39738125634009025,0.3989867702855697,0.04417494050343973,0.10023650609555612,0.10679412705203184,0.10934699347380805,68.62080334235722,41.56460281928672,30.872128881507184,22.057032709218863,1,1,0.21875,0.21875
AAPL,2018-07-31,amc,2018-07-31,0,0.6154353425357072,0.6034930029103119,0.05890988307291867,0.08839145540983018,0.10613063147838897,0.17589984028326322,90.86563024439047,46.17502928853355,33.147890510407144,25.534044857903343,1,1,0.96875,1.0
AAPL,2018-11-01,amc,2018-11-01,0,0.4190966318839438,0.4762992833053499,-0.06633089899228317,-0.058512179558432464,-0.13564126357278417,-0.16539990856428277,108.9518036799457,57.50199951478798,52.95357597564687,47.52417303749267,1,1,0.3125,0.65625
AAPL,2019-01-29,amc,2019-01-29,0,0.5693786611549696,0.4984055489274891,0.06833503017678866,0.12606678962935014,0.10953532474673366,0.12420873305300328,104.93270357289136,52.61823963012498,38.77866401879292,27.644609649516916,1,1,0.9375,0.78125
AAPL,2019-04-30,amc,2019-04-30,0,0.5074765237021154,0.4390477944943104,0.04908547999904589,0.010913273872866336,-0.056229096739827344,-0.10805510119924266,76.06875774716356,41.8826773882724,43.83135919699643,34.62928921913914,1,1,0.78125,0.40625
AAPL,2019-07-30,amc,2019-07-30,0,0.3165333967568982,0.34767133517346765,0.020404476537196903,-0.056422890429974504,0.004713161539691368,-0.011826175748685941,32.065068163619586,48.079443418530424,41.89141674014645,37.42363889672486,0,1,0.0625,0.0625
AAPL,2019-10-30,amc,2019-10-30,0,0.4456789092239265,0.44342076474027026,0.022609672343532283,0.05746934186242303,0.09045482085339174,0.10191731447835539,35.49200593482718,25.872625996977394,20.21308881931495,17.486118126900273,0,1,0.4375,0.4375
AAPL,2020-01-28,amc,2020-01-28,0,0.41440756509545,0.3810739495298637,0.020932047652709507,0.003651164648230232,0.008431034271288329,-0.13699161782741598,32.885602348992485,42.3022462778955,31.741556791178816,41.21041261981958,0,1,0.28125,0.15625
AAPL,2020-04-30,amc,2020-04-30,0,0.554075455464775,0.5254413153379487,-0.01609916572327008,0.03383265585192041,0.056425660560513125,0.09843843653898854,25.764588486077017,21.226962744386224,22.496300620708496,19.909310794282085,0,1,0.90625,0.875
AAPL,2020-07-30,amc,2020-07-30,0,0.3926038808156673,0.391365486443848,0.10468870151555154,0.18414057429366304,0.197810332049696,0.2998494581780533,158.052278937577,77.00580557284279,61.05179870913632,47.007922523331494,1,1,0.1875,0.1875
AAPL,2020-10-29,amc,2020-10-29,0,0.4910821128192498,0.4831574143528033,-0.05601789682927272,0.0321716227298845,0.03551551260428076,0.034125805995729674,91.51347648570494,56.681793549948466,44.02547554617052,34.05220256764,0,1,0.71875,0.6875
AAPL,2021-01-27,amc,2021-01-27,0,0.4285960533124073,0.4173363877427995,-0.03498543015317135,-0.05715945470303163,-0.04552800771162757,-0.14514170778945135,56.532423568906275,39.47690653964316,31.00250284405784,28.289960473712334,0,1,0.375,0.3125
AAPL,2021-04-28,amc,2021-04-28,0,0.6195026844542513,0.588206434563807,-0.0007489316865131324,-0.041024200471404315,-0.07936427908105848,-0.06054208802388972,1.1893376168198269,28.41285340749718,28.25671786912186,24.671820030710574,0,1,1.0,0.96875
AAPL,2021-07-27,amc,2021-07-27,0,0.44723173397470684,0.4299099400071068,-0.012195570690399338,0.0040202165923286515,-0.0064852696759754025,0.012347876670126157,19.47888928299631,13.02872305380329,9.77749811401015,15.403600186572653,0,1,0.46875,0.375
AAPL,2021-10-28,amc,2021-10-28,0,0.45382272516432287,0.5181353835316133,-0.018155555912987786,-0.0105525275692121,-0.02939090433449354,0.05180484457552881,29.085893083413595,16.26615640013351,15.466919615745628,22.094933004393727,0,1,0.53125,0.84375
AAPL,2022-01-27,amc,2022-01-27,0,0.4382188357110068,0.4280904405030047,0.06977783498186652,0.08591902730742618,0.08239741420963287,0.03837680936657928,107.0751367510072,52.88520237751353,40.60747226050412,33.7480396931652,1,1,0.40625,0.34375
AAPL,2022-04-28,amc,2022-04-28,0,0.5390190460341941,0.485348668071078,-0.03660485301599581,-0.04198243391523382,-0.12753943833985704,-0.08421015631496875,59.198614969382135,56.74109719192334,53.55609906622845,50.389769691565576,0,1,0.84375,0.71875
AAPL,2022-07-28,amc,2022-07-28,0,0.40925228136118574,0.40787888558868907,0.032793041002330936,0.05376551180281397,0.07228476123182181,0.04129196925124412,51.221992817184,36.0520702297351,28.739741094889897,27.555189707768445,0,1,0.25,0.25
AAPL,2022-10-27,amc,2022-10-27,0,0.4614328261067876,0.447174329945772,0.07555270686709492,-0.04088382002681901,0.015978143770553732,-0.0023533167564568913,115.62146271826781,68.02826976618555,66.64103375814572,49.349678503738595,1,1,0.5625,0.46875
AAPL,2023-02-02,amc,2023-02-02,0,0.4497516410307976,0.4521452484051293,0.024399990781118985,0.0003313035333007974,0.02071809732175045,0.021515077809001193,38.268781431233144,28.72465707252218,24.12078023989191,25.161535870764823,0,1,0.5,0.53125
AAPL,2023-05-04,amc,2023-05-04,0,0.4856307978487503,0.457223128455996,0.046926697344600754,0.048012284631341995,0.05731407425226398,0.08467562145339547,72.7987744218853,34.137911501167785,25.336638439939343,20.494341364059455,1,1,0.6875,0.5625
AAPL,2023-08-03,amc,2023-08-03,0,0.3566234117578273,0.3680087462602161,-0.04802001666328626,-0.06904855290512435,-0.08858631263361672,-0.007606529534760154,78.12046977880622,37.80102554116521,28.790419029259105,26.21566573506789,1,1,0.09375,0.09375
AAPL,2023-11-02,amc,2023-11-02,0,0.5199468228958993,0.5274072531144502,-0.005180982394806244,0.027257002275354436,0.06977501245231843,0.06819580439539852,8.245934090991575,15.624828688616269,18.628553585721512,14.401251640988837,0,1,0.8125,0.90625
AAPL,2024-02-01,amc,2024-02-01,0,0.47250519517645345,0.46192035125296665,-0.00540523979248142,0.007813367769453183,-0.014799333817326343,-0.06173908296735875,8.603826036676448,10.834369461589185,11.062807442703392,14.262530045937813,0,1,0.65625,0.59375
AAPL,2024-05-02,amc,2024-05-02,0,0.5538183462851153,0.5390302262761397,0.059816171273726404,0.06669355997342508,0.09863872898040027,0.1228870620956597,92.22369916706958,42.45293644565298,32.20374772012793,24.78881360675279,1,1,0.875,0.9375
AAPL,2024-08-01,amc,2024-08-01,0,0.4639788507282585,0.4517871451517597,0.0068694779454734345,-0.023126911139851547,0.030317445426236933,0.04994078959842296,10.867673138590112,38.92467816173863,30.61007430842464,22.497990076256784,0,1,0.59375,0.5
AAPL,2024-10-31,amc,2024-10-31,0,0.3011587344021044,0.3236964127486083,-0.013279547527440982,0.006949741474679971,0.011336788322131586,0.06172188662612843,21.22185040888745,18.712944592956063,16.230784591462665,15.196989167470724,0,1,0.03125,0.03125
AAPL,2025-01-30,amc,2025-01-30,0,0.49842723805083633,0.5082049293012465,-0.006692219745968231,-0.018392891294749747,0.01770098941645437,0.002953493529247009,10.659276526226371,29.06355398572174,29.441765850244984,24.944941270561667,0,1,0.75,0.8125
AAPL,2025-05-01,amc,2025-05-01,0,0.3755424357566735,0.40921070647373065,-0.037361808129212304,-0.07420789217483625,-0.0074664220261068115,-0.05323233233340485,60.44639093208315,36.518497920471425,40.62848792502295,32.763185192108644,0,1,0.125,0.28125
AAPL,2025-07-31,amc,2025-07-31,0,0.3758090816173449,0.3805214162926873,-0.025003699383485234,0.06002780165105048,0.12272565408974678,0.11963883684740928,40.19679738049131,45.5329938341322,39.78129498693054,29.19704308448301,0,1,0.15625,0.125
AAPL,2025-10-30,amc,2025-10-30,0,0.4672437811674719,0.4662381610968625,-0.0037951562818203666,-0.0060058776659743796,0.006686064933978386,0.04412105980212777,6.036085026693643,5.212820128715247,12.299317086323512,15.272992641322562,0,1,0.625,0.625
AAPL,2026-01-29,amc,2026-01-29,0,,,0.004646276870277299,0.06825931173073041,0.01430591607770415,0.025893197898012588,7.358653908423307,33.83633061532289,36.05140972710746,32.45507329869225,0,1,,
AAPL,2026-04-30,amc,2026-04-30,0,,,0.03239351812191993,0.059296016069499524,0.09999895310507356,0.12987722173898697,50.60778882103857,31.590265334642996,25.7768710419581,20.674127367804175,0,1,,
ABNB,2021-02-25,amc,2021-02-25,0,0.4583745407213664,0.44898497030258017,0.13341760337607633,-0.010051641522546562,0.08683949121500723,-0.04207406220382981,198.8083617161836,105.03854775890393,83.32174149444981,68.40820910297687,1,1,0.4,0.4
ABNB,2021-05-13,amc,2021-05-13,0,0.3780830117591191,0.39960330873985245,0.04014730716937165,0.003314894646351263,0.054659286695729836,0.09915290396955578,62.485784950143774,58.09974290780918,52.18200836367792,47.71921172694748,0,1,0.15,0.15
ABNB,2021-08-12,amc,2021-08-12,0,0.41919359219360297,0.42850258241526473,0.010651674994139881,-0.05623552989238789,0.01045320472944744,0.06066830167399462,16.81958963270633,39.443145181564006,61.55176974024742,47.060756455016964,0,1,0.25,0.35
ABNB,2021-11-04,amc,2021-11-04,0,0.5536434085521839,0.4792990468240175,0.12984028335772724,0.07374616916315402,0.14502664794283393,0.013449196953304154,193.79008762586116,89.60844201845146,77.39181674900065,75.60988987824665,1,1,0.6,0.45
ABNB,2022-02-15,amc,2022-02-15,0,0.5934208682194491,0.5601871486722182,0.036485765525628766,-0.16676855010071967,-0.1251735859839126,-0.1250624943437323,56.8877587387306,91.05440953657106,74.54748074873804,80.57766165012823,0,1,0.85,0.7
ABNB,2022-05-03,amc,2022-05-03,0,0.5017751014382994,0.5015846929891153,0.07710339776400854,-0.19910346721780714,-0.18965517241379315,-0.16372412319841056,117.90854044019765,129.6386450595625,100.06666120474542,86.51380180274452,0,1,0.5,0.5
ABNB,2022-08-02,amc,2022-08-02,0,0.6054981394619319,0.5814379792890175,-0.011346052401364104,-0.01633139037555198,0.06738872454933853,-0.027677442776916084,18.114257904974426,31.76255714123296,34.98511691280721,37.61258709814454,0,1,0.9,0.85
ABNB,2022-11-01,amc,2022-11-01,0,0.5643520487846649,0.5397505434302438,-0.1342503345249787,-0.09307658176828726,-0.018707023002641376,-0.07134347722116818,228.84608325906711,111.36867157515798,96.10901860499102,74.44276434285446,1,1,0.65,0.65
ABNB,2023-02-14,amc,2023-02-14,0,0.6218198125377258,0.6541905183199697,0.13353182256554819,0.05245301724020934,-0.0003309416283476807,-0.007280589582326136,198.96832765124665,100.31247747034622,72.87695470266978,58.177022004514455,1,1,1.0,1.0
ABNB,2023-05-09,amc,2023-05-09,0,0.6149643598377307,0.5690735836904892,-0.10923111109429962,-0.17045719748748134,-0.16384669666188922,-0.09105217378304187,183.62085967570349,91.8184838081089,74.28223955113182,56.90081718981466,1,1,0.95,0.8
ABNB,2023-08-03,amc,2023-08-03,0,0.5367209045287897,0.5319792294761571,-0.005039797623926701,-0.03485238140212754,-0.09149635556703162,-0.058134597938287236,8.020658971300671,27.392599925708172,25.386104205139436,29.296955337563833,0,1,0.55,0.6
ABNB,2023-11-01,amc,2023-11-01,0,0.44002590887488857,0.410691771188722,-0.03323010948471605,-0.015150226333806138,0.07432832336218032,0.13015822292519674,53.64754070541492,61.6100462250897,55.83890946546688,47.18030161953049,0,1,0.35,0.3
ABNB,2024-02-13,amc,2024-02-13,0,0.5662003508287723,0.603212312404598,-0.01737176931933382,-0.010476075814385477,0.017305299196490598,0.10356712875374074,27.819168708312525,55.76557994437585,47.482931968820346,37.50910572593646,0,1,0.7,0.95
ABNB,2024-05-08,amc,2024-05-08,0,0.46571013783143034,0.5084194881069889,-0.06871432086209939,-0.0766307239546763,-0.09620004920693914,-0.07118423476155222,113.0093465461948,53.890594970199736,39.91864056023531,30.378752510261243,1,1,0.45,0.55
ABNB,2024-08-06,amc,2024-08-06,0,0.5909113319181932,0.561827427510319,-0.13382385928652907,-0.10400858103671817,-0.10032960714963202,-0.10968036655711344,228.06428479631018,104.89893391195173,77.19386934209425,54.72648783014438,1,1,0.8,0.75
ABNB,2024-11-07,amc,2024-11-07,0,0.3375115070606266,0.3509613091716517,-0.08658475218574369,-0.08692405498424116,-0.09574541004178905,-0.06853492012872175,143.7669802892631,70.20372022142702,52.867062808069406,40.63387316010537,1,1,0.05,0.05
ABNB,2025-02-13,amc,2025-02-13,0,0.36212188818280716,0.3677071531480495,0.14449805624612355,0.03566374275047912,-0.015385693932521427,-0.09997157909757848,214.2521401409189,106.64346024935524,78.61316921603056,66.07234250221829,1,1,0.1,0.1
ABNB,2025-05-01,amc,2025-05-01,0,0.4364962562296011,0.40651621216154255,0.010079832097952934,0.01919197816643403,0.10305613200347308,0.045238229854993595,15.921130360474804,28.566239006784926,37.2215763678027,32.17236253230606,0,1,0.3,0.25
ABNB,2025-08-06,amc,2025-08-06,0,0.39928192296617465,0.40555813789345246,-0.08022989441151818,-0.0455938463466834,-0.04245211429522866,-0.051264386524185857,132.7609307768516,67.01446788434559,47.67513708519362,37.7594747017096,1,1,0.2,0.2
ABNB,2025-11-06,amc,2025-11-06,0,0.5780727510080896,0.5939608970270608,0.0029038287369600457,0.0054758455885983714,-0.07458722272312612,0.012279128614641754,4.6030052730336966,15.441621831905367,27.323700969218756,28.32761680547459,0,1,0.75,0.9
ABNB,2026-02-12,amc,2026-02-12,0,,,0.046481540463983784,0.10288030699694306,0.1651431672738184,0.10658855068412243,72.12364126992671,39.11103729785356,47.707591209362974,38.66580582445091,1,1,,
ABNB,2026-05-07,amc,2026-05-07,0,,,0.007333039513482964,-0.048341223269011246,-0.044211920952828,-0.042930469527669546,11.598365491923047,28.218698119774093,29.580004571369344,26.794871750487243,0,1,,
ADBE,2018-03-15,amc,2018-03-15,0,0.35624805482525923,0.4420456331535596,0.03052043717090447,0.007538763613486488,-0.01274726252284597,0.03495229737259087,47.72504653445735,40.255343933963275,56.66716612226732,44.78175650025442,1,1,0.14814814814814814,0.48148148148148145
ADBE,2018-06-14,amc,2018-06-14,0,0.3669382139840677,0.37118138978545145,-0.024331649092554364,-0.03591632721133309,-0.07086403763038407,-0.013250729743736311,39.10296835726464,24.37253870342762,24.836849594654275,22.78461631421025,0,1,0.3333333333333333,0.2222222222222222
ADBE,2018-09-13,amc,2018-09-13,0,0.41925424939891665,0.3658849763600638,0.02297785520697393,-0.00811854895342723,0.00517657792830728,-0.07317888686299578,36.063452694877796,29.140784676174324,25.08184375599581,36.32542968433021,0,1,0.5185185185185185,0.18518518518518517
ADBE,2019-03-14,amc,2019-03-14,0,0.36563373615514827,0.3836119993998944,-0.0395980649514015,-0.01311221836307952,-0.015540377392390448,0.015577656513597216,64.13840879691523,32.055035862449735,26.37575636928609,20.90230912329513,0,1,0.2962962962962963,0.25925925925925924
ADBE,2019-06-18,amc,2019-06-18,0,0.5095501420275926,0.4611061762785408,0.05213524365713895,0.04042923076363292,0.0889154417865452,0.12031211771021799,80.67689154600843,53.41727545115605,40.110094902325535,29.02817174305711,1,1,0.8888888888888888,0.7037037037037037
ADBE,2019-09-17,amc,2019-09-17,0,0.5262061360422824,0.537998488516247,-0.017457589581938437,-0.042923886037122716,-0.04208089811230309,-0.042115951145290875,27.957818696888626,20.24863058936872,24.29894308650738,24.49529324498862,0,1,0.9259259259259259,0.9629629629629629
ADBE,2020-03-12,amc,2020-03-12,0,0.2992003469129952,0.3145658249188174,0.17719298245614046,0.07898249040570171,0.13217548571134863,0.12508769788240137,258.96525381490545,180.38921108250838,133.63133627263088,103.00656743777894,1,1,0.1111111111111111,0.1111111111111111
ADBE,2020-06-11,amc,2020-06-11,0,0.3644727116744856,0.3336933335311934,0.04867540553457084,0.08458218817962848,0.12711841791313372,0.14135730362127696,75.44812167372633,41.20854415532892,35.02380455062781,34.70041201726012,0,1,0.25925925925925924,0.14814814814814814
ADBE,2020-09-15,amc,2020-09-15,0,0.4912391337107859,0.5095830249112262,-0.043542935766775925,-0.02188199882374231,-0.01675814622228544,0.017360869447107907,70.67232404298485,39.081574011495505,36.26457126296734,34.25794262589473,0,1,0.7407407407407407,0.9259259259259259
ADBE,2021-03-23,amc,2021-03-23,0,0.3635456135179413,0.38720064459898895,-0.018883099111037915,0.01142976772821247,0.07216425591952813,0.10232506538201935,30.262624431587238,31.602477812404896,27.533824396935664,23.636976472899818,0,1,0.2222222222222222,0.3333333333333333
ADBE,2021-06-17,amc,2021-06-17,0,0.5432530908211762,0.49841531071213707,0.0258089848410612,0.048788495953166144,0.060523062978373066,0.09193630983047285,40.45071420740798,21.65304367219827,17.887553867128524,15.310968378422649,0,1,0.9629629629629629,0.8888888888888888
ADBE,2021-09-21,amc,2021-09-21,0,0.49874611446571376,0.46621733515089164,-0.030670852791208514,-0.10391861399765001,-0.1226060175036301,-0.02093238666742514,49.4507549641498,44.527304219073905,36.505020043908054,30.540591752586703,1,1,0.7777777777777778,0.7407407407407407
ADBE,2022-03-22,amc,2022-03-22,0,0.40306730594523665,0.386422529187349,-0.09336481331512425,-0.00025731725077615675,-0.016872173713809557,-0.10498445693891001,155.59419447668893,81.21028927660099,60.25262601032738,48.45307185988523,1,1,0.37037037037037035,0.2962962962962963
ADBE,2022-06-16,amc,2022-06-16,0,0.5080784811514775,0.4904259030831623,-0.011750789375288284,0.062013847598178407,0.009313094497414909,0.062315111309167115,18.76426449122803,31.654936151453366,32.3267576776426,30.427136562438328,0,1,0.8518518518518519,0.8148148148148148
ADBE,2022-09-15,bmo,2022-09-14,0,0.4109779019292018,0.4826199939570328,-0.1679317021312774,-0.22938200834617017,-0.24257105346186658,-0.20666451617619797,291.8381475621141,133.75052534827338,95.91076506703442,70.4295029062171,1,1,0.4444444444444444,0.7777777777777778
ADBE,2022-12-15,amc,2022-12-15,0,0.35759208600455294,0.41653296301849146,0.029904832056761865,0.023759538077993136,0.023789989740203632,0.03833167969047735,46.77646289361687,37.729601742403894,32.353096761289784,29.185179592478306,0,1,0.18518518518518517,0.4444444444444444
ADBE,2023-03-15,amc,2023-03-15,0,0.47963344158474647,0.4550014561304492,0.058991109551533194,0.08423011101991884,0.1365367354413738,0.13719619178369902,90.98739517852457,53.818802327739625,40.967413397856056,31.257428572456043,1,1,0.6666666666666666,0.6296296296296297
ADBE,2023-06-15,amc,2023-06-15,0,0.45391312116292,0.45086346824498813,0.00869810959609385,-0.012609240787985199,-0.003911131191891348,0.08417016662606236,13.748115914760579,21.984844843741012,21.31489424320028,21.587689943869222,0,1,0.5925925925925926,0.5925925925925926
ADBE,2023-09-14,amc,2023-09-14,0,0.40844374926780896,0.4013833492726073,-0.04214350845384929,-0.06932767698410969,-0.08600761016113367,-0.006157569444129707,68.35136426314567,45.22534391501026,32.71619892153744,31.44678629183595,1,1,0.4074074074074074,0.37037037037037035
ADBE,2023-12-13,amc,2023-12-13,0,0.4846462559735176,0.44607232553417536,-0.06346713628518763,-0.04517350425445121,-0.04603849323163478,-0.042578439550890135,104.09020477134712,51.11307627324383,36.37450901554055,29.79836075247708,1,1,0.7037037037037037,0.5555555555555556
ADBE,2024-03-14,amc,2024-03-14,0,0.26189663423678433,0.29698987616377076,-0.13671666067674393,-0.10377773852259298,-0.11543519097974342,-0.17591375923592056,233.3748274001315,109.68989403802223,78.87380085737989,56.02242499736655,1,1,0.037037037037037035,0.037037037037037035
ADBE,2024-06-13,amc,2024-06-13,0,0.441040450142665,0.45775795318922236,0.14511489894353313,0.1628373671300516,0.2110127520025291,0.234991476844852,215.10748771982392,97.75841261599537,72.21434344115607,51.11220103668679,1,1,0.5555555555555556,0.6666666666666666
ADBE,2024-09-12,amc,2024-09-12,0,0.49934153940328246,0.4927050461182592,-0.0846986509414378,-0.10248058409776861,-0.12133660283235181,-0.15536608347420167,140.49244997579103,71.93530673449932,51.82570756548901,41.30900757465572,1,1,0.8148148148148148,0.8518518518518519
ADBE,2024-12-11,amc,2024-12-11,0,0.2904265063616123,0.3004070196952032,-0.13692649754668484,-0.197516041248592,-0.18142307265007207,-0.2495226720641932,233.76073337024562,108.31857998651012,77.57547893406922,56.17305286759813,1,1,0.07407407407407407,0.07407407407407407
ADBE,2025-03-12,amc,2025-03-12,0,0.4756534475823903,0.44453505123431125,-0.13853171208411885,-0.11561785396580648,-0.09300047418443236,-0.20189242379911831,236.7159529309709,111.73430340332247,80.79979151446406,68.2984558825683,1,1,0.6296296296296297,0.5185185185185185
ADBE,2025-06-12,amc,2025-06-12,0,0.41325147804849455,0.4064129044655685,-0.053181203803690735,-0.08886090673681013,-0.06732258411477698,-0.11965770855830404,86.75029496307289,55.65580252667722,40.42567104308484,33.55646203125626,1,1,0.48148148148148145,0.4074074074074074
ADBE,2025-09-11,amc,2025-09-11,0,0.551504563002631,0.5524258567631991,-0.0033946726083158296,0.04823849451136275,0.010298148608901547,-0.0371986263911811,5.398043189779019,24.735171766819438,21.708170260403158,24.173075811564715,0,1,1.0,1.0
ADBE,2026-03-12,amc,2026-03-12,0,,,-0.07583954165488804,-0.08818293940906663,-0.10712430138353968,-0.10997849471123289,125.201554904929,61.41546546733082,47.996352804445635,45.190114604777115,1,1,,
ADBE,2026-06-11,amc,2026-06-11,0,,,-0.06755026770178163,-0.10804387138905258,-0.07344610191992251,0.009049340493248126,111.02636405417077,63.7767124335897,52.01196869015862,44.913187659824864,1,1,,
ADI,2018-02-28,bmo,2018-02-27,0,0.4890794092480165,0.5052260765769226,-0.022870446017059565,-0.0035769227467069564,0.03135139650862473,-0.020401357376536144,36.72731197343403,27.867866326602652,23.848637400440175,31.536652061383087,0,1,0.625,0.65625
ADI,2018-05-30,bmo,2018-05-29,0,0.48017980143152406,0.4675451768719537,0.0062505434694413164,0.0662143937817059,0.08594007151330874,0.027183086846393367,9.891548475023555,22.627226991330733,18.52681004912185,17.938185546815408,0,1,0.46875,0.40625
ADI,2018-08-22,bmo,2018-08-21,0,0.23089826063800603,0.21310273527668752,0.02085074892199046,0.046914070233801786,0.02524216453545347,-0.003774858987132812,32.75918563677712,20.535038855246647,16.19706310366934,22.54546377994019,0,1,0.03125,0.03125
ADI,2018-11-20,bmo,2018-11-19,0,0.3509298422911412,0.4182831779966298,0.040925755026115285,0.04747416707593177,0.0632276846617843,-0.027295151508749838,63.673391231372456,32.41944430240394,34.39937657535189,34.018547708962544,1,1,0.09375,0.1875
ADI,2019-02-20,bmo,2019-02-19,0,0.39381494155112673,0.30720280000658057,0.024947390500174915,0.02840126212579719,0.0437973353671266,0.04746196305123207,39.11682714883457,25.049722631555944,21.356761756688893,18.612343266156074,0,1,0.15625,0.0625
ADI,2019-05-22,bmo,2019-05-21,0,0.4848291269869165,0.48244894970746566,0.015618749241871566,-0.01772126315233369,0.005433847580471163,0.13318956843071494,24.602362969752626,25.278200915386705,32.29620512334551,35.49476327547558,0,1,0.59375,0.5
ADI,2019-08-21,bmo,2019-08-20,0,0.37747113787895986,0.34926645884356844,-0.015414108611054744,-0.02937709919291298,-0.005000147514290343,0.055962852380141204,24.659684417991315,34.80740290833334,33.449028682112115,27.290646120482442,0,1,0.125,0.09375
ADI,2019-11-26,bmo,2019-11-25,0,0.4338187246153691,0.4662195822656134,0.017355855260851483,-0.02373135450879993,0.017910758980075325,0.06524305003433839,27.315206486153027,19.554785371858667,26.163489651517846,21.371582738786955,0,1,0.21875,0.34375
ADI,2020-02-19,bmo,2020-02-18,0,0.5097535141659952,0.5561084282824933,0.04486795951056277,-0.032976169708468506,-0.09098495847107824,-0.30272104184898496,69.67404510044983,48.823033669857224,50.4755571844803,119.20252827442685,1,1,0.8125,0.84375
ADI,2020-05-20,bmo,2020-05-19,0,0.43502597587977493,0.49978483590936457,0.07749449481453619,0.07852905314008041,0.15001479482365854,0.16126749544862284,118.48484038875833,59.75939111643057,52.709900358692906,45.04225320940451,0,1,0.25,0.625
ADI,2020-08-19,bmo,2020-08-18,0,0.5023529721292934,0.5372070007620827,0.0022905271203388367,0.017136060710803536,0.012675435950775027,-0.015208328297506624,3.6319411352673088,20.14762449945155,20.56625145065453,27.423064691217032,0,1,0.71875,0.71875
ADI,2020-11-24,bmo,2020-11-23,0,0.4835397259011371,0.5508106327188929,-0.001313452173047458,0.026701501409063022,0.07081706016228306,0.049493514235396274,2.086411186115792,15.120671878417081,20.238347510323003,19.905473694051782,0,1,0.5,0.78125
ADI,2021-02-17,bmo,2021-02-16,0,0.40070034476209154,0.3958279562155437,-0.0046110603038355125,-0.01738433291473429,-0.0345133944920043,-0.03532690229066893,7.336759456205025,33.90610173066151,40.129183250905285,39.85280920689077,0,1,0.1875,0.125
ADI,2021-05-19,bmo,2021-05-18,0,0.3501131999692782,0.4071385918934352,0.04955776390983124,0.12221537589210296,0.13232947588993094,0.14416885107783983,76.7832455292345,47.247927748701535,33.88864874343546,25.79591018159305,1,1,0.0625,0.15625
ADI,2021-08-18,bmo,2021-08-17,0,0.44645266464580297,0.46418330784953205,-0.0031268668476616135,-0.0027057369732855774,-0.016004333333533016,0.045952289790082146,4.971523940748208,20.9594580710231,23.712090632159065,21.391954480760898,0,1,0.34375,0.3125
ADI,2021-11-23,bmo,2021-11-22,0,0.49526256543570446,0.43087862105283037,-0.016442337215236136,-0.028302009586304022,0.009998987236685908,-0.06765570968497714,26.318366734728816,31.61146155405162,27.148612896300246,28.408386460368806,0,1,0.6875,0.21875
ADI,2022-02-16,bmo,2022-02-15,0,0.5081201904427679,0.4882472881983301,0.038879584423358926,-0.034250362884322594,-0.008886840584767075,-0.00789454500756881,60.549833348981,47.873151371904,39.90749310370353,45.93312517865782,1,1,0.78125,0.53125
ADI,2022-05-18,bmo,2022-05-17,0,0.4560454410140496,0.4401265438211432,-0.023925774702824087,-0.0121460050228277,0.010358256215444062,-0.1203127129493412,38.4427320777496,19.397539349777812,22.676712768625503,36.18857182421301,0,1,0.40625,0.25
ADI,2022-08-17,bmo,2022-08-16,0,0.49362355976593,0.5324476287209781,-0.049765233825105004,-0.08171339431830771,-0.14284447373230136,-0.17012018806814533,81.03333451653553,41.42723592056384,42.21781591011518,36.00226278720349,1,1,0.65625,0.6875
ADI,2022-11-22,bmo,2022-11-21,0,0.4838370471778627,0.49567707532671335,0.05771154203304185,0.02920130269931831,0.0503093314257701,0.05598633130511943,89.06813579677527,43.02570752533181,39.523687897273376,33.88039756850767,1,1,0.5625,0.59375
ADI,2023-02-15,bmo,2023-02-14,0,0.45966081622756993,0.4779421139167101,0.07472327060180284,0.006683312798773322,0.00779111613821537,0.02716425551665158,114.39679264716463,58.46595573891749,41.98904812836263,32.66580743062838,1,1,0.4375,0.46875
ADI,2023-05-24,bmo,2023-05-23,0,0.5614582018850117,0.5582284925643559,-0.07833121373669905,-0.05443817843149845,-0.035579591924122744,-0.00579733230565016,129.48733509873668,60.51798904203434,46.83479073336728,35.6186299712346,1,1,0.9375,0.875
ADI,2023-08-23,bmo,2023-08-22,0,0.5285669790694003,0.6010629433013392,0.004641754337801451,0.03339747549925809,0.036148420088151445,-0.011285291866498959,7.351507797337789,26.85269355591624,19.871551766491226,19.71937663802962,0,1,0.84375,0.96875
ADI,2023-11-21,bmo,2023-11-20,0,0.665504194869484,0.63065891272021,-0.013981222507321811,-0.0033731809867653118,-0.012724030313447265,0.050459828646533866,22.351117297111628,12.058923364834678,11.536911965684725,23.99290427781841,0,1,1.0,1.0
ADI,2024-02-21,bmo,2024-02-20,0,0.5487173840938316,0.5731937933004896,0.022808982052933136,-0.0017421067176911498,0.006834225343464118,0.030811564887820664,35.80137473352707,19.04050279109252,24.459034612847574,24.956562319082273,0,1,0.875,0.90625
ADI,2024-05-22,bmo,2024-05-21,0,0.5027608803261587,0.554419148356525,0.10856742603999092,0.05312979349505742,0.09221515445500783,0.07075822863803749,163.6162898302513,77.11223186802894,56.81658867323742,41.658963918130794,1,1,0.75,0.8125
ADI,2024-08-21,bmo,2024-08-20,0,0.4837387077132355,0.47201373925123213,0.01794246637547059,0.03736165172939132,-0.0036587890960680935,0.048673803320625986,28.230272637623845,36.58453340163566,45.839400932232394,40.37304845364522,0,1,0.53125,0.4375
ADI,2024-11-26,bmo,2024-11-25,0,0.4464438295579928,0.49255550400413045,-0.020261174549671912,-0.009124290914951816,-0.031563928900537164,-0.020559489563879874,32.493923011988294,23.421915387710087,23.569878772625945,22.022054476980895,0,1,0.3125,0.5625
ADI,2025-02-19,bmo,2025-02-18,0,0.45126990695092717,0.4670668892399668,0.0973570993731514,0.06847697848795886,0.0315322951955872,-0.04239617813718832,147.48156275241536,68.24425185488543,54.94530445959202,45.87878258949763,1,1,0.375,0.375
ADI,2025-05-22,bmo,2025-05-21,0,0.6066976815441624,0.5885494972598733,-0.04630547181855882,-0.02911521629776559,-0.014342863645908643,0.04415285390691004,75.26399425748097,40.3684744627574,29.97250201178563,30.17806387450569,0,1,0.96875,0.9375
ADI,2025-08-20,bmo,2025-08-19,0,0.5591683246597302,0.5413049058178382,0.06261926610891444,0.10931262928149277,0.06542773405716984,0.08503285616264855,96.41678566565581,46.57880356085398,34.64395610566434,25.188895245235145,1,1,0.90625,0.75
ADI,2025-11-25,bmo,2025-11-24,0,0.43864142096377134,0.4451595561740591,0.05271520242232919,0.14022565023499411,0.1579601185815076,0.1634933818241806,81.55168625936484,48.003327957086924,36.49141652025188,28.852955315247712,1,1,0.28125,0.28125
ADI,2026-02-18,bmo,2026-02-17,0,,,0.026251010583006273,0.05505020468142896,0.007529860914492037,-0.082823558687394,41.13460661229277,27.129524903397623,29.01318937278069,32.326563333980666,0,1,,
ADI,2026-05-20,bmo,2026-05-19,0,,,-0.03924595751909754,0.006203105467343484,0.059276498861624116,0.05150740175160329,63.556516193514256,59.94024826631891,54.836986980689,53.33016176324505,0,1,,
ADP,2018-01-31,bmo,2018-01-30,0,0.49151548738971884,0.41675722247493063,0.02334228107351599,-0.06506103736548952,-0.07441460429233204,-0.05810786066446283,36.6288658229337,39.262200627140125,39.60784267521563,30.653297436400674,1,1,0.5625,0.3125
ADP,2018-05-02,bmo,2018-05-01,0,0.405387633584846,0.39274306598112874,0.02744099884030904,0.05866981941955207,0.0696127314579309,0.09444442566098243,42.97426708513294,23.981968221397633,18.00383316492053,13.869196416408421,0,1,0.28125,0.1875
ADP,2018-08-01,bmo,2018-07-31,0,0.3783096103523162,0.4114642398716919,-0.01763080887990831,0.0216313670566457,0.04563296676856843,0.08415463002759394,28.23770621072836,19.957901444373483,15.626846814586019,13.011082531838575,0,1,0.15625,0.25
ADP,2018-10-31,bmo,2018-10-30,0,0.4033335698482702,0.3593337992534727,0.049687127316908386,0.04852121456719827,0.05434939526385074,0.06258237391242716,76.97889496817764,40.044779993547166,33.879889083759004,31.399475622774155,1,1,0.25,0.09375
ADP,2019-01-30,bmo,2019-01-29,0,0.1801038014906886,0.21843528207847598,0.04037303453935559,0.08425354789451323,0.11567147008627954,0.1420150589223974,62.83024790517355,32.27370815910417,24.244040554403355,18.917974441444127,1,1,0.03125,0.03125
ADP,2019-05-01,bmo,2019-04-30,0,0.3777874510413969,0.323745952739024,-0.0420341119801424,-0.03674192033720325,-0.0357684486377271,-0.021169092948052692,68.17007238527387,32.88278090534876,26.939868412906876,20.835308519410795,1,1,0.125,0.0625
ADP,2019-07-31,bmo,2019-07-30,0,0.3294745877539002,0.3678413826083183,0.00921201849221176,-0.009757956635834453,0.022484539573287998,0.01345439259068848,14.556680268231082,27.953087941158895,29.53973386895017,26.284979934885772,0,1,0.0625,0.125
ADP,2019-10-30,intraday,2019-10-29,0,0.5763480942341473,0.5125316125345918,0.008106110501678643,-0.03574300574268485,0.021678730528904566,0.053122472721023106,12.816176715364078,24.63160974086498,22.810944551197913,17.3614069321326,0,1,0.9375,0.75
ADP,2020-01-29,bmo,2020-01-28,0,0.4132622950259222,0.4108840955422046,-0.04071775109714537,-0.013348120999226554,-0.0018507305263048002,-0.11648892915781339,65.99022053685782,39.12780854926948,29.517610420454204,33.3262027919114,1,1,0.375,0.21875
ADP,2020-04-29,bmo,2020-04-28,0,0.5133313395113552,0.48932800368136087,0.019788863376463572,0.019649552598785647,-0.008950166588391095,0.012516546980386956,31.10706520692721,40.307840064276476,33.38453444718104,35.95242665904003,0,1,0.6875,0.625
ADP,2020-07-29,bmo,2020-07-28,0,0.4067207708073199,0.45897089397714447,-0.06498481754648944,-0.0675756556167364,-0.05830198632896755,-0.04800568963706309,106.66480588314455,54.59485666739929,40.183540712817496,29.26656346089756,1,1,0.3125,0.5
ADP,2020-10-28,bmo,2020-10-27,0,0.44236599601970505,0.45512449818832784,0.06197353655801918,0.14003983794877195,0.1714718942845188,0.19208431513370838,95.45183472183282,52.311740760493144,41.00499516576,32.780242972068585,1,1,0.40625,0.46875
ADP,2021-01-27,bmo,2021-01-26,0,0.39005733451160873,0.4604006566791723,0.006928615991997011,0.023399927023191047,0.017322010326082493,0.06685708366819365,10.96090864098259,13.994713912179781,18.547037244407353,21.075325360531586,0,1,0.1875,0.5625
ADP,2021-04-28,bmo,2021-04-27,0,0.4000134644610987,0.377622856352014,-0.0473221992702032,-0.009801223443247076,-0.007248707780757702,-0.007708378950361916,76.95726783417086,40.31269764216193,28.886209457873836,24.692935143808338,1,1,0.21875,0.15625
ADP,2021-07-28,bmo,2021-07-27,0,0.5862222742719589,0.5687494498449015,-0.004858307885873048,0.026696979725036263,0.042474459705639456,0.0014430512050955802,7.7311199994142115,15.605615615466666,13.978440857496862,16.514539573312284,0,1,0.96875,0.96875
ADP,2021-10-27,bmo,2021-10-26,0,0.5265573677649866,0.5081905392483193,0.014396438496829589,0.029113159399998034,0.04753179949515629,0.07116080059445151,22.690694131071663,16.895898224989825,15.40752667138949,12.96806452466512,0,1,0.8125,0.71875
ADP,2022-01-26,bmo,2022-01-25,0,0.5207857772235617,0.46030523551407815,-0.08954272457873191,-0.05219498442900661,-0.03905389242152002,-0.07681692649966665,148.91606791376674,71.70966810584983,51.87803408702878,39.36885899093679,1,1,0.78125,0.53125
ADP,2022-04-27,bmo,2022-04-26,0,0.5105121019434007,0.49788163475250935,0.02573318546230352,-0.0033292890405205444,-0.04471842051982511,-0.03770016227536044,40.3334094936839,41.79910728567975,44.84983933519131,35.99600968444166,0,1,0.65625,0.65625
ADP,2022-07-27,bmo,2022-07-26,0,0.5183375357092928,0.5620891484484116,0.0740213826102063,0.1042171962082088,0.14634475020066096,0.17543925851528952,113.35971019778685,53.5187730347014,39.34744231171717,29.6889378014421,1,1,0.75,0.9375
ADP,2022-10-26,bmo,2022-10-25,0,0.5325782726508405,0.51262520462222,-0.011019425273398165,0.024730818911741004,0.030619049135544252,0.1043912029657077,17.589889534492087,24.93912312370749,25.230134937707394,29.85333756766607,0,1,0.875,0.78125
ADP,2023-01-25,bmo,2023-01-24,0,0.3687014839136188,0.4124118423329476,-0.046581771502423375,-0.0557808443585347,-0.051766572530810406,-0.06845071669031433,75.72396931876753,39.67338615975635,30.873728645349736,24.04860689820478,1,1,0.09375,0.28125
ADP,2023-04-26,bmo,2023-04-25,0,0.4597622081845946,0.4528809800564469,-0.0040625405491692135,0.02291080567484549,0.009306044047171946,0.010912141210838167,6.462218609030096,26.69402608134751,20.222882774136412,18.32462123824961,0,1,0.46875,0.4375
ADP,2023-07-26,bmo,2023-07-25,0,0.6618916782331674,0.655630683253859,0.05393374490292513,0.032601398871828335,0.032684596968539203,0.043413134514846075,83.38813503035087,39.29569446495994,30.460368435869633,21.74242594224941,1,1,1.0,1.0
ADP,2023-10-25,bmo,2023-10-24,0,0.4108257392935129,0.4342972799055983,-0.09199414912151793,-0.09245168516289826,-0.07569142110775762,-0.03867768357625834,153.19607570706248,70.2403335427497,56.555651725875,40.278979121426126,1,1,0.34375,0.40625
ADP,2024-01-31,bmo,2024-01-30,0,0.4814689542434273,0.5510370155579679,0.030135472154454224,0.05121759065264797,0.04610407776573777,0.05255883325874455,47.13192177011866,23.172040265354727,16.673314257172716,12.84600885845378,1,1,0.53125,0.875
ADP,2024-05-01,bmo,2024-04-30,0,0.49281812888823984,0.47469089116805563,0.02248948178798993,0.013353142291502307,0.01492420983535947,-0.004051402742206389,35.30541684766572,23.24086335503216,18.670141996720755,17.841630403093532,1,1,0.59375,0.59375
ADP,2024-07-31,bmo,2024-07-30,0,0.4726665651363313,0.41890900121671726,0.018933817843768797,0.0067122847468523705,0.01617919366873677,0.0579653617437903,29.77550324847475,21.305688394754537,18.678760513156632,14.882771663957788,0,1,0.5,0.34375
ADP,2024-10-30,bmo,2024-10-29,0,0.5148809703910013,0.539051071198141,0.016774002701912094,0.011217294184959314,0.06931769858678405,0.06587968570026481,26.407041922348945,15.756788199568575,26.36151384109774,21.461781608091847,0,1,0.71875,0.84375
ADP,2025-01-29,bmo,2025-01-28,0,0.5649665892880973,0.5334734756685096,0.007576108466383014,0.021320313990580875,0.025041229004652665,0.0435453077122141,11.981370356183884,14.401473379937762,12.961570832564737,11.51371489117803,0,1,0.90625,0.8125
ADP,2025-04-30,bmo,2025-04-29,0,0.5058697459102788,0.5055838286545447,0.016330418727428242,0.025560442244783044,0.04199210944042853,0.09585149855193364,25.714339931260294,16.973233017793685,13.238807529709659,13.957835263774182,0,1,0.625,0.6875
ADP,2025-07-30,bmo,2025-07-29,0,0.44359815477007236,0.4235602146025804,0.0074520871921335274,-0.029808247143158217,-0.02919270224110382,-0.017982203770667282,11.785961011500884,23.370485251010926,19.204219472136366,17.57197659545703,0,1,0.4375,0.375
ADP,2025-10-29,bmo,2025-10-28,0,0.5306916304034787,0.5563598182750935,-0.06583696647982973,-0.0729891970848533,-0.08736535412158941,-0.09047661823339248,108.11222761824,49.548867911466665,38.02361750904351,28.94825331501569,1,1,0.84375,0.90625
ADP,2026-01-28,bmo,2026-01-27,0,,,-0.015009151059758419,-0.0763427213641934,-0.11386581219012881,-0.14203757912580195,24.006904377228686,40.699129225055316,31.25921416569782,35.94886421475511,0,1,,
ADP,2026-04-29,bmo,2026-04-28,0,,,0.07978111114885,0.05738823206108745,0.07350507776436332,0.10388111639798314,121.85009631434727,56.861160599259264,44.66503086498317,38.94017553417311,1,1,,
ADSK,2018-03-06,amc,2018-03-06,0,0.4496040507242623,0.5141564086289142,0.1487444213991942,0.1345624166499646,0.12288314857282834,0.0679903340213388,220.1310678797752,99.92466305593912,70.9885170983026,58.140300719853585,1,1,0.45161290322580644,0.6129032258064516
ADSK,2018-05-24,amc,2018-05-24,0,0.36055318590217345,0.3704994365978483,-0.04441403865728366,-0.03887124940728304,-0.02728184088747021,-0.06600920162548063,72.11876959463494,43.61659615648975,35.448170066770594,32.79161913417998,0,1,0.1935483870967742,0.1935483870967742
ADSK,2018-08-23,amc,2018-08-23,0,0.3397230397460643,0.3763365212330967,0.1532536113550198,0.12875066661353163,0.09434378138568755,0.12119436995338284,226.3501229752037,102.85118619383499,74.17540162092668,53.88080007692074,1,1,0.12903225806451613,0.22580645161290322
ADSK,2018-11-20,amc,2018-11-20,0,0.3936294746168452,0.3857963328934583,0.09743998323455316,0.16342950111015275,0.1388865982449603,-0.02234863821046218,147.60145907639605,76.21007328251544,62.83161881097998,55.14008966133838,1,1,0.2903225806451613,0.25806451612903225
ADSK,2019-02-28,amc,2019-02-28,0,0.39676608652350265,0.5426707247212738,-0.019876021983665115,-0.0628181742190389,-0.060487092464370784,-0.04410764630947628,31.869990815641874,22.796707642840452,17.89008272777191,21.34930951407896,0,1,0.3225806451612903,0.7741935483870968
ADSK,2019-05-23,amc,2019-05-23,0,0.295391086940609,0.29327740601784724,-0.04907391998882549,-0.05090238271661718,-0.025008790859270436,-0.006134206248183616,79.87885382776251,36.87237847108117,38.73095660650222,32.84677989267609,1,1,0.03225806451612903,0.03225806451612903
ADSK,2019-08-27,amc,2019-08-27,0,0.40147928960869594,0.35502391804576405,-0.06743894833923414,-0.03907869059055602,0.029691706648904637,-0.007589370472634416,110.8368595093463,54.25249040483718,47.82142177302073,35.650561875700454,1,1,0.3548387096774194,0.12903225806451613
ADSK,2019-11-26,amc,2019-11-26,0,0.4701367511073922,0.44005309620112243,0.054917971056364756,0.032786831057781685,0.05175641791535468,0.08536300685332243,84.86989942670621,43.66103886513436,32.01647815010578,25.63316941625562,1,1,0.5806451612903226,0.45161290322580644
ADSK,2020-02-27,amc,2020-02-27,0,0.34049215745226935,0.34042532395806474,0.0566289030277527,0.018765566034787406,-0.24716299698337996,-0.21632985271319272,87.44244084797033,74.67543579464552,102.73205384233405,112.08284209670654,1,1,0.16129032258064516,0.0967741935483871
ADSK,2020-05-27,amc,2020-05-27,0,0.32634967835698164,0.364115894549324,0.014113444565714506,0.13302638584568416,0.18407486726739597,0.17346481199943664,22.247769060577696,47.09616341446039,38.62496352961923,45.27291640316066,0,1,0.06451612903225806,0.16129032258064516
ADSK,2020-08-25,amc,2020-08-25,0,0.36359510767747455,0.39894075146430674,-0.01597684225948881,0.00503484374411145,-0.0771487721617361,-0.12400887289127727,25.567240946394854,31.91663216016987,57.41979876001179,44.44109990161614,0,1,0.22580645161290322,0.2903225806451613
ADSK,2020-11-24,amc,2020-11-24,0,0.5073080039597201,0.4303544157801789,0.04737996275952816,0.06985363653172216,0.07896672244134972,0.1638028081545344,73.485910231006,38.668343408965775,29.886680995745117,27.28411304980245,0,1,0.6774193548387096,0.41935483870967744
ADSK,2021-02-25,amc,2021-02-25,0,0.44293696589414183,0.46011924091016176,-0.028271657267923023,-0.065450820046427,-0.034045746820033584,-0.05288169939170062,45.5264953479148,41.429918643023356,49.781660621414616,40.48866680492195,0,1,0.41935483870967744,0.4838709677419355
ADSK,2021-05-27,amc,2021-05-27,0,0.39270151376188134,0.46593814512693055,-0.002825646346774513,-0.006592997383432109,-0.03195312810217765,0.023336838910479774,4.491923802951661,31.847099478851916,25.755065179516162,22.243579806526967,0,1,0.25806451612903225,0.5161290322580645
ADSK,2021-08-25,amc,2021-08-25,0,0.4658641312023897,0.4868359658508812,-0.09372713823000178,-0.11403278123147931,-0.1594939611714249,-0.13907142639968983,156.22872525643788,73.26759758404636,58.62504223077504,43.43859381607667,1,1,0.5483870967741935,0.5483870967741935
ADSK,2021-11-23,amc,2021-11-23,0,0.45567809624969674,0.4034247783874422,-0.15493423060366984,-0.17868423461914062,-0.09115128768117808,-0.07569082159745066,267.2327687971991,123.44796003569985,91.97222764934759,67.10687322325528,1,1,0.5161290322580645,0.3225806451612903
ADSK,2022-02-24,amc,2022-02-24,0,0.6031019812426905,0.5535605126431161,0.006600066411891925,-0.03749194678880041,-0.08428820243374124,-0.02768353418687819,10.442856627542927,31.28893735214206,41.13889027114698,45.11709710659752,0,1,0.9032258064516129,0.8709677419354839
ADSK,2022-05-26,amc,2022-05-26,0,0.5878469105552975,0.5347884825244978,0.10306319207202286,0.0873557888004648,-0.023743688022866083,-0.07733657019568319,155.71468229132932,76.70027239478016,62.77445307040447,70.26950255981285,1,1,0.8064516129032258,0.7096774193548387
ADSK,2022-08-24,amc,2022-08-24,0,0.4543731841896583,0.503979517382366,0.026675378520167214,-0.059180094278156736,-0.0214987898569432,-0.13929952029775527,41.79090216077416,46.93964791381084,40.530498121538585,37.138921518382745,0,1,0.4838709677419355,0.5806451612903226
ADSK,2022-11-22,amc,2022-11-22,0,0.561056728359082,0.5832165110131097,-0.05662990386743483,-0.03326949330446649,-0.07448539020208944,-0.0995691163269048,92.54299401674183,53.15990809443017,43.79974187508993,37.45903389100995,0,1,0.7419354838709677,0.9354838709677419
ADSK,2023-02-23,amc,2023-02-23,0,0.6252524645166493,0.6191894170096427,-0.12945380904656578,-0.0905679076127116,-0.09346173732446283,-0.09468259221680342,220.0753804033952,101.6108841240212,74.57576620428907,57.693838721770064,1,1,0.9354838709677419,0.967741935483871
ADSK,2023-05-25,amc,2023-05-25,0,0.6000362828236887,0.5505406861333338,0.006782731091567351,0.033812553235070375,0.019386524996887422,0.04702373283926864,10.730900402027986,25.741529688861647,27.102394173310522,33.12965663050843,0,1,0.8709677419354839,0.8064516129032258
ADSK,2023-08-23,amc,2023-08-23,0,0.3277464468607832,0.3219178396761179,0.020747726954886803,0.0841162771093451,0.08147383953198606,-0.0015658999963936715,32.59897558098813,30.51503874155945,23.08868267723544,23.709722144490403,0,1,0.0967741935483871,0.06451612903225806
ADSK,2023-11-21,amc,2023-11-21,0,0.4786902394967978,0.4135373991801499,-0.06895757170533845,-0.017549465234362627,0.008636949963831686,0.1112693592339018,113.42404118899762,58.202200000834615,45.80361696241972,36.50687661168689,1,1,0.6129032258064516,0.3548387096774194
ADSK,2024-06-11,amc,2024-06-11,0,0.4372004866830542,0.41465147019475956,0.054468105307143855,0.15423165540041373,0.15026004150967798,0.1983451392351876,84.19279270232404,59.95150034478951,43.57910906536337,32.46701079332353,1,1,0.3870967741935484,0.3870967741935484
ADSK,2024-08-29,amc,2024-08-29,0,0.5724209194124346,0.5395011729640127,0.0006582616385562012,-0.03043804180280485,0.02218944439054127,0.0668009110719252,1.044614178927835,13.289821939060872,17.18876552994132,17.90070380946874,0,1,0.7741935483870968,0.7419354838709677
ADSK,2024-11-26,amc,2024-11-26,0,0.6381246233052729,0.5627216775244438,-0.08592268694440586,-0.04318147200192568,-0.033023022651211265,-0.06406464858666161,142.61677474900426,66.27881142239809,48.02451115951417,36.65093240089382,1,1,0.967741935483871,0.9032258064516129
ADSK,2025-02-27,amc,2025-02-27,0,0.5418307056984033,0.5507021318944518,-0.02882951823083435,-0.07777577821984216,-0.12544718491965834,-0.07338410048805422,46.43809901721276,30.82341859325865,33.256122866777574,31.284080988467068,0,1,0.7096774193548387,0.8387096774193549
ADSK,2025-05-22,amc,2025-05-22,0,0.5070364619985139,0.5250931480792442,0.0011864613678496116,0.003796593617584776,0.009694865598516955,0.03115255064883482,1.8823325949362584,13.53168835536157,12.231637880579747,15.925577938091367,0,1,0.6451612903225806,0.6451612903225806
ADSK,2025-08-28,amc,2025-08-28,0,0.5904914609690344,0.5338162945325013,0.09085244847269291,0.13130439933821636,0.10593087660950107,0.11626056251613193,138.04385271861642,64.45007028760804,46.498203486851295,32.97563389661774,1,1,0.8387096774193549,0.6774193548387096
ADSK,2025-11-25,amc,2025-11-25,0,0.7270638172859915,0.6822088710596945,0.02360497360975189,0.043507787512326646,0.019257594568424352,0.021329344616777046,37.036313034508396,22.3782228739588,18.385795312245072,16.37722831017187,0,1,1.0,1.0
ADSK,2026-02-26,amc,2026-02-26,0,,,0.05320196329537308,0.1313771624325406,0.07042194326972351,-0.015463699539700282,82.28553178487562,46.28654598970628,36.32702772445254,33.42383667454338,1,1,,
ADSK,2026-05-28,amc,2026-05-28,0,,,-0.040008298450898816,-0.030338234700886924,-0.14683540183494304,-0.18970737511524838,64.81662964599208,71.29134210996038,64.29389218498109,51.95571602517306,0,1,,
AEP,2018-01-25,bmo,2018-01-24,0,0.3592121561939904,0.3893636734589946,0.01781552776858253,0.004380623722956445,-0.058849367583684864,-0.006653543519963168,28.032303338522485,19.28477314198068,21.932519105532293,22.019776779145488,0,1,0.15625,0.25
AEP,2018-04-26,bmo,2018-04-25,0,0.42690240915055283,0.42603672054237396,0.009842228001466724,0.0014473257610125856,-0.031891221965204886,-0.023564214953492923,15.547665642142396,13.43912727049574,15.690455941217765,14.520310024926808,0,1,0.375,0.375
AEP,2018-07-25,bmo,2018-07-24,0,0.5906027344362049,0.5284655191918406,0.004633584941506674,0.030118521333109216,0.03156635221734261,0.033358932577290945,7.338599148811631,20.093520649758556,16.236400230501935,13.753842179250139,0,1,0.96875,0.8125
AEP,2018-10-25,bmo,2018-10-24,0,0.45357805465028866,0.4872675912332255,-0.026733606052455228,-0.029115733194080784,-0.005690743718457902,0.013004019024446034,43.015865293482456,25.966063078960254,21.008157176082822,19.30960701333875,1,1,0.46875,0.53125
AEP,2019-01-24,bmo,2019-01-23,0,0.6081987671558682,0.508785531985818,0.009609233021390162,0.0019480088915726501,0.028567556832483465,0.07021342478117099,15.181360164456867,11.2593479156754,15.40309393593033,13.288145172024043,0,1,1.0,0.65625
AEP,2019-04-25,bmo,2019-04-24,0,0.48993752543450453,0.4702858299038648,0.009640668030860944,0.011068906479049456,-0.003451478740472913,0.05797798598486903,15.230785974002083,16.247584152273227,13.980996802113351,15.592423519979693,0,1,0.5,0.46875
AEP,2019-07-25,bmo,2019-07-24,0,0.3715630090611358,0.39971054798827327,-0.00591468813858298,-0.020087476350389544,0.0014507561345327158,0.02281311300704636,9.417153637047901,13.328716911010346,13.71451010567593,14.448715415189731,0,1,0.28125,0.28125
AEP,2019-10-24,bmo,2019-10-23,0,0.4000429856074038,0.45537468783201857,0.013553868162272442,-0.003599994793162975,-0.026047919504760153,-0.028288704351388527,21.371589799014938,17.409152755961717,16.08308118171452,15.213160692347113,0,1,0.3125,0.4375
AEP,2020-02-20,bmo,2020-02-19,0,0.5776105488008966,0.47251369861885717,-0.010821356409651317,-0.05864744336617311,-0.035555700991091954,-0.21922701831750335,17.27199340994986,20.684209154037543,53.03168587742276,76.38946240732018,0,1,0.90625,0.5
AEP,2020-05-06,bmo,2020-05-05,0,0.4425345640468624,0.3452653963183553,-0.05389516865354638,-0.05643857926755047,-0.06576394103364158,0.022161454698032212,87.9477908364301,43.13954310859418,36.51838974887795,33.51869283540389,0,1,0.40625,0.15625
AEP,2020-08-06,bmo,2020-08-05,0,0.49072513407952084,0.5174589685725332,0.00636569655438235,0.00018503311702655623,-0.03820610615974129,-0.05437042091801614,10.073202435511428,29.213529472968354,24.151807644227855,24.01289514831055,0,1,0.53125,0.78125
AEP,2020-10-22,bmo,2020-10-21,0,0.4104585952922261,0.3418655100692122,0.01991104493875917,-0.0008850067960139985,-0.0027656073350060817,-0.08045843580261747,31.2972473181496,27.07934852307098,21.258310381736862,22.86267599764735,0,1,0.34375,0.125
AEP,2021-02-25,bmo,2021-02-24,0,0.3446174429380108,0.42908666775712884,-0.01037604627897748,-0.0101168767368498,0.05317739408013966,0.09883259542337441,16.557512915401645,23.480034523850453,23.23411931574528,20.861589066516945,0,1,0.125,0.40625
AEP,2021-04-22,bmo,2021-04-21,0,0.260111526349463,0.29469850699860495,-0.01566883062359048,-0.029322761323741675,-0.02104065924249332,-0.026407330179720412,25.07042661682459,12.478816643841485,13.460158819448633,14.872213944271689,0,1,0.03125,0.03125
AEP,2021-07-22,bmo,2021-07-21,0,0.5113754393497307,0.5483323443721895,0.0018885028194313147,0.05040121245635154,0.0485129253918406,0.07595641189642421,2.9950780688961247,21.833946813901775,17.151751192682934,13.633053469677142,0,1,0.625,0.90625
AEP,2021-10-28,bmo,2021-10-27,0,0.37022336803315953,0.3715570699019054,0.004863313715075757,0.007473287416432495,0.007947222084839556,-0.011569790320465012,7.701558777311875,5.976865985267799,13.993424502391028,14.828701123385438,0,1,0.25,0.1875
AEP,2022-02-24,bmo,2022-02-23,0,0.36775660062468873,0.3350512394145405,0.02268425256193951,0.07797732195259144,0.12251885893330683,0.13941391380474122,35.607776509402534,31.07742183044384,31.496128357833005,23.765872620454413,1,1,0.1875,0.09375
AEP,2022-04-28,bmo,2022-04-27,0,0.5549139458081959,0.5993494322360021,0.02913694007661438,0.011956253716708831,0.010421050061412584,0.03877522856557425,45.59242592948193,35.435471062479394,26.36706561476665,21.126344699232806,1,1,0.84375,1.0
AEP,2022-07-27,bmo,2022-07-26,0,0.4969067024737669,0.5147066598696171,-0.001348445893436745,0.0211573459844141,0.051234073938912994,0.07308016149473873,2.1420360289113076,13.351127636108611,13.481077507424441,14.560355776435038,0,1,0.59375,0.75
AEP,2022-10-27,bmo,2022-10-26,0,0.49652278648353654,0.4164640029424841,-0.003087531018358125,0.008690701862910322,0.013657847931456413,0.10195756741717332,4.908885617840085,22.24098399958481,20.498658879186106,26.07927152868253,0,1,0.5625,0.34375
AEP,2023-02-23,bmo,2023-02-22,0,0.5399272998389616,0.5531931606022953,-0.0012114063139179176,-0.04910827140464502,-0.016736444870073086,-0.0595683245000439,1.9242136437062802,21.587758830882734,19.854925132756634,24.953468219218784,0,1,0.75,0.9375
AEP,2023-05-04,bmo,2023-05-03,0,0.5118780585929154,0.5065273854202076,0.006272655225568746,0.018528959498240516,-0.033108294108136205,-0.0733074158625675,9.926431376927052,8.513495464939485,18.290492070140314,19.791398700717032,0,1,0.65625,0.625
AEP,2023-07-27,bmo,2023-07-26,0,0.536788770597018,0.509378867886878,-0.0268233550025897,-0.035498322676766,-0.06919920403892543,-0.09088059056256226,43.16225749581326,21.399120859546432,22.46605691926728,17.583639179773204,1,1,0.71875,0.71875
AEP,2023-11-02,bmo,2023-11-01,0,0.3285610600128115,0.38765804236524215,0.03608802189030236,0.021836136914115123,0.012050080111763783,0.06468236160036422,56.27846949811119,26.878213527753676,30.99370226222807,23.255287338034663,1,1,0.0625,0.21875
AEP,2024-02-26,amc,2024-02-26,0,0.34393243190938777,0.3240822982056563,0.040856910348292086,0.05175197752861771,0.03664750826799423,0.021171374922272168,63.56839704554913,33.16396790933872,24.147915765931415,18.387595151024954,1,1,0.09375,0.0625
AEP,2024-04-30,bmo,2024-04-29,0,0.36810111726674577,0.40972532300604997,-0.007384389121262047,0.024691134822194316,0.06631876821797134,0.01913143316278121,11.765849789521244,18.37766194251761,16.78191625967434,16.73442981541622,0,1,0.21875,0.3125
AEP,2024-07-30,bmo,2024-07-29,0,0.5863393784328347,0.5582622042465933,0.011022886698119017,0.01019870474876372,0.009784678679676695,0.02433793479152513,17.40255222152266,35.660293389730604,27.340705732239044,20.08917053986875,0,1,0.9375,0.96875
AEP,2024-11-06,bmo,2024-11-05,0,0.5499019396382435,0.5091039401847774,-0.04133461133221705,-0.06507757877790954,-0.027463459738601426,-0.01992065980857427,67.0113488304486,35.89813451581928,28.933763475517786,22.918771014806403,1,1,0.78125,0.6875
AEP,2025-02-13,bmo,2025-02-12,0,0.5546873852504047,0.5337200655028941,-0.01328793251575966,0.019540734925605152,0.027454713173279632,0.031362782569617886,21.23534036222318,15.609996409779589,16.85697410948177,23.58672379302811,0,1,0.8125,0.84375
AEP,2025-05-06,bmo,2025-05-05,0,0.5671455638864552,0.5056321969042564,0.0,-0.05164907290926002,-0.025449354074306263,-0.04357311695549404,0.0,29.85057373836138,28.503832622213764,21.717881368381345,0,1,0.875,0.59375
AEP,2025-07-30,bmo,2025-07-29,0,0.4469461711886734,0.4978926069393668,0.03689801184743802,0.03680648855465196,0.03381547852016786,0.042123703603185625,57.519017421864206,29.452349107897234,21.04423220589819,17.644163627872555,1,1,0.4375,0.5625
AEP,2025-10-29,bmo,2025-10-28,0,0.5337663981618673,0.5412517617150348,0.06081142255608141,0.045087327411789335,0.07460471215568565,0.07451715788950408,93.71374159759654,43.11064117327429,32.74581776127843,24.995809853828494,1,1,0.6875,0.875
AEP,2026-02-12,bmo,2026-02-11,0,,,0.03419224804895604,0.05047032563007048,0.0805726243383762,0.09292438072592435,53.37118340685538,35.48660133975694,27.41405085028386,21.300447203776258,1,1,,
AEP,2026-05-05,bmo,2026-05-04,0,,,0.017674017163142652,-0.022358630404628266,-0.044948329893833794,-0.05519600696186211,27.811578920806806,27.406062960562107,30.486245797457983,26.19203906475036,0,1,,
ALAB,2024-05-07,amc,2024-05-07,0,0.543511481115477,0.44263030859554364,-0.09095681957098356,-0.05079410188440736,-0.03740656270102383,-0.17298862970911566,151.38356568501942,71.23283200559783,67.99017486034529,56.42856057350166,0,1,0.42857142857142855,0.2857142857142857
ALAB,2024-08-06,amc,2024-08-06,0,0.6280502471415389,0.6022213203714398,-0.1438324076316576,-0.0489641722874633,-0.0781544192702559,-0.01859700856968871,246.5138619359764,141.40642986615657,121.3611705502325,110.8834356826183,1,1,1.0,1.0
ALAB,2024-11-04,amc,2024-11-04,0,0.47982137848944006,0.537648023435313,0.37702801953957454,0.3244795115434982,0.297630944341569,0.6549891474192875,507.86926915407935,237.84702627828503,170.51324979972534,131.86898681058204,1,1,0.2857142857142857,0.42857142857142855
ALAB,2025-02-10,amc,2025-02-10,0,0.4269211410853166,0.4052589846240253,-0.10891664149756841,-0.0970084633909094,-0.24736182423556297,-0.3337206013667614,183.06053822973178,99.18106888975723,86.2023466265473,94.21538022295168,0,1,0.14285714285714285,0.14285714285714285
ALAB,2025-05-06,amc,2025-05-06,0,0.5960645010432172,0.5592767127032253,-0.003783692126563265,0.2298206472198363,0.3237107381802653,0.27116029019924315,6.017817019183184,106.38188902246932,81.19707703822144,65.5152733954433,0,1,0.8571428571428571,0.5714285714285714
ALAB,2025-08-05,amc,2025-08-05,0,0.5657822093397199,0.5758595542255363,0.28663131199586966,0.41655606839729464,0.26206290417527267,0.3866755663139869,400.08112090716077,188.91518194334577,141.26814941278386,105.05489161479669,1,1,0.5714285714285714,0.7142857142857143
ALAB,2025-11-04,amc,2025-11-04,0,0.5763854087452199,0.5952331458432284,0.014667363329549321,-0.06558471176707859,-0.2219061615520378,-0.14946184494258485,23.114613616491223,91.11422758494746,84.68176603637897,87.2012185757136,0,1,0.7142857142857143,0.8571428571428571
ALAB,2026-02-10,amc,2026-02-10,0,,,-0.21409818312265783,-0.2913704396886059,-0.2991906733635332,-0.3443071140453039,382.4540555649892,199.2330074082221,141.92189769705467,112.42259887327843,1,1,,
ALAB,2026-05-05,amc,2026-05-05,0,,,-0.008252578975144753,-0.05225093488291144,0.13245858288304735,0.660021251519229,13.154918959101261,71.17306050326403,101.18526075415633,105.69155686525707,0,1,,
ALNY,2018-02-08,bmo,2018-02-07,0,0.38831568617516704,0.45610724766693744,-0.04726019179407326,-0.01728227573303809,-0.018265179739766935,0.08952418922448757,76.85394789387693,37.61030487510449,30.16163079838542,35.416314796519664,1,1,0.21428571428571427,0.2857142857142857
ALNY,2018-05-03,amc,2018-05-03,0,0.6440706093018291,0.6404308185228265,0.0457479450483147,0.11289776351865499,0.15094555768966278,0.14369836702788286,71.01043005149597,51.57363591301905,40.74421245276959,30.927439440132392,0,1,0.8928571428571429,0.9285714285714286
ALNY,2018-08-02,bmo,2018-08-01,0,0.5153481499096576,0.4908273693828063,0.0077257209592287435,-0.01608632318161185,-0.034606801957821065,0.28987194421506746,12.217069511939986,31.154655528546755,47.3188629369458,65.08962695139643,0,1,0.4642857142857143,0.5714285714285714
ALNY,2018-11-07,bmo,2018-11-06,0,0.3687924568569879,0.3988832436500761,-0.1185674069572864,-0.21986557126905093,-0.157858081941184,-0.13792306089756623,200.34700224765314,104.85161477404803,87.94385700680041,76.04264144792222,1,1,0.14285714285714285,0.10714285714285714
ALNY,2019-02-07,amc,2019-02-07,0,0.6177535180314775,0.5123351464934917,-0.038490105110013384,0.027598955981605666,-0.032425775341911156,0.08725241529814398,62.308114722837146,48.90473482915876,46.05617500954139,46.69279392158149,0,1,0.7857142857142857,0.7142857142857143
ALNY,2019-05-01,bmo,2019-04-30,0,0.3817626932380997,0.4041342469955883,-0.07062903310101853,-0.2072979337610713,-0.2433400353134918,-0.23091558203555052,116.276486165133,82.62024808946062,64.0377004746823,47.65411455691385,1,1,0.17857142857142858,0.14285714285714285
ALNY,2019-08-06,bmo,2019-08-05,0,0.49769406578211184,0.4656628520851819,0.041590721733634206,0.10460710276188134,0.15109918404692735,0.15291972565378176,64.68716660419264,71.37531760718822,54.34319147736463,39.2566158022252,0,1,0.35714285714285715,0.35714285714285715
ALNY,2019-10-31,bmo,2019-10-30,0,0.6934845874755144,0.5948218701409346,-0.006073092697190807,0.037355359936174226,0.03792832949823732,0.34227115727699764,9.670129387676546,36.880642963408675,29.422784653414023,54.79297143417001,0,1,1.0,0.8214285714285714
ALNY,2020-02-06,bmo,2020-02-05,0,0.4020412180030902,0.42086766101718476,0.003043036086240347,0.10198214926180782,0.0948268700268382,-0.06743973349135512,4.823334954093075,46.98975903110297,40.03605024530465,50.77118232977569,0,1,0.25,0.17857142857142858
ALNY,2020-05-06,bmo,2020-05-05,0,0.5458203847327947,0.47250747878061333,0.02860588166210709,0.020958767991309912,0.008355221767809118,-0.06606246628410395,44.77305325795912,51.0594241639047,48.11457858206116,41.66905414295583,0,1,0.6785714285714286,0.42857142857142855
ALNY,2020-08-06,bmo,2020-08-05,0,0.635610209353315,0.6575625452729188,-0.04201015169938116,-0.09139856272838986,-0.08787557169744187,-0.16784099701031596,68.13036816265196,40.77545643260495,35.18633433411341,32.85198100444073,0,1,0.8571428571428571,1.0
ALNY,2020-11-05,bmo,2020-11-04,0,0.35184185559054726,0.39340576164991325,-0.011685460023100891,-0.07455737863443634,-0.10065243380902966,-0.0711879528534175,18.659327697233014,50.065969154102454,45.92479937328946,37.19664400390529,0,1,0.07142857142857142,0.07142857142857142
ALNY,2021-02-11,bmo,2021-02-10,0,0.5397947874660678,0.4674959953344183,0.0074317811494100106,-0.0848562842581464,-0.10702976932422048,-0.13377196773866717,11.753964285531877,49.571186492246056,51.21117610550975,53.27845446351957,0,1,0.6428571428571429,0.39285714285714285
ALNY,2021-04-29,bmo,2021-04-28,0,0.5184119592896461,0.4583632446312569,-0.02675396342610792,-0.0756636292253493,-0.0708562548278392,-0.022991730508074237,43.04906963198301,39.68223733801858,33.644431557806854,28.422238198715622,0,1,0.5,0.32142857142857145
ALNY,2021-08-03,bmo,2021-08-02,0,0.5479356541656693,0.5413733537112659,0.004776302611031236,0.12525282336031696,0.10575405346938083,0.13188348548250084,7.564095478394934,47.31962423594939,41.79379626514243,31.569287086698132,0,1,0.7142857142857143,0.75
ALNY,2021-10-28,bmo,2021-10-27,0,0.3289156697617689,0.3703502570688621,-0.1518100215344007,-0.09567905521309228,-0.07799750667751604,-0.01375813367037404,261.37478334058966,123.18585547720025,97.21885790054536,69.92470145986654,1,1,0.03571428571428571,0.03571428571428571
ALNY,2022-02-10,bmo,2022-02-09,0,0.5270294490553975,0.4996747710795968,-0.003566666498692306,0.012417470003980968,0.009841516203645373,0.023513956148617066,5.672028679986148,24.1232574078965,28.63280452734192,27.42252755441527,0,1,0.6071428571428571,0.6785714285714286
ALNY,2022-04-28,bmo,2022-04-27,0,0.6200186935890736,0.6367745982252242,-0.07591011261187386,-0.07416734849579487,-0.2226955874500891,-0.18925897263986413,125.3227808216379,82.92841664147153,88.57638108291025,65.55877958844738,1,1,0.8214285714285714,0.8928571428571429
ALNY,2022-07-28,bmo,2022-07-27,0,0.5641510118497014,0.47910988879619854,0.010917820937031752,0.4933436126217281,0.6341480453982558,0.5067971848249158,17.23757535092716,285.2694634997266,207.31244829524434,144.7163955996728,0,1,0.75,0.4642857142857143
ALNY,2022-10-27,bmo,2022-10-26,0,0.6497870724123533,0.6478933887889611,-0.03492191883025775,0.06631181746960513,-0.01532186730470897,0.05820314744588351,56.427950760822355,50.37958696103184,44.07502572851163,46.721105881991896,0,1,0.9285714285714286,0.9642857142857143
ALNY,2023-02-23,bmo,2023-02-22,0,0.4997817255204458,0.49241352018023116,-0.024167083355780217,-0.028344167250284324,-0.05315764354528962,-0.05275982241835486,38.835236008575876,33.256609083274014,36.41889749444271,30.61658685195285,0,1,0.39285714285714285,0.6071428571428571
ALNY,2023-05-04,bmo,2023-05-03,0,0.40720729704108666,0.4348144427428706,0.029523806464403224,0.057493740454652276,-0.03142859284441568,-0.029223066822329224,46.18905785135579,33.986938515486386,47.34431440902697,37.56090738699969,0,1,0.32142857142857145,0.21428571428571427
ALNY,2023-08-03,bmo,2023-08-02,0,0.5020480806236428,0.4848378133230374,0.01652324307494024,-0.0034757174246139444,-0.024490679458777698,0.05780446572328879,26.015492118267396,22.136484962006943,21.48620977126082,20.16607533252294,0,1,0.42857142857142855,0.5357142857142857
ALNY,2023-11-02,bmo,2023-11-01,0,0.5185787206434307,0.49753700538921375,0.028853495409534302,0.07898085284384959,0.08949046529782057,0.09178346281598326,45.15515036705825,34.870839023859936,34.82958721615472,31.248091915614552,0,1,0.5357142857142857,0.6428571428571429
ALNY,2024-02-15,bmo,2024-02-14,0,0.6503886104238995,0.6350116654097917,-0.10185806787935081,-0.008163243300122525,-0.07956136487479615,-0.09064873699238152,170.53534486030694,88.56587747993245,67.26093359939055,47.51721034961255,1,1,0.9642857142857143,0.8571428571428571
ALNY,2025-01-13,bmo,2025-01-10,0,0.35311541548160064,0.4417559892683,0.08525923880325892,0.03483489660371708,0.16282887618484354,0.13030504690965272,129.88345847601755,83.35795271944559,71.8390753699065,52.19014656211669,1,1,0.10714285714285714,0.25
ALNY,2025-07-31,bmo,2025-07-30,0,0.5194299184568395,0.5834055686540676,0.15432608689014016,0.25997654511186163,0.2728664053902057,0.3311653997111337,227.8256969332804,108.8881338446261,77.95709279475236,57.24029341557403,1,1,0.5714285714285714,0.7857142857142857
ALNY,2025-10-30,bmo,2025-10-29,0,0.40288254897593034,0.48316989007207833,-0.06650885405191054,-0.09765568042717387,-0.05990574206876598,-0.06304114616671042,109.25439677628854,66.06128474406299,48.67575934209073,39.89410057078609,1,1,0.2857142857142857,0.5
ALNY,2026-02-12,bmo,2026-02-11,0,,,-0.04281987043949076,0.05302841132748726,0.027801884972744162,-0.027522636064243766,69.4726915515838,54.267845574540466,41.64327004828113,33.608242153264804,0,1,,
ALNY,2026-04-30,bmo,2026-04-29,0,,,0.02755731506919279,0.0060094875126071035,-0.032238757516418914,0.0026229573973843845,43.153971650325666,38.1093720489436,36.60078885269133,31.199601928479265,0,1,,
AMAT,2018-02-14,amc,2018-02-14,0,0.268043357700456,0.25549868060144915,0.03906842578029135,0.08106397923494768,0.100344512562478,0.14603923389175066,60.838364496023004,38.124128871302894,34.09652758390207,32.59147408072002,0,1,0.03225806451612903,0.03225806451612903
AMAT,2018-05-17,amc,2018-05-17,0,0.4494271767587401,0.4326450536658767,-0.08246858755271169,-0.05535790675511132,-0.028007072594023574,-0.10094335339930893,136.62944872220385,62.034102650404236,48.3538866969766,38.27465978676628,1,1,0.6129032258064516,0.41935483870967744
AMAT,2018-08-16,amc,2018-08-16,0,0.3224763045485274,0.35778938656988246,-0.07716651459605717,-0.09368608798839995,-0.08627319442559533,-0.18031436743337526,127.48256357729026,58.12049570249969,43.10834131797364,36.925660475208026,1,1,0.12903225806451613,0.1935483870967742
AMAT,2018-11-15,amc,2018-11-15,0,0.42916621115669057,0.42194313354441126,0.01085110290984903,0.006483583694847361,0.07052009740524112,-0.04434255722841951,17.1328041443632,35.609946159308855,34.815386178767795,42.53956787314428,0,1,0.4838709677419355,0.3870967741935484
AMAT,2019-02-14,amc,2019-02-14,0,0.3589735916031652,0.3323062697350557,-0.03954812040457745,-0.02648797845342321,-0.047967637210202585,-0.012414348024512467,64.05585747566583,31.06715196805886,25.26409733581981,25.42336166987794,0,1,0.2903225806451613,0.12903225806451613
AMAT,2019-05-16,amc,2019-05-16,0,0.31928885556740794,0.3247490265422824,0.024963840954333127,-0.03638335724251285,-0.06654189601844496,-0.022872595651072025,39.14230560467525,48.68635079912199,38.522651148723796,39.36298927635157,0,1,0.0967741935483871,0.0967741935483871
AMAT,2019-08-15,amc,2019-08-15,0,0.4204552283054464,0.4634049431757643,-0.011238369398818948,0.0017448767223964268,0.007709256531652997,0.08460277562646579,17.941364084221036,13.33433673007883,28.314893452357108,27.631707294908175,0,1,0.41935483870967744,0.7096774193548387
AMAT,2019-11-14,amc,2019-11-14,0,0.47610910327635736,0.44280837116681726,0.08953662532996409,-0.005703086024922421,0.020018054401200525,0.056308598642076824,136.12786005320538,75.40072452291857,58.0854329276787,45.31218658996322,1,1,0.6774193548387096,0.4838709677419355
AMAT,2020-02-12,amc,2020-02-12,0,0.4796408519170471,0.45850895796290486,0.03059498840412256,0.018957320150291057,-0.12529274490413211,-0.21905506740059244,47.839883784619005,37.91968543547888,51.31773971244162,94.75116424292565,0,1,0.7419354838709677,0.6451612903225806
AMAT,2020-05-14,amc,2020-05-14,0,0.32970824618250283,0.28970389263388036,-0.043909683883809114,0.01486456266468661,0.036261334933197276,0.05230859911318131,71.28113990815152,56.25031072009148,47.14901350493127,46.343113616734385,0,1,0.1935483870967742,0.06451612903225806
AMAT,2020-08-13,amc,2020-08-13,0,0.4010390203635213,0.4488508314089471,0.03918845528822801,-0.01641389111315239,-0.04355167592952491,-0.12943620139191758,61.021730603207104,36.850370028451415,34.12526917271768,49.56050369570282,0,1,0.3548387096774194,0.5161290322580645
AMAT,2020-11-12,amc,2020-11-12,0,0.4962541029269535,0.49615040057003446,0.043123247658657826,0.11001722689755522,0.1877541328889143,0.27166970077805064,67.0211174091267,39.76804826634797,42.67988819691958,33.70621786970924,0,1,0.8064516129032258,0.8064516129032258
AMAT,2021-02-18,amc,2021-02-18,0,0.33180867461856733,0.35738608027819285,0.053160607548191186,0.00631414586665513,-0.043944064086087975,0.014528745713047186,82.2231966348736,80.97937336655278,73.65881713535276,69.81878983739985,0,1,0.22580645161290322,0.16129032258064516
AMAT,2021-05-20,amc,2021-05-20,0,0.32699280304897055,0.38210385093327404,-0.012661988098034649,0.059481075287761254,0.0750866220342965,0.022811998375225073,20.228622242974843,36.87929451985198,30.67271099321835,29.751365705967377,0,1,0.16129032258064516,0.3225806451612903
AMAT,2021-08-19,amc,2021-08-19,0,0.44365378850692244,0.48483948019308354,-0.01547964085424891,0.027340280418091334,0.04253857068357658,0.050912815747207185,24.765345766655077,27.50073505035505,25.98963696890366,27.72880953800033,0,1,0.5806451612903226,0.7741935483870968
AMAT,2021-11-18,amc,2021-11-18,0,0.40736108492095713,0.37877810544368484,-0.05486939456442008,-0.0958718254337586,-0.07984510088257868,-0.08501907967226796,89.58326762085971,50.62403042510728,52.27246848372409,50.1636701273155,1,1,0.3870967741935484,0.2903225806451613
AMAT,2022-02-16,amc,2022-02-16,0,0.6235683263793719,0.5698616386392218,-0.031853092222652535,-0.05178405986165169,-0.07154152394630342,-0.03955982305787975,51.388066285793634,46.05759514768842,41.844124781155784,49.10473749008549,0,1,1.0,1.0
AMAT,2022-05-19,amc,2022-05-19,0,0.4772705768480593,0.48250282141502787,-0.038649107280142925,0.04164153143321325,0.040645772309132466,-0.13849801352130808,62.57064867459414,60.978130076182815,52.073519775611075,60.063570649488916,0,1,0.7096774193548387,0.7419354838709677
AMAT,2022-08-18,amc,2022-08-18,0,0.3819225591157058,0.4059160315412568,-0.03361968534610116,-0.027722121923772658,-0.14985879325174623,-0.16921178692889605,54.287359085102324,43.99892585472167,47.99806612038735,42.868505316258286,0,1,0.3225806451612903,0.3548387096774194
AMAT,2022-11-17,amc,2022-11-17,0,0.5826727770164637,0.5504427580382651,0.0023935158795149736,0.015583417233329344,0.024124890551697975,-0.0019798161909510004,3.7950487207079266,18.961129434370005,36.766635299737864,34.75251433251638,0,1,0.967741935483871,0.9032258064516129
AMAT,2023-02-16,amc,2023-02-16,0,0.4316144528151146,0.4577968844833974,0.00043355909457454267,-0.033099210060368645,0.033352862899584945,0.07748076221963185,0.688104569515039,32.39778311607204,30.196796679905486,31.66137016918322,0,1,0.5161290322580645,0.6129032258064516
AMAT,2023-05-18,amc,2023-05-18,0,0.33872883442678664,0.44105043424789325,-0.022860609695502188,0.006821008781866977,0.03892350100507702,0.06894204583199959,36.71133190432471,55.062892301557675,46.307695180280625,34.30593988986945,0,1,0.25806451612903225,0.45161290322580644
AMAT,2023-08-17,amc,2023-08-17,0,0.4871704601691513,0.45555170230870745,0.03684863807007255,0.03807782388534786,0.11266320524607187,0.021689361615556013,57.44342627698211,47.836472181574216,38.54386862473331,34.09628409491429,0,1,0.7741935483870968,0.5806451612903226
AMAT,2023-11-16,amc,2023-11-16,0,0.5328219863925205,0.5281158269382221,-0.04017839863757755,-0.026787614986646724,-0.018695711949580085,0.03807602181682124,65.09793374514385,38.30248112845147,29.64703173317979,31.95361880430027,1,1,0.9032258064516129,0.8709677419354839
AMAT,2024-02-15,amc,2024-02-15,0,0.5112393692944586,0.556999908510835,0.06346599965798827,0.052404134442650685,0.1222760094678017,0.07146004755805513,97.6812202875972,68.17814308420364,57.52721836695607,44.263836927199975,1,1,0.8709677419354839,0.967741935483871
AMAT,2024-08-15,amc,2024-08-15,0,0.47609482628952815,0.4586775379765359,-0.018552700527657895,-0.05309144776385932,-0.08724059334303413,-0.11278165914491556,29.72812829031506,39.05903150385458,33.470277345851265,41.80900144219118,0,1,0.6451612903225806,0.6774193548387096
AMAT,2024-11-14,amc,2024-11-14,0,0.5806165448205223,0.5535504718290218,-0.09204289630218676,-0.052885445978352985,-0.058489977094474344,-0.08705148826802633,153.28130184025218,73.20104299643138,53.18136443104721,45.57353186316969,1,1,0.9354838709677419,0.9354838709677419
AMAT,2025-02-13,amc,2025-02-13,0,0.49956570541884215,0.5280086118119867,-0.08178219825736943,-0.06454605052389506,-0.14020679788756707,-0.15440351655177098,135.44234836101595,65.09683590411694,61.21958515607386,50.643723723518974,1,1,0.8387096774193549,0.8387096774193549
AMAT,2025-05-15,amc,2025-05-15,0,0.43732422320309733,0.44977558486449176,-0.052532033351980645,-0.07881842618775814,-0.10045358566605078,0.013173319615150003,85.66225886971358,41.60377457720296,35.48868509544471,33.07249358102731,0,1,0.5483870967741935,0.5483870967741935
AMAT,2025-08-14,amc,2025-08-14,0,0.4211993627613012,0.37204830807920697,-0.14067159051297173,-0.14843762694788842,-0.11950875744968481,-0.08935473748391298,240.66407004594134,108.23739789436581,77.4310219605898,58.21510751555682,1,1,0.45161290322580644,0.25806451612903225
AMAT,2025-11-13,amc,2025-11-13,0,0.29435978183445394,0.364892445271595,0.012453546887313705,-0.011505157062774996,0.13221555205515578,0.17270142315460824,19.647305838109773,57.10615524945438,52.830583529466544,43.828909890614696,0,1,0.06451612903225806,0.22580645161290322
AMAT,2026-02-12,amc,2026-02-12,0,,,0.08075760839267154,0.14451763081128854,0.13512685374684552,0.055488033466940756,123.28505455822163,60.15580489711589,54.65838622760243,54.94753560475248,1,1,,
AMAT,2026-05-14,amc,2026-05-14,0,,,-0.008943189461537382,-0.02875600294236247,0.02283340960190583,0.33127891368399687,14.260736857576484,53.0337659182662,46.444569514729686,72.96300021214664,0,1,,
AMD,2018-02-27,amc,2018-02-27,0,0.45131083250788,0.42485489792228287,-0.03351955987586863,-0.061452475698239195,-0.07102948193259018,-0.21707896020118345,54.12289379060885,29.76455102545908,34.503015009624974,35.68754168520932,0,1,0.46875,0.125
AMD,2018-04-25,amc,2018-04-25,0,0.6311146563813093,0.6000289840018858,0.13697218521946253,0.12976315385497061,0.2306899858206013,0.3810504422996104,203.77907501154917,94.40161362331739,71.45271766863677,52.81607875000688,1,1,0.96875,0.96875
AMD,2018-07-25,amc,2018-07-25,0,0.440012637448776,0.43739782032024765,0.1433022588000079,0.15140189536986037,0.21993774794047938,0.38878516978731104,212.59266858924371,107.58607021240145,80.95391757949739,64.28260892487636,1,1,0.3125,0.3125
AMD,2018-10-24,amc,2018-10-24,0,0.4900132089800821,0.42826112145159334,-0.15445372164796256,-0.20096540794494788,-0.04168498134162846,-0.1496271003849513,266.3303922392185,145.12041179597955,120.34871303357085,100.00359364162009,1,1,0.625,0.25
AMD,2019-01-29,amc,2019-01-29,0,0.4452009049806051,0.4173457431674056,0.19948052740716316,0.21090906316583813,0.1854545296012582,0.22233769800755887,288.73915232223555,137.71581286302418,98.65724980671176,70.44317242721917,1,1,0.40625,0.09375
AMD,2019-04-30,amc,2019-04-30,0,0.4175892420147506,0.41719502663736174,-0.029677876211758325,-0.035106744220674835,-0.01121966975600086,0.014477073399513207,47.825409611161426,52.25674456163235,55.1987016243636,55.66874082571957,0,1,0.125,0.0625
AMD,2019-07-30,amc,2019-07-30,0,0.5726276533459826,0.5770934981069749,-0.10097426267485865,-0.14791846706605172,-0.0519633415127263,-0.09123112910199638,168.97400208293297,88.10459970398044,101.69444484643633,82.02572264895971,1,1,0.84375,0.9375
AMD,2019-10-29,amc,2019-10-29,0,0.6410877346294764,0.6256311516960812,0.003027620118503993,0.09445966884315005,0.11141387953917814,0.19315777486840857,4.798936920021821,38.360082072395016,28.269480581283098,32.39989486576976,0,1,1.0,1.0
AMD,2020-01-28,amc,2020-01-28,0,0.44748164082501657,0.42744172261150687,-0.05976648586425504,-0.021373402779497397,0.06471404189115981,-0.12903227024092156,97.82985387761683,60.22980251429574,52.03306552734425,62.46984227202246,1,1,0.4375,0.21875
AMD,2020-04-28,amc,2020-04-28,0,0.39283448727928183,0.3947782186381311,-0.03332730192865907,-0.05980903972638629,-0.03152585215123571,-0.0679156324456952,53.807140191463844,59.064514575609905,52.63990490782409,45.49836246907317,0,1,0.0625,0.03125
AMD,2020-07-28,amc,2020-07-28,0,0.42764482704272355,0.4255338031960168,0.12542516862868824,0.25780210246747326,0.1371098440967491,0.2722969363484393,187.57460084366636,107.74938742587823,85.92663615901414,66.70365750946046,1,1,0.25,0.15625
AMD,2020-10-27,bmo,2020-10-26,0,0.417289079352601,0.4259010583541409,-0.04073946207899737,-0.09157249302308923,0.01082329263426196,0.03453722755626232,66.02614896697361,47.73561629028383,53.65475363915415,48.51178234147624,0,1,0.09375,0.1875
AMD,2021-01-26,amc,2021-01-26,0,0.44018685103947763,0.44184024659720206,-0.06197870133381089,-0.06176748527791065,-0.040122431201525366,-0.12976455531971642,101.569266429418,52.734778105138915,42.77784598426291,42.09629056702372,1,1,0.34375,0.34375
AMD,2021-04-27,amc,2021-04-27,0,0.49371338034972945,0.4645919137868898,-0.013965525809084278,-0.0774556806130019,-0.09834523346386248,-0.08062437296556568,22.32584644203291,35.03648194859151,32.23007790974382,29.308368621058335,0,1,0.6875,0.53125
AMD,2021-07-27,amc,2021-07-27,0,0.6023877143988372,0.5654092255776184,0.07579920486001579,0.23651542423390093,0.1697243192883635,0.189717724970339,115.98523717315506,73.01111864468696,66.59755917891964,52.858142304752995,1,1,0.9375,0.875
AMD,2021-10-26,amc,2021-10-26,0,0.42261690257808004,0.5214020681724028,-0.005287574426627084,0.03823311589176259,0.2114211160762136,0.28365738761910575,8.416034046440894,33.24342320675071,61.20657307879904,56.28085670816234,0,1,0.1875,0.71875
AMD,2022-02-01,amc,2022-02-01,0,0.4377648618732725,0.5235998474328205,0.05120742780820908,0.0980475857846308,0.04016100779612031,-0.041102889814503385,79.27639497951704,50.834772248472326,78.30169021492229,75.05207663157447,0,1,0.28125,0.75
AMD,2022-05-03,amc,2022-05-03,0,0.4241205823917656,0.43389887604455746,0.09096895825064255,-0.02633593732928985,0.1244376638764777,0.19159442127403103,138.2133932119534,104.43616042606524,96.24377953549592,80.76047760988996,1,1,0.21875,0.28125
AMD,2022-08-02,amc,2022-08-02,0,0.47405076330001145,0.4609315609042259,-0.012085855237907062,-0.03776815354438734,0.009165031970228776,-0.14523112132120308,19.30258089188229,56.559002225295764,46.412477775379294,49.77934511868152,0,1,0.53125,0.5
AMD,2022-11-01,amc,2022-11-01,0,0.49239041180694015,0.4843577587383667,-0.01726447840984291,0.07023128792198174,0.2800872098878284,0.2986926509403012,27.645848081388298,35.004059486446046,85.51058528778344,67.30700057456923,0,1,0.65625,0.59375
AMD,2023-01-31,amc,2023-01-31,0,0.519843543342618,0.5250085319402001,0.12628074079947327,0.14318033157358112,0.1437125110189672,0.07039255899024388,188.7809562342296,95.4847419601142,71.9827461081676,58.21048041286881,1,1,0.78125,0.78125
AMD,2023-05-02,amc,2023-05-02,0,0.5071949231431309,0.5250466127272299,-0.0922033208527272,0.0572794315061822,0.12868423115969851,0.3287731771170106,153.5618091227047,93.60770593852989,71.60512480628928,70.12855313777105,1,1,0.75,0.8125
AMD,2023-08-01,amc,2023-08-01,0,0.42175633481931013,0.4513459888025414,-0.07015306213473704,-0.03715982290721842,-0.05314625919298266,-0.09362246835958354,115.46369224849687,63.66723931608195,52.40806031901077,51.25798359134931,1,1,0.15625,0.40625
AMD,2023-10-31,amc,2023-10-31,0,0.47886405650911995,0.4667237437739228,0.09685280117286643,0.15177661876388004,0.21705580967937022,0.23005079860009525,146.7518708586368,72.43918000073761,57.81020780924814,43.472597627302825,1,1,0.59375,0.5625
AMD,2024-01-30,amc,2024-01-30,0,0.5798467586736052,0.5399747769222244,-0.02539808891778772,-0.024293808759109026,-0.003022226431706465,0.11897013548272439,40.839056879145076,47.061689322826886,36.05661748182224,58.5301907083563,0,1,0.90625,0.84375
AMD,2024-04-30,amc,2024-04-30,0,0.47470336544410535,0.5080971365893593,-0.0890895326136133,-0.024940093984426315,-0.0329587135987619,0.05284754930636959,148.12609020694293,74.42819925201259,53.75581719138671,47.43128852682924,1,1,0.5625,0.6875
AMD,2024-07-30,amc,2024-07-30,0,0.5439470997387068,0.48596821186814365,0.04362895969096203,-0.059664906240672666,0.019430817639177533,0.057208884926865045,67.79053600744864,73.7500605748962,63.136145011803144,53.62572635068419,0,1,0.8125,0.625
AMD,2024-10-29,amc,2024-10-29,0,0.5734467529974504,0.5665002242501711,-0.10616537682095861,-0.14790975240836468,-0.13606012100563913,-0.18051124515390038,178.16675512162598,83.71612051990606,64.15747155321147,49.36260698580191,1,1,0.875,0.90625
AMD,2025-02-04,amc,2025-02-04,0,0.39139052038179567,0.4580490052150923,-0.06267780639137688,-0.07029289979814979,-0.04025102559492677,-0.17280336004919583,102.75283085860887,54.003172668800545,39.11112363721492,40.39720137322291,1,1,0.03125,0.46875
AMD,2025-05-06,amc,2025-05-06,0,0.4716722630429292,0.4515999830254249,0.01764345787173327,0.14033660466887676,0.15098356291786352,0.17308861508235784,27.76390933433128,48.47157164528528,45.484955982114,39.60261973410624,0,1,0.5,0.4375
AMD,2025-08-05,amc,2025-08-05,0,0.4414675532681942,0.44422509088491846,-0.06419598759758327,0.0036716160783221152,-0.04451835589193576,-0.07182608254154998,105.32611019243434,62.34609940029656,60.27026567636117,46.01077869664661,1,1,0.375,0.375
AMD,2025-11-04,amc,2025-11-04,0,0.49755597776054267,0.4887111889253627,0.0251149107932942,-0.05010997251099125,-0.07902423325119845,-0.13625277707821748,39.37626338305418,68.29104538249857,72.9420209649061,65.64282461965594,0,1,0.71875,0.65625
AMD,2026-02-03,amc,2026-02-03,0,,,-0.17314443047898198,-0.11788027431409032,-0.1734335855078626,-0.1762009150987769,301.8144666850686,151.28042022241831,109.31801629493438,86.25787116333467,1,1,,
AMD,2026-05-05,amc,2026-05-05,0,,,0.1861453669565576,0.2618645392727186,0.1654843675372557,0.4727241958705146,270.9919175346269,146.259750894022,108.05990602645453,88.54370395179363,1,1,,
AMGN,2018-02-01,amc,2018-02-01,0,0.43780372423029157,0.40671002146976465,0.007813979350836942,-0.06704064744521976,-0.003083462755603894,0.032373644711731986,12.356095156787815,52.22931065165382,41.365204688793156,32.09123777437747,0,1,0.375,0.25
AMGN,2018-04-24,amc,2018-04-24,0,0.4595046250499671,0.43864095067399084,0.01680823259999964,-0.01547055595040936,-0.020065149743854205,0.054605436122719286,26.460482867798525,28.66151493656327,22.760468936037658,20.814714064156973,0,1,0.4375,0.375
AMGN,2018-07-26,amc,2018-07-26,0,0.4186992936519472,0.4307062109673792,-0.008296944938684159,0.012007443452088928,-0.0004120102904331402,0.020244341148931255,13.225935386869034,23.702334810031058,22.22941393189259,16.42558191756777,0,1,0.28125,0.34375
AMGN,2018-10-30,amc,2018-10-30,0,0.3199245421341259,0.360682722478873,0.019621517933927857,0.008832283685995312,0.013063265776591892,0.07776127144664957,30.846546130017,28.14976377789234,28.28802094375991,24.05710637565273,0,1,0.0625,0.15625
AMGN,2019-01-29,amc,2019-01-29,0,0.40876468490340007,0.3553468115087377,-0.03773861920763022,-0.019780579993040615,-0.019155754526688717,-0.0029162849731473317,61.067897694290394,29.938636156124858,29.487801795626815,22.005075416310948,1,1,0.21875,0.125
AMGN,2019-04-30,amc,2019-04-30,0,0.4813768303447551,0.4161028806784962,-0.017733681444398353,-0.03039243615489251,-0.06418695046446365,-0.049211584500301386,28.403950924079513,18.482975343258104,19.16635866160809,16.131708554036752,0,1,0.5,0.28125
AMGN,2019-07-30,amc,2019-07-30,0,0.35634406759547255,0.40328755670671435,0.05741009609485026,0.04539559194656673,0.16814977962728417,0.18441596817158312,88.61565061925732,47.054324314325335,50.43274788892425,39.90867033577579,1,1,0.125,0.21875
AMGN,2019-10-29,amc,2019-10-29,0,0.5950587419481652,0.534635738530352,0.009043617899205936,0.029140307386141595,0.05895034297671997,0.12971183210711268,14.29177066051232,21.986158085068595,17.841358361015804,16.56341852582797,0,1,0.84375,0.71875
AMGN,2020-01-30,amc,2020-01-30,0,0.5446142787239008,0.5276356114835561,-0.044660951852571906,0.023435711058617414,-0.006751131562997448,-0.05502412653447819,72.5290029071177,48.18216449800322,35.46472433506026,41.03165014649426,1,1,0.75,0.65625
AMGN,2020-04-30,amc,2020-04-30,0,0.27989404710729326,0.3214178166101177,-0.034444928375797934,-0.024621628588311295,-0.00518325260868846,-0.04503828446635749,55.64354603177071,31.481167915777114,30.387900263715544,28.707341531629925,0,1,0.03125,0.03125
AMGN,2020-07-28,amc,2020-07-28,0,0.43638381927784675,0.42297413543879003,-0.02514986490898463,-0.045755399575726274,-0.08077733342983551,-0.013374780334109437,40.43479620400741,24.179440856037562,19.964873066505007,26.143316699520565,0,1,0.3125,0.3125
AMGN,2020-10-28,amc,2020-10-28,0,0.4368044674057475,0.45740285616515,0.006654823802975773,0.06446980702090155,0.11234850394616913,0.04601643892901608,10.529208995536107,34.526303926883884,29.281131129691946,24.86129764925854,0,1,0.34375,0.40625
AMGN,2021-02-02,amc,2021-02-02,0,0.327132273465788,0.3377011268981113,-0.014179318484334624,-0.015967518399253255,-0.013007378085874932,-0.07039787353923743,22.67007593663009,11.48300080911594,15.385108836074956,14.592678078022,0,1,0.09375,0.09375
AMGN,2021-04-27,amc,2021-04-27,0,0.37217824338181293,0.3353405797893634,-0.07219844846256229,-0.030455055609447945,-0.011092421097750771,-0.05841212748437752,118.95945742231089,58.30328588877426,42.128805037239935,31.687290369402653,1,1,0.1875,0.0625
AMGN,2021-08-03,amc,2021-08-03,0,0.5731068406097088,0.5160771053044351,-0.06461020961671637,-0.06604387157807601,-0.0454552506039938,-0.07786499692953985,106.02893111870964,52.34421227830225,37.80099998176895,28.24103782494236,1,1,0.8125,0.625
AMGN,2021-11-02,amc,2021-11-02,0,0.47474877770329976,0.5656593959171418,0.01806223899299475,-0.011901555461951596,-0.03335008167920672,-0.05321118235821787,28.417043459543205,18.758948728865327,16.018942334836982,17.36196055155304,0,1,0.46875,0.90625
AMGN,2022-02-07,amc,2022-02-07,0,0.537993341456021,0.5363424009611609,0.0781997508661576,0.011913195994672554,-0.0009910626654490162,0.04435469349633614,119.52353993171583,60.65773439082079,43.1252431383934,33.69481060056865,1,1,0.71875,0.75
AMGN,2022-04-27,amc,2022-04-27,0,0.5651112126579787,0.5307678287969952,-0.042847502428519424,-0.05100689343681941,-0.03275839460786034,0.025294917662894267,69.51851892985692,37.30938524911725,27.818615175643064,21.55562201652687,1,1,0.78125,0.6875
AMGN,2022-08-04,amc,2022-08-04,0,0.509000602492887,0.5004051965877025,-0.002955651163025097,0.005547104504825429,0.01882069063610503,-0.011086859255426518,4.69889834176158,15.727683172970988,13.214448745522606,16.22344878021201,0,1,0.59375,0.53125
AMGN,2022-11-03,amc,2022-11-03,0,0.4116983927228902,0.4663233117665714,0.011885313413432463,0.09451682882202528,0.08800536423480843,0.07895457299146225,18.756108503030962,45.014606483190825,34.40875166500889,24.87939380133265,0,1,0.25,0.46875
AMGN,2023-01-31,amc,2023-01-31,0,0.6049790827187997,0.557186798489506,-0.023732081472482403,-0.03328048391677296,-0.03662594851674317,-0.06176638019704217,38.12774786982981,17.921145526382066,16.022683392481476,20.21819777934073,0,1,0.9375,0.875
AMGN,2023-04-27,amc,2023-04-27,0,0.5324821582589356,0.5504353204391234,-0.002496422964955003,-0.03515841938233333,-0.033493879740647436,-0.0888874147324864,3.9679034454257183,23.713063541855657,20.313062484489677,18.36108784644478,0,1,0.6875,0.84375
AMGN,2023-08-03,amc,2023-08-03,0,0.45905003299325503,0.4581804906202497,0.054529629726060236,0.1359341832561951,0.15295964373704485,0.1217595835708205,84.28541204051686,52.2396792951589,38.37987229343876,27.501471242860102,1,1,0.40625,0.4375
AMGN,2023-10-31,bmo,2023-10-30,0,0.5308859033550204,0.5044777219265917,-0.028458463726759198,0.0366273887804458,0.013298395273284802,0.020921216074534454,45.83169851515921,31.538195476515067,29.287653906225664,22.233395725694372,0,1,0.65625,0.5625
AMGN,2024-02-06,amc,2024-02-06,0,0.49644365495198073,0.48242425645168785,-0.06390997108627972,-0.08096320992728012,-0.09616281546360939,-0.12996179570999922,104.84100032043085,49.42055083768881,36.26513514944759,29.706066084250658,1,1,0.53125,0.5
AMGN,2024-05-02,amc,2024-05-02,0,0.367448352485233,0.37206294079080143,0.11817963691719102,0.12381902768784636,0.13852973671965207,0.11212129180211172,177.32148944735587,86.46459694077157,62.81897263161619,45.41423848389677,1,1,0.15625,0.1875
AMGN,2024-08-06,amc,2024-08-06,0,0.5234519426295388,0.5450850053363396,-0.05000742788588164,-0.01671964830686623,0.0057385104020981625,-0.007087761704740236,81.43799257679376,46.64735800353274,34.87036576567044,26.515962563443647,1,1,0.625,0.8125
AMGN,2024-10-30,amc,2024-10-30,0,0.6585509979133306,0.6764377165806726,0.014641459489048048,0.019807147117214985,-0.04468541409652038,-0.09636802588256443,23.07408644633212,14.010643521554622,39.43783454788512,37.920174529612254,0,1,0.96875,1.0
AMGN,2025-02-04,amc,2025-02-04,0,0.5961224735230193,0.5693895546360526,0.06501268822451789,0.02643411447784927,0.026390644229086657,0.10853116352268732,99.98830696670316,51.82224213098189,37.54289581193399,31.2106764859925,1,1,0.875,0.9375
AMGN,2025-05-01,amc,2025-05-01,0,0.6742212824272392,0.6378154611425804,-0.00902109220198799,-0.04133487355887422,-0.04260346988810271,0.02551027421103025,14.385524484287249,30.971593470171932,38.72424276074132,30.685408325058784,0,1,1.0,0.96875
AMGN,2025-08-05,amc,2025-08-05,0,0.5030749145853045,0.5157208460001554,-0.05135298383023157,-0.05031989026706862,-0.015096029933105548,-0.0590099439707541,83.68802909041666,39.21513571746645,31.771170767700337,24.035630950426054,1,1,0.5625,0.59375
AMGN,2025-11-04,amc,2025-11-04,0,0.5974670313459131,0.539357186575381,0.07805862052766277,0.14071451039402394,0.15938645511028704,0.1546550436352374,119.31573787037155,64.09956863463948,46.16749084690062,35.96815130877305,1,1,0.90625,0.78125
AMGN,2026-02-03,amc,2026-02-03,0,,,0.08154409502207627,0.07696618091557372,0.1292749578570198,0.09320166404763719,124.43985073825199,69.21335028138253,50.630316230096284,39.23211356156879,1,1,,
AMGN,2026-04-30,amc,2026-04-30,0,,,-0.047451248054770856,-0.04955960828652528,-0.028938580665603175,-0.04226595354325646,77.1723168997036,39.298787318072314,30.00682988159033,25.600413982029842,1,1,,
AMZN,2018-02-01,amc,2018-02-01,0,0.4269831686633269,0.44349717315262555,0.02874097206609716,-0.02841724423195824,0.05162586239602063,0.09612224770964484,44.98152502634589,53.247457134265765,44.82807377865165,33.05799589358293,1,1,0.71875,0.8125
AMZN,2018-04-26,amc,2018-04-26,0,0.3721134369685989,0.377352551103914,0.03600877473825914,0.035653028522121266,0.06002792693240111,0.06073278493397183,56.15704567841661,26.93599745223721,20.915783964841967,16.729875516057735,0,1,0.375,0.28125
AMZN,2018-07-26,amc,2018-07-26,0,0.44470547695062307,0.4590667963530275,0.005127223105519718,0.014563028545497403,0.05006638163901833,0.053866140756081426,8.11841961739418,22.624803515615678,19.425353333573465,16.46528903762243,0,1,0.8125,0.875
AMZN,2018-10-25,amc,2018-10-25,0,0.41501286625582967,0.4941206222690143,-0.07819674751655215,-0.06544831175716281,-0.015295948184655517,-0.1126940761560149,129.25575197424095,85.5209760474645,70.13938284509868,58.774122085905255,1,1,0.625,0.90625
AMZN,2019-01-31,amc,2019-01-31,0,0.5204425313748059,0.5185199371159456,-0.05381880772938674,-0.06071927860666704,-0.055901750988048615,-0.013125951660126756,87.81967150597023,43.17689625815597,35.25132780187788,26.44229777050477,0,1,0.9375,0.96875
AMZN,2019-04-25,amc,2019-04-25,0,0.3625003864923313,0.38447407655948573,0.02543302552920257,-0.0007517695702736749,-0.001251184566488317,-0.04151401193558524,39.86880635936434,20.088850392609018,23.4386764064775,25.240535920904595,0,1,0.3125,0.34375
AMZN,2019-07-25,amc,2019-07-25,0,0.3727917465336167,0.3895069741459245,-0.015589116785757695,-0.06003589930352815,-0.07139963142103589,-0.11358684043688028,24.94187570333426,20.99459553400675,26.917937026883315,27.86504796626274,0,1,0.40625,0.4375
AMZN,2019-10-24,amc,2019-10-24,0,0.40711268392244115,0.3990129528443796,-0.010922221117825037,-0.0023136072771393623,0.00416673807165413,-0.019687983054739622,17.433871070151323,13.553077782027808,11.431582837322741,11.080020936306397,0,1,0.59375,0.59375
AMZN,2020-01-30,amc,2020-01-30,0,0.5433684000403577,0.45173687881649116,0.07379135586484753,0.09598115384339301,0.14924523364705533,0.044513286145618114,113.01968414921772,53.248564317790425,40.77874031096355,40.21708193356392,1,1,0.96875,0.84375
AMZN,2020-04-30,amc,2020-04-30,0,0.34335737929597065,0.3496038372548801,-0.07597409237648922,-0.04300320360566301,-0.034417945027158,-0.0011964025769467534,125.43269247109336,57.96643559429082,43.23945823894919,32.799490820819344,1,1,0.25,0.1875
AMZN,2020-07-30,amc,2020-07-30,0,0.4183171671959368,0.407429875729861,0.036960821567137314,0.05672573097076117,0.03576156953721843,0.11465721371145143,57.61517376324012,32.90835929741393,30.381920445970767,28.815230083656445,0,1,0.65625,0.65625
AMZN,2020-10-29,amc,2020-10-29,0,0.3963162725135899,0.39769753986361456,-0.0544564552314909,0.03456544379413562,-0.031370184562811154,-0.013382167640292542,88.88984207289396,62.78807503744404,57.11632641504464,40.54532305491099,1,1,0.53125,0.5625
AMZN,2021-02-02,amc,2021-02-02,0,0.4693747274796582,0.43544086992688535,-0.019961565909300982,-0.022189349112425982,-0.02111238558616868,-0.11906216412606319,32.00854746920163,17.148101072664527,14.600688626498542,23.952996701488853,0,1,0.84375,0.75
AMZN,2021-04-29,amc,2021-04-29,0,0.4745008274854362,0.4283689878069302,-0.001120636171800582,-0.047515255008246715,-0.08925739193931426,-0.07151191991341554,1.7799522983063045,25.908778627526623,27.278677669968516,22.456037852476886,0,1,0.875,0.71875
AMZN,2021-07-29,amc,2021-07-29,0,0.5703835796116203,0.5450451185558218,-0.07564890713277761,-0.062204174253137734,-0.08234071293019507,-0.06952652112736468,124.87413155400708,56.56636681234459,40.66475285975499,30.52352442170656,1,1,1.0,1.0
AMZN,2021-10-28,amc,2021-10-28,0,0.4827483708935395,0.5159091413699181,-0.021511245053778105,0.008829065283266768,0.0075233840113457795,0.03336650515804318,34.52067995742736,31.16455239768019,29.589485418743266,28.910360824935736,0,1,0.90625,0.9375
AMZN,2022-02-03,amc,2022-02-03,0,0.34619593505624063,0.38449387057681567,0.13535901735711864,0.14518287456759404,0.11384590091257873,-0.010029145945014473,201.5251561995742,91.96918984106117,69.06809662188192,57.47519588666252,1,1,0.28125,0.375
AMZN,2022-04-28,amc,2022-04-28,0,0.3905924223406013,0.3792421972849872,-0.140494377749234,-0.19495284856625117,-0.2604904078353142,-0.20367019702676448,240.33673589150797,121.49756086291276,92.06061828177364,76.56370521180423,1,1,0.5,0.3125
AMZN,2022-07-28,amc,2022-07-28,0,0.4043759981079747,0.39636035821140914,0.10361464095050721,0.16593072250142327,0.15014720963065686,0.06926726615356471,156.508090337637,77.17151522529795,58.566050714216814,48.69729073585713,1,1,0.5625,0.53125
AMZN,2022-10-27,amc,2022-10-27,0,0.366890841102047,0.38501981971676114,-0.06804249715805744,-0.19520544530849648,-0.12914565563528357,-0.15329850645799792,111.86458227280815,76.74253976356421,82.794559246788,61.06209592685974,1,1,0.34375,0.40625
AMZN,2023-02-02,amc,2023-02-02,0,0.37942363008824875,0.41098789474433683,-0.08431497620839845,-0.12992653726449965,-0.13072359983620896,-0.1696927025124093,139.82716401329432,66.01320087713057,50.69271967032609,40.02314169332686,1,1,0.4375,0.6875
AMZN,2023-04-27,amc,2023-04-27,0,0.42183374453913147,0.3907667009009609,-0.039792412663683385,-0.05299580869602305,0.021489716052719876,0.09369878841852075,64.4596791292761,38.69222340599702,34.35702094438453,32.89284356679994,0,1,0.6875,0.5
AMZN,2023-08-03,amc,2023-08-03,0,0.33668941579993633,0.35105207679622924,0.08269337801006271,0.07485837888716773,0.03932970228376398,0.07144512600603714,126.12583056031683,60.157363299907104,45.692890749577394,34.72532825041716,1,1,0.21875,0.21875
AMZN,2023-10-26,amc,2023-10-26,0,0.3327042465103985,0.34816598539364557,0.06832816082460003,0.15472114808573778,0.17588029156448792,0.23551054699830187,104.92249629400756,58.25128313536096,43.14208138787993,34.040993384152515,1,1,0.1875,0.15625
AMZN,2024-02-01,amc,2024-02-01,0,0.385505528839207,0.3904510285869459,0.07866649218561839,0.06629832772177502,0.06604723978581739,0.11489203410350868,120.21058196659867,54.71720647434057,43.516485074904395,33.921947043356155,1,1,0.46875,0.46875
AMZN,2024-04-30,amc,2024-04-30,0,0.42877416457321027,0.4359695919976164,0.02285714285714291,0.0786285400390625,0.06897147042410712,0.024685756138392856,35.876120954927,29.624438810011494,22.260594061334913,17.85813470053034,0,1,0.78125,0.78125
AMZN,2024-08-01,amc,2024-08-01,0,0.4271725081479751,0.39912224765923915,-0.0878470841762542,-0.09925573719503566,-0.03520405676365468,-0.030260265673852094,145.9623409124671,73.10434003562713,57.0667135424132,42.97427322534856,1,1,0.75,0.625
AMZN,2024-10-31,amc,2024-10-31,0,0.31327383283809024,0.3519611635492942,0.06185621865256041,0.126877735674215,0.13454937045213988,0.13041852796885367,95.27645682156576,53.46404778665676,40.92443592290956,36.61350961112445,1,1,0.15625,0.25
AMZN,2025-02-06,amc,2025-02-06,0,0.2993709399881109,0.3096376816072979,-0.04053095448794508,-0.035422713432174624,-0.09316249980912938,-0.18544574888146614,65.68113365726333,34.24745267886795,29.958086848548344,32.29165668789723,1,1,0.09375,0.0625
AMZN,2025-05-01,amc,2025-05-01,0,0.31288036599914726,0.33324295447133384,-0.0011566836184702112,0.009884358112393077,0.07870663228652308,0.08648789280852931,1.8372410783207882,23.875381027366906,44.831229385000626,33.329148241880176,0,1,0.125,0.125
AMZN,2025-07-31,amc,2025-07-31,0,0.27588958992859075,0.31313490408631683,-0.08269617085933034,-0.04690101105853217,-0.01336980425719625,-0.021827348669553603,137.02324680584817,68.5175924628056,51.058326096440034,38.26516129792122,1,1,0.03125,0.09375
AMZN,2025-10-30,amc,2025-10-30,0,0.27917378841889373,0.2674860175397896,0.09584492754129248,0.0905500880396386,0.06605044054738007,0.049448103034551716,145.29252707312557,74.86289459371834,56.28559191071702,45.04038625492501,1,1,0.0625,0.03125
AMZN,2026-02-05,amc,2026-02-05,0,,,-0.05554804877440456,-0.1036867218319153,-0.0564910938665274,-0.041313021902107505,90.72355143859568,45.37595281287229,36.210430607555644,32.261146760123566,1,1,,
AMZN,2026-04-29,amc,2026-04-29,0,,,0.0076793983730687465,0.045430281710975295,0.026954060627928378,0.028892966304088663,12.144096763041201,15.17907886633216,17.879324724996643,20.483130549140785,0,1,,
APP,2021-05-12,amc,2021-05-12,0,0.5151141359631107,0.5311799524033981,-0.04555025967684656,0.2365550356048145,0.31330148797286195,0.5774162328984749,74.0074203276925,122.23432693187995,91.67431301513292,77.10884021182162,0,1,0.5263157894736842,0.5789473684210527
APP,2021-08-11,amc,2021-08-11,0,0.4058832380054552,0.4369942553462874,-0.02632480197482634,0.09008547791049004,0.3094016833183093,0.3227349957849226,42.34922345191173,84.13152884369602,73.24268991944844,77.27153408858997,0,1,0.15789473684210525,0.15789473684210525
APP,2021-11-10,amc,2021-11-10,0,0.5473083782370729,0.5051632809662043,0.19972834478964496,0.10122212965857891,-0.014728962839916648,-0.05285704596835572,289.0670920066225,152.64038608644134,114.78886849371112,91.98746247086464,1,1,0.631578947368421,0.3684210526315789
APP,2022-02-16,amc,2022-02-16,0,0.505170681499507,0.586137987343138,-0.06665699158901162,-0.16882547851383256,-0.19749672355752979,-0.20753891007918424,109.50633243939647,91.68753605312699,75.2163792249872,81.79627448365542,0,1,0.47368421052631576,0.8947368421052632
APP,2022-05-11,amc,2022-05-11,0,0.46305354412381805,0.4593739919099714,0.3467742211770648,0.3379765059121864,0.3082843742075292,0.32368034096233145,472.60357295934085,223.27246561902413,182.4767061007707,145.67170193395006,1,1,0.2631578947368421,0.2631578947368421
APP,2022-08-10,amc,2022-08-10,0,0.6322020149573755,0.5948846704254821,-0.148294615318037,-0.2540780774076199,-0.3475037020289551,-0.3146317308524538,254.80903530702466,144.94967021776634,114.48380202746438,88.13726353147345,1,1,1.0,0.9473684210526315
APP,2022-11-09,amc,2022-11-09,0,0.4761407703108297,0.5097392524251507,0.18486178732451597,0.06040756459477792,0.02620091822041326,-0.2459971012187181,269.2731376549637,148.97713255078514,112.03393780327733,104.42601376570686,1,1,0.3684210526315789,0.47368421052631576
APP,2023-02-08,amc,2023-02-08,0,0.37894685955646823,0.37970171845469225,0.2705047494183188,0.3304416745437555,0.14274443394165925,-0.02917980099795847,380.05835854255514,180.21800947773858,143.36264924623077,104.00117010855081,1,1,0.10526315789473684,0.10526315789473684
APP,2023-05-10,amc,2023-05-10,0,0.4802350880984843,0.44903222484700284,0.2352611263167106,0.36889387376950045,0.3717013496767734,0.27231895153867125,335.40038992709043,161.6972329582721,115.61878891191706,93.20561378796553,1,1,0.42105263157894735,0.21052631578947367
APP,2023-08-09,amc,2023-08-09,0,0.5973628149424222,0.6317176709375194,0.26487592505760627,0.3277796477274275,0.3662019895831914,0.43216590106820596,373.00971576482317,170.81384234875782,122.85313013483467,87.19325619198199,1,1,0.8947368421052632,1.0
APP,2023-11-08,amc,2023-11-08,0,0.5691427983661732,0.5365035910876126,-0.010967064766277956,0.008225369886349254,-0.021934129532556024,-0.06879357913790307,17.505845893922647,93.20731642235496,69.77575716016497,52.92706191872018,0,1,0.7368421052631579,0.631578947368421
APP,2024-02-14,amc,2024-02-14,0,0.5366600673358419,0.5092133897950859,0.24813316264454977,0.23319821963427256,0.27416263242277883,0.34691705796411054,351.85682399309684,165.67333345550614,121.74182579033751,88.98144656109385,1,1,0.5789473684210527,0.42105263157894735
APP,2024-05-08,amc,2024-05-08,0,0.5760369714089528,0.5600984776044396,0.14445949245143574,0.13594591295396952,0.08108108108108114,0.10689194137985636,214.19865017885664,100.06426526146977,76.2825129394629,56.28619690910652,1,1,0.8421052631578947,0.7894736842105263
APP,2024-08-07,amc,2024-08-07,0,0.43123226063256437,0.4698298576483763,0.1419854229629891,0.2597112117008724,0.352731002933212,0.2586693945810521,210.76321636457004,115.80144392149883,85.90855339207015,66.57086621017315,1,1,0.21052631578947367,0.3157894736842105
APP,2024-11-06,amc,2024-11-06,0,0.33854060518962575,0.35295839347770286,0.4626519983128876,0.6847225530330046,0.9295164362639352,1.3820824249804886,603.6301065542916,294.02074301103454,212.01560887843013,152.4843913339458,1,1,0.05263157894736842,0.05263157894736842
APP,2025-02-12,amc,2025-02-12,0,0.46333296298169524,0.5152926288096568,0.24019248092210077,0.18324043200282203,-0.15731493462777335,-0.22988533601191308,341.72512417384337,176.841668249975,153.77999708024066,143.27882972597203,1,1,0.3157894736842105,0.5263157894736842
APP,2025-05-07,amc,2025-05-07,0,0.620786713504173,0.5825158413814856,0.11879661018142307,0.24082257677339314,0.180880564799472,0.3770843815182099,178.1971489182551,103.07922845523645,76.20063276984867,62.653940543147414,0,1,0.9473684210526315,0.8421052631578947
APP,2025-08-06,amc,2025-08-06,0,0.568089887827554,0.5466298503001238,0.1197480301523699,0.142944889585237,0.055841455179862054,0.2551910823695649,179.54653677055222,92.59925394564782,74.0556012114281,60.34172033470575,1,1,0.6842105263157895,0.7368421052631579
APP,2025-11-05,amc,2025-11-05,0,0.5736217299101963,0.5400662120964326,0.006984843438713195,-0.05216757649820514,-0.14099343930169572,0.1213678245360641,11.049550289535002,74.42617408360316,62.17362660458563,59.41213903223647,0,1,0.7894736842105263,0.6842105263157895
APP,2026-02-11,amc,2026-02-11,0,,,-0.19679953235908143,-0.09809329436325676,-0.026006446764091806,0.004071749478079312,347.891344513588,172.13652576081338,139.25629282608378,109.12296044109631,1,1,,
APP,2026-05-06,amc,2026-05-06,0,,,0.0640744180306212,-0.032634405288003876,0.028688464032276872,0.18849055769845524,98.58915533084168,87.14019388428437,74.61192330465036,72.62557678855208,0,1,,
AVGO,2018-06-07,amc,2018-06-07,0,0.43332456630814253,0.42160947129610493,-0.025351240103040684,0.014281273652787974,-0.005848844998581737,-0.05263672262915009,40.762750441040076,24.488190895469938,20.87835187638667,21.61869702406307,0,1,0.4666666666666667,0.4
AVGO,2018-09-06,amc,2018-09-06,0,0.43471930170376083,0.4003824521605443,0.07690889111489785,0.09005849010648381,0.14260754158117606,0.139342526586115,117.62184780100486,65.45414394697701,49.154243118245176,35.33019966815923,1,1,0.5333333333333333,0.26666666666666666
AVGO,2018-12-06,amc,2018-12-06,0,0.36194767839777264,0.3543966111208727,0.00580880979356424,0.13668351085528463,0.07568602443376671,0.04980465358301567,9.194520843720165,46.652568616412175,36.12099250372759,49.632570577281506,0,1,0.2,0.23333333333333334
AVGO,2019-03-14,amc,2019-03-14,0,0.5628310528195746,0.4997374036348462,0.08236345800980471,0.11652167859809315,0.1250610614377572,0.19262443308708876,125.64202638549915,61.50109901695111,45.18089730290396,33.64643310265024,1,1,0.9333333333333333,0.8333333333333334
AVGO,2019-06-13,amc,2019-06-13,0,0.3696016104191612,0.41171305889509985,-0.055679855853581706,-0.009090719826134297,0.02428599752805427,0.033714946814454194,90.94511046350566,51.63754421467803,40.017763899348374,37.7571250878535,1,1,0.23333333333333334,0.3
AVGO,2019-09-12,amc,2019-09-12,0,0.5160995161796138,0.4922973318545165,-0.03413408572542487,-0.033069525177015446,-0.07027095805468431,-0.05684078638920176,55.132577767763614,26.125805296373137,23.713636553467556,24.697277799012614,0,1,0.7666666666666667,0.7666666666666667
AVGO,2019-12-12,amc,2019-12-12,0,0.37793398308022286,0.34603053787911264,-0.037766854740603595,-0.01128717904797416,-0.024599462033981112,-0.050330275094732424,61.114478776674616,34.04485678069178,24.737208777955377,24.493882627077067,1,1,0.26666666666666666,0.2
AVGO,2020-03-12,amc,2020-03-12,0,0.44514039983389103,0.43245402728828247,0.07057295724474733,-0.11120775828153917,0.13037430933775762,0.20823682742689376,108.2545859556254,234.5798837852127,181.81399673187533,134.33135834607774,1,1,0.6,0.43333333333333335
AVGO,2020-06-04,amc,2020-06-04,0,0.43353748366964123,0.4444498048024313,0.026514239246542504,-0.0490141896620605,0.031791090660266974,0.042682888820257725,41.54172822673037,53.27651501744282,42.27329904441465,36.30209962421636,0,1,0.5,0.5666666666666667
AVGO,2020-09-03,amc,2020-09-03,0,0.3594896822915736,0.3438790621409017,0.03084455226483307,0.021613730040738188,0.021698860033129375,0.04927070537948963,48.22424659625689,38.67592779202042,29.627798701644842,31.197243504015226,0,1,0.16666666666666666,0.16666666666666666
AVGO,2020-12-10,amc,2020-12-10,0,0.5257096769030996,0.47272064275553083,-0.010291585321811625,0.03916685421780697,0.06120454938003439,0.10530453943546236,16.42203530172348,20.328665585006735,24.56145844622226,25.46032682630834,0,1,0.8666666666666667,0.6666666666666666
AVGO,2021-03-04,amc,2021-03-04,0,0.40367717672171155,0.4412759674932327,0.014765739316935145,0.02276889322005804,0.04634919306920393,0.10980499088474782,23.268515746578647,66.5178301479344,56.51047857885473,48.462769819793806,0,1,0.36666666666666664,0.5333333333333333
AVGO,2021-06-03,amc,2021-06-03,0,0.3010545317939196,0.3182080556029466,0.021945037056298577,0.008326276050730996,0.013704802159405727,0.015134975129382111,34.45992218391508,24.043639986089246,20.36826381253346,19.653794131529345,0,1,0.1,0.1
AVGO,2021-09-02,amc,2021-09-02,0,0.5057880975434611,0.49036494509855794,0.011750486125231552,0.01270625343558729,0.028664586069699904,-0.025333966990591095,18.544576679883196,11.286617267567246,11.884728544774553,18.797619529748342,0,1,0.7333333333333333,0.7333333333333333
AVGO,2021-12-09,amc,2021-12-09,0,0.44296165955359756,0.46598286243241055,0.08271903892362453,0.06386480111391868,0.1467769177454028,0.07149814397992915,126.16345428234088,68.0916472434869,51.27632747558072,40.555466199755315,1,1,0.5666666666666667,0.6333333333333333
AVGO,2022-03-03,amc,2022-03-03,0,0.5255614818957322,0.5229618193685897,0.030055045709026285,0.015779279393834278,0.04160010023896765,0.09094314638918255,47.00797884055103,46.97210689858161,43.33141063478374,36.0387745666013,0,1,0.8333333333333334,0.9
AVGO,2022-05-26,bmo,2022-05-25,0,0.4143808732388413,0.4550862646969371,0.03579573900627686,0.0848522824567719,0.0462541177448168,-0.04086951263709504,55.83058269480521,48.85110926510299,39.45862360063802,40.51046762524542,0,1,0.4,0.6
AVGO,2022-09-01,amc,2022-09-01,0,0.6308149502310327,0.5244475285871808,0.016686707852475946,0.061767127765662844,0.021320566560047105,-0.06381943898472708,26.27074592531017,23.220018173372804,32.962912837042204,30.356889694808476,0,1,1.0,0.9333333333333333
AVGO,2022-12-08,amc,2022-12-08,0,0.5593707049396436,0.574409401777832,0.02568362112598721,0.05068911253965158,0.05013331837022905,0.09160035342730732,40.25670061186461,36.49424431880926,31.56837992964489,32.72018652907828,0,1,0.9,0.9666666666666667
AVGO,2023-03-02,amc,2023-03-02,0,0.5881817229344731,0.5937439818302723,0.056978157320591416,0.039872776573422586,0.0632254782919075,0.07935744517121979,87.96706438594912,42.55010850091399,34.73683367773183,27.075765543981472,1,1,0.9666666666666667,1.0
AVGO,2023-06-01,amc,2023-06-01,0,0.5053117582765305,0.4998837893233081,0.02791294386709464,0.01803885133094707,0.11833650752747049,0.11539870025809629,43.70327973995586,26.2010231950275,41.29139925152158,33.7698267847421,0,1,0.7,0.8666666666666667
AVGO,2023-08-31,amc,2023-08-31,0,0.42069887158990654,0.48819444454153205,-0.054578519502410994,-0.07079928919770084,-0.07715979390367211,-0.09036015091607419,89.09478613116278,41.76633692494091,35.013569689710636,29.77870386669957,1,1,0.43333333333333335,0.7
AVGO,2023-12-07,amc,2023-12-07,0,0.2651924231230349,0.30418250279323855,0.023897850817517385,0.19975935475137452,0.22793306868497498,0.17913339903054393,37.49045468596867,71.51719389883176,54.33720349004088,40.99827028833885,0,1,0.03333333333333333,0.06666666666666667
AVGO,2024-03-07,amc,2024-03-07,0,0.47901014664495695,0.49404579052830916,-0.0698571971768025,-0.10287052686507892,-0.037859800958519374,-0.04635336986701477,114.95866681325073,55.505874572755346,52.11185352946548,39.987408213451204,1,1,0.6666666666666666,0.8
AVGO,2024-06-12,amc,2024-06-12,0,0.34001837889546865,0.34352745490293685,0.12268726063917978,0.15984500712334038,0.06431810204427668,0.1498707662737202,183.70798253407975,97.6822231855268,75.24921211632605,56.378593889289796,1,1,0.13333333333333333,0.13333333333333333
AVGO,2024-09-05,amc,2024-09-05,0,0.5246509941779676,0.43262618017257937,-0.10352057142299098,0.07682219610804752,0.09914035491767526,0.15967124623207174,173.47651492647663,103.2361485735405,77.06435648271326,57.42028751751219,1,1,0.8,0.4666666666666667
AVGO,2024-12-12,amc,2024-12-12,0,0.465856024868841,0.43914528995572244,0.24432650810959533,0.2084581039261204,0.3417344531853188,0.26542073613063044,347.00789383360734,182.89546561460784,133.86900592336417,94.33969273716065,1,1,0.6333333333333333,0.5
AVGO,2025-03-06,amc,2025-03-06,0,0.39367427966709034,0.4180465503310448,0.08643082155972204,0.06636948852423274,0.06501282816493736,-0.18232011655877423,131.59625366970732,76.25045131506563,61.02560183171788,64.81642692076936,0,1,0.3333333333333333,0.3333333333333333
AVGO,2025-06-05,amc,2025-06-05,0,0.26911021520721623,0.28324507846204827,-0.05001352604409559,-0.014850138307060834,-0.03597738056597899,0.04812711114757051,81.44818271659854,44.97354649339108,36.31516679781729,35.329393429983305,0,1,0.06666666666666667,0.03333333333333333
AVGO,2025-09-04,amc,2025-09-04,0,0.38837667410487714,0.42031788693359173,0.09405425773402842,0.1748775549904107,0.12822607914754625,0.10731695363625193,142.6964250728036,98.39575007478899,72.77033255860077,51.551140104514396,1,1,0.3,0.36666666666666664
AVGO,2025-12-11,amc,2025-12-11,0,,,-0.11428006763168208,-0.18822746858547035,-0.13181638069305635,-0.12570191960668564,192.6442675479842,101.12798340125964,74.20561577797771,54.880948385748894,1,1,,
AVGO,2026-03-04,amc,2026-03-04,0,,,0.04799531882859598,0.075709323641729,-0.005039050276290258,-0.007306999107521528,74.41829452757506,46.97994589193341,41.68977183948658,42.48864361594376,0,1,,
AVGO,2026-06-03,amc,2026-06-03,0,,,-0.12586861258932958,-0.22354611494205956,-0.18014318247266414,-0.21855529784397132,213.5511595182207,119.98068704197004,93.39928803857205,72.96330110999479,1,1,,
AXON,2018-02-27,amc,2018-02-27,0,0.48185398252052,0.4861375119771888,0.27816520480934637,0.4344954184435923,0.44403664125215014,0.39155956583285545,389.60108692626955,184.87915797116304,131.14035132073997,92.20593648475054,1,1,0.375,0.375
AXON,2018-05-08,amc,2018-05-08,0,0.4395401253044901,0.4508047794482639,0.2232922075092718,0.2215005386711184,0.3823068110071741,0.4228442689408469,319.9439673080459,148.64385818585563,110.63268764693991,82.70599582996483,1,1,0.1875,0.1875
AXON,2018-08-07,amc,2018-08-07,0,0.42378348474774874,0.5119583631602794,-0.11594208294647612,-0.07852708011845533,-0.05634429486153192,0.03948533067872839,195.6258488751017,92.64118440932845,68.7420031918966,51.24643001983963,1,1,0.15625,0.5
AXON,2018-11-06,amc,2018-11-06,0,0.524979324351065,0.5786113779684385,-0.15612517946473858,-0.16294941107120609,-0.24733688677536947,-0.2756325044705863,269.4715367337032,126.4830864003064,96.83603619608897,72.25822700856025,1,1,0.5625,0.71875
AXON,2019-02-26,amc,2019-02-26,0,0.7211503745059865,0.6259392548528202,-0.0785453245824611,-0.14646296107665935,-0.19744269592543207,-0.12786450692219942,129.85615513616727,76.28982978607267,61.52063966424727,52.802976991638964,1,1,1.0,0.90625
AXON,2019-05-09,amc,2019-05-09,0,0.5092791634004044,0.5081488701682444,-0.04495734547847208,0.021729310284704484,0.004495660231854437,0.07762625572590443,73.02158540799344,49.502650306675264,45.06723199148817,36.05152132657361,0,1,0.53125,0.46875
AXON,2019-08-08,amc,2019-08-08,0,0.44984140085828805,0.4174224340692129,-0.15085518136344556,-0.16152612863954774,-0.0882912499180295,-0.1295132868112412,259.5887338906164,118.05712022273005,87.16181898074885,66.93011990824392,1,1,0.25,0.125
AXON,2019-11-07,amc,2019-11-07,0,0.49039915234471837,0.45818318949675757,0.24575464807507008,0.2724671367214144,0.3718756293686418,0.378935257650739,348.8288000756162,158.05312991226972,114.80825331700646,81.7784546405734,1,1,0.40625,0.25
AXON,2020-02-27,amc,2020-02-27,0,0.3322046277770915,0.36720128327844587,0.0032417011293619513,-0.025285328166344545,-0.26452283194171744,-0.03514002837082064,5.137718026608234,79.97538116223186,102.93719991255404,123.89059741634738,0,1,0.03125,0.03125
AXON,2020-05-07,amc,2020-05-07,0,0.4099931454617292,0.4015488528478529,0.2255264477720822,0.07569720812788905,0.08935684246407294,0.3840352636961095,322.84066808188624,153.80085966154954,110.00104125116516,106.86556618511207,1,1,0.09375,0.0625
AXON,2020-08-06,amc,2020-08-06,0,0.41310178212987286,0.47552291408835945,-0.08497873973086134,-0.12283183955217358,-0.1082142289417638,-0.09817825002476,140.97829566256323,72.38545180465891,52.681750618264424,42.77826581419287,0,1,0.125,0.34375
AXON,2020-11-05,amc,2020-11-05,0,0.45007364997313487,0.4358152272747403,0.1298617173999137,0.08894010622929871,0.13456219791816681,0.13170507756246397,193.82020264732867,92.55679644428434,68.31465551432274,48.394692071026824,1,1,0.28125,0.15625
AXON,2021-02-25,amc,2021-02-25,0,0.5413361638296837,0.4612985696535311,0.034959423452502136,-0.09380863397474959,-0.04465290595489768,-0.13808622523500347,54.54833563830191,76.45247651198763,73.24349282646502,62.0206204041275,0,1,0.625,0.28125
AXON,2021-05-06,amc,2021-05-06,0,0.45128138928381556,0.41331065752298335,0.029650044816716736,-0.03522849296079622,-0.004202988301944877,0.12035763355142537,46.38369627084731,60.833704878870684,66.66860383355487,53.645820970968195,0,1,0.3125,0.09375
AXON,2021-08-05,amc,2021-08-05,0,0.6259493119850517,0.5331840670125676,-0.0046514503577562705,-0.03638435239576543,-0.06186366675733035,-0.044446771716172506,7.401175003930079,33.45532699592512,25.559553665731745,31.26193615339949,0,1,0.875,0.59375
AXON,2021-11-15,amc,2021-11-15,0,0.5034210496612971,0.5034794798676867,0.06200340121235404,0.08105843001364832,0.00824317301138544,-0.11869069912979058,95.49647613782616,56.275024636181605,57.299073737095185,54.25299151822145,1,1,0.5,0.4375
AXON,2022-02-24,amc,2022-02-24,0,0.5986272844187156,0.6061424454606683,0.030656977950667796,0.07683442542420371,0.0013830806224508496,0.01951600971216405,47.93536493497007,46.84655511141194,62.79196740658598,56.20246733955808,0,1,0.8125,0.84375
AXON,2022-05-10,amc,2022-05-10,0,0.5715698983869897,0.5564904897809437,-0.056896896825187726,0.0820478877979236,0.034652341894100935,0.12944334841899852,92.99233852245352,100.47361510044004,77.03689353343253,61.793091915745904,0,1,0.71875,0.65625
AXON,2022-08-09,amc,2022-08-09,0,0.4496565081451441,0.5191220555675591,0.12945705601753965,0.19360322925291062,0.0917398101755833,0.09953413668673083,193.2515533321465,93.42756559035948,72.5812830959408,58.005152739338165,1,1,0.21875,0.53125
AXON,2022-11-08,amc,2022-11-08,0,0.5962274014775595,0.6393134614323766,0.1455999755859374,0.2530667114257812,0.24873331705729163,0.14473337809244802,215.77979776385178,109.66895146917011,80.3136272752229,64.31009660538678,1,1,0.78125,0.9375
AXON,2023-02-28,amc,2023-02-28,0,0.6785445416304317,0.6998547434933073,0.10358943763618345,0.10948034647224958,0.07333634177250281,0.08247219047381082,156.47183721402277,71.11940243379274,53.39313872919062,41.97573292251822,1,1,0.90625,1.0
AXON,2023-05-09,amc,2023-05-09,0,0.4616263029442956,0.4685993744419936,-0.15052013584411073,-0.11314350148310481,-0.13698872162449072,-0.14166078410589467,258.9624998725736,124.26059362130653,91.80213578625784,64.49398621589093,1,1,0.34375,0.3125
AXON,2023-08-08,amc,2023-08-08,0,0.6178066803641008,0.6052687904559013,0.1406134826986445,0.1554658168123848,0.13219149576686462,0.22949981683027199,208.85496353161747,99.39953467107155,73.4279749278038,53.76220187067355,1,1,0.84375,0.8125
AXON,2023-11-07,amc,2023-11-07,0,0.5744424538821804,0.5878592476900869,0.061052858584724534,0.024079155296210963,0.05569165468267201,0.08762770782334361,94.07499732790211,62.27456120119843,44.92703293826521,33.7314938201292,1,1,0.75,0.75
AXON,2024-02-27,amc,2024-02-27,0,0.36672692761804143,0.49124994877323713,0.13759102674099633,0.15922300644953546,0.14550065016293923,0.16120964661718795,204.64287205111913,94.41414021078069,66.93720749327457,47.12760023946149,1,1,0.0625,0.40625
AXON,2024-05-06,amc,2024-05-06,0,0.49583663960705265,0.45202860502228515,-0.04550727321297443,-0.08365890134488219,-0.10868640665686302,-0.1389024775086093,73.93592640152468,36.96127073794439,28.590862832899873,25.097682913674046,1,1,0.46875,0.21875
AXON,2024-08-06,amc,2024-08-06,0,0.545833115052389,0.5889727463367783,0.1838643736758474,0.2507457668498412,0.26457622980667383,0.20291520458156787,267.9362628394363,126.04387997401736,89.25613677847069,63.28994393942292,1,1,0.65625,0.78125
AXON,2024-11-07,amc,2024-11-07,0,0.5358926755328369,0.559111989647856,0.28678398437499997,0.28972799479166667,0.3467093750000001,0.3708587239583334,400.2694775155744,181.49940076810356,129.85783016509183,96.00999760914057,1,1,0.59375,0.6875
AXON,2025-02-25,amc,2025-02-25,0,0.49233071070246154,0.5231451261131956,0.15252196002919227,0.06368677295701963,0.06038461918959337,0.12566194388218865,225.34268710319023,117.85719852762979,95.47010000867844,75.96927372851265,1,1,0.4375,0.5625
AXON,2025-05-07,amc,2025-05-07,0,0.7141463536203163,0.6221668819082222,0.14125487476495202,0.2105447150818862,0.22192681521576763,0.31575880819685653,209.7473711621327,99.50241048011537,70.88741108500598,52.82386249557393,1,1,0.96875,0.875
AXON,2025-08-04,amc,2025-08-04,0,0.5548256019894583,0.5386720831714874,0.16410695606415993,0.09908978234716592,0.06274834863063394,-0.026299574061664832,241.21986471031488,112.48239712239997,89.67829579708513,66.46055256709185,1,1,0.6875,0.625
AXON,2025-11-04,amc,2025-11-04,0,0.6853695643407042,0.6487446603621769,-0.09431687525725563,-0.189695964313627,-0.24409100896394698,-0.22024275764497458,157.2620600039141,98.25814721784919,71.693631533431,51.10650804868976,1,1,0.9375,0.96875
AXON,2026-02-24,amc,2026-02-24,0,,,0.17552141464843718,0.30864842393550207,0.19764515831816576,0.039863469168081256,256.70953413978015,127.94099306959363,95.68273650126707,78.58750681066807,1,1,,
AXON,2026-05-06,amc,2026-05-06,0,,,0.10633398345125622,-0.02342813033361646,0.03260254384341499,0.25983520855181874,160.41480972743295,89.2924931682183,66.7953345662006,72.77755268850053,1,1,,
BKNG,2018-02-27,amc,2018-02-27,0,0.2950971546465566,0.3627162865753794,0.06773197109608486,0.0947503013806763,0.13910188047227035,0.078571859480429,104.03635843304654,48.70440842890468,38.26248680562812,30.578247880478276,1,1,0.03125,0.0625
BKNG,2018-05-09,amc,2018-05-09,0,0.37318915627164906,0.37869721497837006,-0.04743111457780358,-0.049917873702751914,-0.045035879464126016,-0.02154712509789103,77.13876421694752,34.7168535497173,25.54202297439092,20.201165376865074,1,1,0.09375,0.125
BKNG,2018-08-09,bmo,2018-08-08,0,0.3100489253762205,0.3199961248320994,-0.05017622696650259,-0.08875804065597981,-0.06259169607751525,-0.07001967962248956,81.72008324803541,45.549685936269306,36.40698334147903,27.596248365373793,1,1,0.0625,0.03125
BKNG,2018-11-05,amc,2018-11-05,0,0.49648635981978745,0.550366747454238,0.04186786455600133,0.018790846186141685,-0.04869827806704696,0.005942843889245486,65.10949378349694,39.408596773339525,36.39005954858924,31.355478867441782,1,1,0.625,0.875
BKNG,2019-02-27,amc,2019-02-27,0,0.40092362915855073,0.37560123120008826,-0.1096328049877604,-0.0809969429967462,-0.0762277399463448,-0.09292235223998835,184.33688503022958,84.28459210197093,61.068544664888805,44.571743345527274,1,1,0.1875,0.09375
BKNG,2019-05-09,amc,2019-05-09,0,0.5163937400718641,0.508703859423839,0.05404300061587808,0.03875499482354905,-0.011002104128852164,0.025973138556206088,83.55268909196116,43.592328044333584,35.042383082139075,32.493738750912065,1,1,0.71875,0.75
BKNG,2019-08-07,amc,2019-08-07,0,0.4903537588959418,0.4666899996578163,0.06557592669981038,0.03822565874486128,0.07366772132000898,0.0801896194564935,100.82761810845446,50.708638035348805,37.242621617015885,29.671618646046255,1,1,0.59375,0.5
BKNG,2019-11-07,amc,2019-11-07,0,0.47924752277342975,0.46202614373682416,0.01581683903289588,0.008443628767154987,0.012638329953396976,0.03019578360825581,24.911954666774285,16.39243934976339,14.284549035579152,15.788224505545825,0,1,0.53125,0.46875
BKNG,2020-02-26,amc,2020-02-26,0,0.48776382028207105,0.527521643397675,-0.01093413600257298,0.03213570938346977,-0.14044800429732762,-0.16219753802033454,17.4529943458886,35.555144164324794,61.10450438593491,98.43338421342507,0,1,0.5625,0.8125
BKNG,2020-05-07,amc,2020-05-07,0,0.38291850370408637,0.4119385152221741,-0.009058876593539211,-0.04252349437650593,0.10511043454723401,0.2749477608582849,14.446052518874128,21.886691412229514,63.414127977791246,56.842931984452726,0,1,0.125,0.25
BKNG,2020-08-06,amc,2020-08-06,0,0.5235086998722268,0.4790490197630371,0.0015355729199213464,0.02350749762102944,0.009647311924563251,0.09473172840574162,2.435776761512409,16.758175861240662,16.605405764578084,21.570665608490273,0,1,0.8125,0.59375
BKNG,2020-11-05,amc,2020-11-05,0,0.4374511340195578,0.4321536846063315,0.008731357398091832,0.11005409773458363,0.13722666797676508,0.2038500147441138,13.800439180881666,128.7005759532859,95.76096383701818,68.75015213218948,0,1,0.28125,0.34375
BKNG,2021-02-24,amc,2021-02-24,0,0.5206839225110202,0.4977344197928777,-0.06969497800032765,-0.06895840051082125,-0.030357993400297545,-0.07145080654836522,114.68183565838422,55.427574198754904,47.383952167759865,42.40698856291416,1,1,0.78125,0.65625
BKNG,2021-05-05,amc,2021-05-05,0,0.4526200250172881,0.405419002842344,-0.025052243378409056,-0.07086220028897361,-0.029047251742515212,-0.009508619803343943,40.27583677924441,39.28643418195058,38.36435784560619,29.506491001696272,0,1,0.34375,0.1875
BKNG,2021-08-04,amc,2021-08-04,0,0.5001623827345943,0.5000958709529828,0.05852887101284221,0.05493768091605422,0.00032118232453060003,0.10299959448279927,90.29433825320761,44.2262506717167,36.432043621130525,32.45679738164115,1,1,0.65625,0.71875
BKNG,2021-11-03,amc,2021-11-03,0,0.4094168383751088,0.4772045989431704,0.0006899385350027654,0.055207960159848746,-0.028312594785565137,-0.1317645829899038,1.0948658184793478,55.73036401115691,45.146344234262244,48.62482480460956,0,1,0.21875,0.5625
BKNG,2022-02-23,amc,2022-02-23,0,0.46372285149537235,0.42569701082344497,-0.07078617125984255,-0.12402071661114478,-0.17586650451746422,-0.08415149278215228,116.54491523548474,77.54735892553862,87.80516540637421,68.41873713667052,1,1,0.4375,0.3125
BKNG,2022-05-04,amc,2022-05-04,0,0.4719476020909058,0.48645242769293706,0.03260535872266068,-0.014824044119478796,-0.025174537116740447,0.11055790848288316,50.93349023738084,63.3978235298506,58.85357646626027,52.07701637808113,0,1,0.5,0.625
BKNG,2022-08-03,amc,2022-08-03,0,0.559244999976688,0.4719205890654405,-0.009778943613777513,0.029092466209680756,0.08297551133571579,-0.057956218218111366,15.59999238275985,28.376922091185776,27.272274317789325,34.42940097234808,0,1,0.875,0.53125
BKNG,2022-11-02,amc,2022-11-02,0,0.515348113706198,0.498656167087739,0.026740886903051653,0.049286620124928904,0.1324951935437333,0.1727949372030504,41.89218833029491,32.29260997096723,37.507830698834034,32.6315925854569,0,1,0.6875,0.6875
BKNG,2023-02-23,amc,2023-02-23,0,0.5696327717407046,0.5442377852202344,0.010711093636134983,0.06236998459843801,0.03251619267220884,0.03001875705717616,16.91291693789579,23.538486302095013,25.00716328433512,25.74106971683233,0,1,0.90625,0.84375
BKNG,2023-05-04,amc,2023-05-04,0,0.605725119481843,0.596310310999218,-0.013162751814678741,0.020360417462512714,0.06814103372681601,0.025806810242911205,21.03395881974937,21.744162572440107,24.434383392688563,26.241455521137745,0,1,0.96875,0.96875
BKNG,2023-08-03,amc,2023-08-03,0,0.5192715301422874,0.5238238943035352,0.07861180052546013,0.13496222977234296,0.09583051118325914,0.0968271088277084,120.13009136021635,67.67400525764027,50.202678184934314,36.954816934608445,1,1,0.75,0.78125
BKNG,2023-11-02,amc,2023-11-02,0,0.4239519139235332,0.44016959017691243,0.0070914788001879,0.06046600068084884,0.10224337735108868,0.10422670499238218,11.217645596296432,29.668327361029657,27.42279174180445,20.026333871821368,0,1,0.25,0.4375
BKNG,2024-02-22,amc,2024-02-22,0,0.4634117841578197,0.4328751377413478,-0.10149439850160791,-0.11100980723976572,-0.10644055003609199,-0.06867873327562601,169.89269544036475,76.39516982333929,55.33232252929549,41.24746410441112,1,1,0.40625,0.375
BKNG,2024-05-02,amc,2024-05-02,0,0.3979323426562053,0.4212603460188301,0.030081552152728674,0.08843329393740129,0.07547000711946361,0.08371383806448152,47.048828243403,33.174732275678416,26.58251870703233,22.196321790021567,0,1,0.15625,0.28125
BKNG,2024-08-01,amc,2024-08-01,0,0.575136042242926,0.5532736805145894,-0.09171204967556157,-0.07350354571509343,-0.008053720673152576,0.06687712560922132,152.70296276388265,75.90587882928271,57.84493373982674,42.18607138038301,1,1,0.9375,0.90625
BKNG,2024-10-30,amc,2024-10-30,0,0.6203764039741098,0.6421066626451073,0.0475634239350351,0.12035596599598475,0.11727555435018999,0.16533624931656643,73.76394694547714,42.30381919245114,33.86303261334854,28.71081348511271,1,1,1.0,1.0
BKNG,2025-02-20,amc,2025-02-20,0,0.5530907700810044,0.5537449455241237,-0.005497948763171223,-0.019947329760116816,-0.064217709814126,-0.0780179467255544,8.751803679302116,19.081947483381086,29.8707941895407,35.075953107742244,0,1,0.84375,0.9375
BKNG,2025-04-29,amc,2025-04-29,0,0.46428341478550356,0.4058357127269357,0.038712749943227154,0.051564040625956986,0.07194405551369476,0.12074602277370183,60.29488292111142,30.66589911026469,27.531315438409248,22.560295961286204,0,1,0.46875,0.21875
BKNG,2025-07-29,amc,2025-07-29,0,0.4628567456054724,0.4387780661825949,0.003960030193415287,-0.023773117263711452,-0.02311495860791013,0.004455593041202244,6.2739387349540445,24.090103863494402,23.127239354643475,19.01543911304604,0,1,0.375,0.40625
BKNG,2025-10-28,amc,2025-10-28,0,0.43785477191903627,0.4047089973471708,-0.008731387930013601,-0.0251553610463896,-0.013654582450571051,-0.04076102669500303,13.921514542943253,10.64842389733477,15.218281195686,29.8390405254612,0,1,0.3125,0.15625
BKNG,2026-02-18,amc,2026-02-18,0,,,-0.061484962218720685,-0.025056370977449727,-0.0038431635933835473,0.007985069354771612,100.73391189936393,71.0535970888459,53.25800048806539,50.77978924448351,1,1,,
BKNG,2026-04-28,amc,2026-04-28,0,,,0.0034605187037144436,-0.033164142419640386,-0.07394165538290998,-0.020532922703700773,5.483919997661858,30.797808651880317,38.99516284720806,33.11640415923579,0,1,,
BKR,2018-01-24,bmo,2018-01-23,0,,,-0.05695138587716031,-0.11055266257995344,-0.17970455429767718,-0.2128306508597423,93.08405827929889,61.688636131542026,55.65237178397508,49.473911983700496,1,1,,
BKR,2018-04-20,bmo,2018-04-19,0,,,0.008306208353199951,0.06733911591145225,0.05606623223647622,0.06407602852396654,13.13123677512828,29.42047570757528,21.881071767432438,20.705884682942436,0,1,,
BKR,2018-07-20,bmo,2018-07-19,0,,,0.006922446712573693,0.07048487084887434,0.06796720898203734,-0.019148415253334106,10.951182571705004,23.33396201772187,20.65557998975319,30.0553755716906,0,1,,
BKR,2018-10-30,bmo,2018-10-29,0,,,0.025197625334725915,0.009777902526236337,-0.1109442818153169,-0.1305089027685401,39.50434655244383,38.290488961699786,53.19829243885312,41.04979829461401,0,1,,
BKR,2019-01-31,bmo,2019-01-30,0,,,-0.015455599095956063,0.04726240140847149,0.057785504481455474,0.1407077883014043,24.72658106079977,34.15184395194442,28.02980440751344,25.099532373938377,0,1,,
BKR,2019-04-30,bmo,2019-04-29,0,0.31825788159391866,0.24559174428699054,-0.07508637764054871,-0.078166849479813,-0.16288031882564835,-0.15780350588272896,123.90835536724774,60.25109372299231,48.59606670607714,40.16329788797771,1,1,0.2962962962962963,0.07407407407407407
BKR,2019-07-31,bmo,2019-07-30,0,0.26498853874258776,0.2412226165156266,0.03590373876123598,-0.03345572010952147,-0.030985806229494428,-0.110332414866256,55.99609347275526,43.451618903663125,37.03974834793368,43.922166344805646,0,1,0.07407407407407407,0.037037037037037035
BKR,2019-10-30,bmo,2019-10-29,0,0.5586341667937127,0.46776729626973684,-0.012785082089784572,0.03333339273171365,0.017015854021701804,0.03819413689768347,20.426546189541792,26.299140938322964,25.56951241787048,25.756472167057844,0,1,0.8888888888888888,0.6296296296296297
BKR,2020-01-22,bmo,2020-01-21,0,0.5308907811314656,0.5689800702162683,-0.0021994206863338306,-0.03651541167069228,-0.05486041120893215,-0.0836891691101892,3.495317345895246,27.701284428961454,32.3432496172085,30.893065711099553,0,1,0.8148148148148148,1.0
BKR,2020-04-22,bmo,2020-04-21,0,0.5043732987882578,0.5061219970199342,0.01882355004223668,0.11372563328958796,0.06666689103173273,0.22431384586934766,29.60370192294681,47.202442535977355,53.11932577835856,78.7289955501409,0,1,0.7407407407407407,0.7037037037037037
BKR,2020-07-22,bmo,2020-07-21,0,0.38240922789422366,0.34696999187486943,0.00919683341980071,-0.02697726855019078,-0.007357480420993601,0.012089464224888768,14.532794567253449,27.252094447036633,31.214153648049976,32.99936155540915,0,1,0.4444444444444444,0.37037037037037035
BKR,2020-10-21,bmo,2020-10-20,0,0.5918829139123932,0.5312265041735537,0.030080826989256515,0.03961863042459579,0.16507716776267967,0.3789488562841292,47.04771069913967,39.03230371003098,52.80327181594271,63.21003861561736,0,1,1.0,0.8148148148148148
BKR,2021-01-21,bmo,2021-01-20,0,0.4835055875430963,0.4527267060997494,-0.014853786569807403,-0.10834425142543924,-0.06509373029891907,0.030682834756619037,23.756532474672873,43.424360787078584,41.781090263975834,39.357738768383335,0,1,0.6666666666666666,0.5925925925925926
BKR,2021-04-21,bmo,2021-04-20,0,0.5529931242946345,0.5525339580086353,0.0020503969072154238,0.02101487600297669,0.10558684052890177,0.29318334301363613,3.2515718148865447,14.991764434045063,43.213966912364356,48.74413965870463,0,1,0.8518518518518519,0.9259259259259259
BKR,2021-07-21,bmo,2021-07-20,0,0.43013320586400317,0.43455852947535173,0.009480871339061947,0.03143705894317139,0.0633729417347999,0.06594065090397616,14.979518896035064,30.715359832185058,27.426756105704175,25.295108830835538,0,1,0.5555555555555556,0.48148148148148145
BKR,2021-10-20,bmo,2021-10-19,0,0.2833071469961444,0.33506719853350336,-0.05656874261468414,-0.043915419968243885,-0.02913209609065326,-0.08760888382890308,92.44007859467672,56.732733564158046,46.937760065168064,41.14940716601153,1,1,0.14814814814814814,0.3333333333333333
BKR,2022-01-20,bmo,2022-01-19,0,0.317376689138359,0.33355794411006645,0.016355918805764924,0.04678596761464959,0.022061557988361624,0.1271335574525878,25.754169115594777,30.705945477827477,25.639558032774683,34.350864214017946,0,1,0.25925925925925924,0.2962962962962963
BKR,2022-04-20,bmo,2022-04-19,0,0.29157486233706315,0.2746778306871259,-0.038377885229032294,-0.14670656387531134,-0.1426240925076433,-0.05715848917667987,62.12285074964355,69.49013136718881,53.4625670259952,57.16484259165004,0,1,0.18518518518518517,0.14814814814814814
BKR,2022-07-20,bmo,2022-07-19,0,0.3554218275556759,0.41245253830450784,-0.08256551902221587,-0.13890860589181842,-0.09922049630815433,-0.11635167102310107,136.79716185323184,71.87856161926364,60.63751396101132,52.4758843996719,1,1,0.37037037037037035,0.4074074074074074
BKR,2022-10-19,bmo,2022-10-18,0,0.34348602601117095,0.3254175487204257,0.060794017929282074,0.07940462606348819,0.17866025840082567,0.2586602721372391,93.68769623781557,49.118869166350954,40.899020398876665,45.799130742545536,0,1,0.3333333333333333,0.25925925925925924
BKR,2023-01-23,bmo,2023-01-20,0,0.26598666061281234,0.3003655278865326,-0.015448808103589506,0.0074026644920046625,0.015804327662540807,-0.024348676487687126,24.715631499779303,32.73097256988524,28.319172749446942,30.834303109913247,0,1,0.1111111111111111,0.18518518518518517
BKR,2023-04-19,bmo,2023-04-18,0,0.39318207653113363,0.4217432669211888,0.03593211248446382,-0.007118754520172188,-0.07288139832330698,-0.06847471239373037,56.039573644442974,38.38376252920153,40.6911785287074,32.72703588769167,0,1,0.48148148148148145,0.4444444444444444
BKR,2023-07-19,bmo,2023-07-18,0,0.46955627769501024,0.4490792629060989,0.004566124099584679,0.01997719958795674,0.020833376903219847,0.0036537125842148743,7.231998728619729,21.092553658135895,23.063515477026495,18.841013364229493,0,1,0.5925925925925926,0.5555555555555556
BKR,2023-10-25,amc,2023-10-25,0,0.38093579816300377,0.4463994375570518,0.02939453477107601,0.024103492333140908,-0.0026127972924103737,0.0018212352580198043,45.98971779262573,25.4328242432902,26.118652259466167,24.73286359742641,1,1,0.4074074074074074,0.5185185185185185
BKR,2024-01-23,amc,2024-01-23,0,0.41307859650650636,0.4835539704199185,-0.04725660366879891,-0.06945777446969725,-0.06787204495017507,-0.06715689951290571,76.84796938692959,40.15766385615016,34.32264415893304,26.777760397071056,1,1,0.5185185185185185,0.6666666666666666
BKR,2024-04-23,amc,2024-04-23,0,0.3086125186133703,0.30361075537949256,-0.010000216166557996,-0.011515259148886292,-0.019612846300188225,-0.021138061826420973,15.9547601766342,23.799989868085536,20.71332109484985,21.724364522297066,0,1,0.2222222222222222,0.2222222222222222
BKR,2024-07-25,amc,2024-07-25,0,0.5295903330086388,0.538445060584605,0.05817864033817255,0.05817864033817255,-0.004623159963811907,-0.004057552890788796,89.76901865935552,48.35295251243819,48.535977799172464,35.87219411943756,1,1,0.7777777777777778,0.8518518518518519
BKR,2024-10-22,amc,2024-10-22,0,0.5700072450883514,0.5420427891839431,0.02834917511945778,0.030850630984537775,0.07824493408303534,0.23838855750365484,44.376827775214096,25.531552479895858,22.442237230415582,41.908952617807586,0,1,0.9259259259259259,0.8888888888888888
BKR,2025-01-30,amc,2025-01-30,0,0.5812743295683492,0.5685973497502721,0.03542599519914447,0.05336317231970633,0.039797759806072364,-0.01765598491134568,55.26381565675314,44.286337261728406,35.84265413116555,30.796557173280252,0,1,0.9629629629629629,0.9629629629629629
BKR,2025-04-22,amc,2025-04-22,0,0.5029413852563209,0.5209412151784363,-0.0643901026758511,-0.06360808775669213,-0.04511886077060134,-0.038560603916671155,105.65543138984374,48.80306981745127,39.344641703181495,31.026770170202873,1,1,0.7037037037037037,0.7407407407407407
BKR,2025-07-22,amc,2025-07-22,0,0.24587515526898587,0.2641912680166197,0.11644178182411258,0.14317847156137775,0.10073924302398662,0.07637325460279087,174.8523821814806,81.3499740666014,60.559543607011555,42.85829714110304,1,1,0.037037037037037035,0.1111111111111111
BKR,2025-10-23,amc,2025-10-23,0,0.4825191583011953,0.5303518241719511,-0.03252194219082871,-0.006340618472828852,-0.028130898486150246,0.004545639014740033,52.48514497537576,32.89917464014742,36.93848223861903,31.37486821338788,0,1,0.6296296296296297,0.7777777777777778
BKR,2026-01-26,bmo,2026-01-23,0,,,0.04395403951235055,0.03931754827713019,0.09272996720782567,0.20482465274945016,68.28493380868593,31.925875337749822,35.11567378342187,31.927785805623305,1,1,,
BKR,2026-04-23,amc,2026-04-23,0,,,0.069003013889817,0.08032251980228056,-0.011591801735405194,0.02777025686849588,105.9249577539062,50.506146253968986,44.73436656864744,34.98691010848293,1,1,,
CDNS,2018-01-31,amc,2018-01-31,0,0.22788014634719156,0.22706901301882088,-0.05862686206714751,-0.14021401760917296,-0.1388764925874464,-0.12416405749087145,95.90692603038359,59.97281624168346,52.90367506005917,41.70624558515563,1,1,0.0625,0.03125
CDNS,2018-04-23,amc,2018-04-23,0,0.22467500100165125,0.26884740682308234,0.09118122811857465,0.09036471266058932,0.11785513931795011,0.14452905051732556,138.52223352184154,62.9795587934635,45.67817789709759,34.261215790175456,1,1,0.03125,0.0625
CDNS,2018-07-23,amc,2018-07-23,0,0.42453041673945047,0.43880713844081126,0.007751903926747072,-0.027464045106533552,-0.0013289340257635063,0.005537098373223914,12.258314497121521,34.600796201362904,26.117542727611475,19.560119721493763,0,1,0.4375,0.53125
CDNS,2018-10-22,amc,2018-10-22,0,0.4961346187766494,0.4160879600580863,0.1536566798814316,0.08840187388898468,0.106870231158815,0.05097265854993793,226.90484888566726,110.37386017254526,78.59012295355402,61.84919173399807,1,1,0.75,0.4375
CDNS,2019-02-19,amc,2019-02-19,0,0.4257111361069632,0.3792269190482863,0.04616262031442275,0.08966567772474754,0.11835105650592848,0.16736324991340124,71.63978447697222,36.63395602581128,27.467896310875318,20.472073403557587,1,1,0.5,0.25
CDNS,2019-04-22,amc,2019-04-22,0,0.3237981564939053,0.3096388441754661,0.0387789736687858,0.06182839553509911,0.09017288581347271,0.017754234634837607,60.396088527923894,29.860946827118134,25.342335400722344,33.1279162529704,1,1,0.15625,0.09375
CDNS,2019-07-22,amc,2019-07-22,0,0.4437887286735669,0.42434816982217044,0.022157898428466716,0.0507844016795167,-0.07101573633418634,-0.05326180225063981,34.790538561445636,21.74199815336989,36.2802638775759,37.13959009693269,0,1,0.59375,0.46875
CDNS,2019-10-21,amc,2019-10-21,0,0.3966946494231361,0.38997062245001923,-0.057078672259041396,-0.013033749012464901,0.0019475243957747246,0.02606738372688433,93.29833620904454,46.561915131825735,37.3840915535174,26.92241367561849,1,1,0.34375,0.28125
CDNS,2020-02-12,amc,2020-02-12,0,0.33964967040800004,0.36529933813076404,0.027885882859006283,-0.0016860863293221007,-0.1460441291708966,-0.18975353492813085,43.6614876949173,36.47755745955037,48.795163465170106,72.82358187927342,1,1,0.21875,0.21875
CDNS,2020-04-20,amc,2020-04-20,0,0.34942116594684536,0.3327243651262108,-0.04175231440007121,0.044578640595516195,-0.0025693339883269273,0.09763625977736745,67.70317266225692,57.44305326050571,61.394884023452036,46.04225377758473,0,1,0.25,0.15625
CDNS,2020-07-20,amc,2020-07-20,0,0.27983947937120107,0.3943216555367621,-0.001157137133257491,0.015139823925046203,0.07782063579859155,0.05255549409858595,1.8379618445877581,19.16351557168942,23.459755899522463,23.17602178822458,0,1,0.125,0.3125
CDNS,2020-10-19,amc,2020-10-19,0,0.38808573896458454,0.4127511998352479,-0.00836559500410361,-0.03240578006596917,-0.02685800887578893,-0.0007044223615704226,13.335829545167375,27.618713330794552,25.82115326135066,44.24592760562476,0,1,0.28125,0.40625
CDNS,2021-02-22,amc,2021-02-22,0,0.33180802974293006,0.35402941682634353,-0.004205448657201405,0.10723939911816216,-0.10123162350715165,-0.03687296130276774,6.690019927354066,50.485171912881924,61.55845477745987,52.89686542918929,0,1,0.1875,0.1875
CDNS,2021-04-26,amc,2021-04-26,0,0.25309215059349854,0.3134478954544642,-0.07959506390907489,-0.10129654748067052,-0.13929138828959053,-0.11606460763815452,131.66564125532182,60.7794902812268,49.663716765146155,39.90170191513509,1,1,0.09375,0.125
CDNS,2021-07-26,amc,2021-07-26,0,0.48755348770300755,0.5249497570867965,-0.011726542967010811,0.01600325616261622,0.03669719266491911,0.09388149614230623,18.72531732353298,15.187212427978178,14.968576366122393,20.108368669131487,0,1,0.6875,0.75
CDNS,2021-10-25,amc,2021-10-25,0,0.6179472205532636,0.5759553672089408,0.03321979877397263,0.03865687643817539,0.07092077864772306,0.08490175735452321,51.87780381398716,46.85654742408225,39.5070767925455,33.37100485477536,1,1,1.0,0.9375
CDNS,2022-02-22,amc,2022-02-22,0,0.4091236523448162,0.4326042035576587,0.04193475251387446,0.11330516459369777,0.0783225783007413,0.16330142353288624,65.21140491510748,53.38393147495326,50.126568989891915,48.743240332910354,0,1,0.40625,0.5
CDNS,2022-04-25,amc,2022-04-25,0,0.4249549806528399,0.44609741047148377,0.002911893877196592,-0.004037065424958741,-0.09212450605857714,-0.046988787668556076,4.615771164804475,46.14711537987905,58.78887467971465,55.42550376099672,0,1,0.46875,0.59375
CDNS,2022-07-25,amc,2022-07-25,0,0.6177454698600926,0.6027872915068209,0.01843013402360416,0.10366210929501052,0.09942739952780211,0.09298578073104213,28.990593618465493,40.12948712544136,31.340789023236397,25.23133674693157,0,1,0.96875,0.96875
CDNS,2022-10-24,amc,2022-10-24,0,0.6023744290212648,0.6064663271839618,-0.05554858212879821,-0.05511173239158418,-0.0887529716162907,0.03108223498687357,90.72444790991827,44.21374889690082,39.89171870067986,45.91251037983958,1,1,0.9375,1.0
CDNS,2023-02-13,amc,2023-02-13,0,0.5730646466945273,0.5282503152627207,0.07210554447871353,0.03742594002400157,0.03898764465344584,0.09283794171504023,110.52548868143583,57.96326300463313,42.36797901045211,34.13642650465427,1,1,0.90625,0.78125
CDNS,2023-04-24,amc,2023-04-24,0,0.3933689909940994,0.41118387313947935,-0.04263312054278823,-0.01094000318243693,-0.0348389441158482,-0.03389990311549973,69.16300339039648,34.90748034384158,25.969727804830306,31.001675219463383,1,1,0.3125,0.375
CDNS,2023-07-24,amc,2023-07-24,0,0.5261014321505961,0.5623494874724074,-0.012351352980301988,-0.03009080962018984,-0.03659800917930589,-0.06532104897643043,19.729258904148,16.12197537232317,17.329707261407236,17.51784581741271,0,1,0.84375,0.875
CDNS,2023-10-23,amc,2023-10-23,0,0.559085575753817,0.560786129958368,-0.010461797790897176,-0.025841934793098487,0.04105537753705524,0.12700073654567134,16.695072442528026,22.597895060151078,25.28709915165772,24.86942146532371,0,1,0.875,0.84375
CDNS,2024-02-12,amc,2024-02-12,0,0.4082244380956103,0.40495140835301574,-0.03995694610389211,-0.04732852724757575,-0.021429894625858092,-0.0012068469351971256,64.73171522093818,37.491555501734425,37.131025048983965,34.61288010162392,1,1,0.375,0.34375
CDNS,2024-04-22,amc,2024-04-22,0,0.47186004195728326,0.44112008252042667,-0.011437721471143858,-0.008876566124544794,0.0005964965065177186,0.017823371292039702,18.261454893462084,18.979123885219703,21.79668365665613,21.3138036513661,0,1,0.625,0.5625
CDNS,2024-07-22,amc,2024-07-22,0,0.49414794760133524,0.4811076439193087,-0.014246887728835311,-0.09763828929342999,-0.14016995999909432,-0.01988989731835855,22.778885305790933,49.22136599556124,53.095807417111054,50.98207951931152,0,1,0.71875,0.6875
CDNS,2024-10-28,amc,2024-10-28,0,0.49901058983978325,0.512970302509365,0.1253313581481068,0.1446769452359975,0.19041021011395043,0.22680698208660321,187.4422724291912,94.77669422717744,68.2769343468479,52.29747644425704,1,1,0.78125,0.71875
CDNS,2025-02-18,amc,2025-02-18,0,0.43442899288575,0.4715702871830668,-0.08784071089513013,-0.17152082027611382,-0.19685118274283386,-0.13890084707282957,145.9512493130075,75.72959181309568,58.47841667757086,46.133264560942976,1,1,0.53125,0.65625
CDNS,2025-04-28,amc,2025-04-28,0,0.43673601096807957,0.4496200239311645,0.057674849686985,0.0808077172500472,0.09109680012918764,0.010044079286323893,89.01306567450776,45.92096051900519,34.70805074489295,47.44663411273554,0,1,0.5625,0.625
CDNS,2025-07-28,amc,2025-07-28,0,0.5196450671538742,0.564332854471823,0.09737535669064235,0.09324063460760557,0.04593116647806528,0.03077057979739317,147.50797380122765,71.11516721088567,51.587524096687254,38.25806863954099,1,1,0.8125,0.90625
CDNS,2025-10-27,amc,2025-10-27,0,0.4814607321385698,0.540808415953137,-0.02874219202886752,-0.04550367248749965,-0.0639157423027571,-0.1358565482742674,46.29536422609452,25.132200961844454,21.430158892984945,22.856675380690277,0,1,0.65625,0.8125
CDNS,2026-02-17,amc,2026-02-17,0,,,0.07602490284404761,0.02529462232369628,0.06057296953829705,0.021802100400961866,116.31824249856611,74.0208839438493,56.768594591614985,41.936517738468545,1,1,,
CDNS,2026-04-27,amc,2026-04-27,0,,,-0.03336902211087078,0.03853925504067335,0.082189347357841,0.11145771170039054,53.87565372806361,39.63039469833182,30.0144698227717,33.234954348523296,0,1,,
CEG,2022-05-12,bmo,2022-05-11,0,0.510001960363263,0.5112918933607369,-0.06568339915275256,0.0008911881537143618,0.033916501086969086,0.044750101602598846,107.85128757882323,70.1851505430792,54.04116539046812,59.51340571981023,1,1,0.6,0.6666666666666666
CEG,2022-08-04,bmo,2022-08-03,0,0.377408142212169,0.3960523369414968,0.004317623597964282,0.14813165759074276,0.1886678165023441,0.23072619573070785,6.839260901712812,71.46879497256423,55.702548198565,43.23984876767392,0,1,0.26666666666666666,0.2
CEG,2022-11-08,bmo,2022-11-07,0,0.24849406251187625,0.3376978975099792,-0.06374332817563721,0.00602854037199263,0.00035137854969624627,-0.014858952970883355,104.55842720490386,80.65359475064527,61.262146274164486,47.08487349425726,1,1,0.06666666666666667,0.06666666666666667
CEG,2023-02-16,bmo,2023-02-15,0,0.5247112116119099,0.5405453545752719,-0.004418082078621155,-0.07894431398507706,-0.1111248484749019,-0.10424078802624626,7.029026738562895,45.65006397778654,41.968261490907025,33.847987123250434,0,1,0.8,0.8
CEG,2023-05-04,bmo,2023-05-03,0,0.4100873405052788,0.4213057192743753,0.027185894301839486,0.03849176604851734,0.05445461886996017,0.14823941766748128,42.58006811528375,22.408325931546784,20.497034345931144,26.625561863219225,0,1,0.3333333333333333,0.26666666666666666
CEG,2023-08-03,bmo,2023-08-02,0,0.626676559216248,0.5545017962519185,0.05850337863166222,0.10005231745121113,0.10288943904609482,0.09302539922615805,90.25610746993421,45.419854347434814,33.385149745942044,25.825728017804934,1,1,1.0,0.8666666666666667
CEG,2023-11-06,bmo,2023-11-03,0,0.43715827563611703,0.4968011571571992,0.06543093366068753,0.040146972423400484,0.041871989967104284,0.012933419364202559,100.61159879978847,54.17745955323932,46.686790315214274,34.74417523642531,1,1,0.4666666666666667,0.5333333333333333
CEG,2024-02-27,bmo,2024-02-26,0,0.43285310539540045,0.43161637184003077,0.16919377730362384,0.3210481613883054,0.2628735154354238,0.39449329568741454,248.14146813311413,131.760540151599,97.4523144463019,71.38044141171571,1,1,0.4,0.3333333333333333
CEG,2024-05-09,bmo,2024-05-08,0,0.33212147187989044,0.37816271835895127,0.03802884268290585,0.0736057874219278,0.05822121893611398,-0.04662152672265407,59.24933237068613,35.21992140624036,35.7916327076513,42.96068103898885,0,1,0.13333333333333333,0.13333333333333333
CEG,2024-08-06,bmo,2024-08-05,0,0.5616553060128107,0.5635753278640622,0.06512909423448487,0.10418859906527556,0.13631280236729992,0.04636501495188461,100.16180603967312,55.072271918942725,42.498182779888076,47.61869451298204,0,1,0.9333333333333333,1.0
CEG,2024-11-04,bmo,2024-11-01,0,0.3717074549439417,0.4843785461127258,-0.12456424811331435,-0.07256878275155854,-0.12967138921308352,-0.03952634480544581,211.1841571315883,99.71969835327526,73.30537135802253,65.16236040097503,1,1,0.2,0.4
CEG,2025-02-18,bmo,2025-02-14,0,0.45417762249684435,0.4891982934893985,0.026158484443092433,-0.15625572287473777,-0.26791667183988677,-0.334243044088251,40.99147660432244,81.18303539327441,80.34454259010684,72.35197848379914,0,1,0.5333333333333333,0.4666666666666667
CEG,2025-05-06,bmo,2025-05-05,0,0.5383928848743009,0.5576578023525574,0.10291217494876714,0.14907149784588092,0.18589296395349209,0.20815726739560336,155.49733421476665,79.78009699511256,59.636087967719575,48.24985606887828,1,1,0.8666666666666667,0.9333333333333333
CEG,2025-08-07,bmo,2025-08-06,0,0.5102414105187703,0.5022889102009935,-0.006056745895390403,-0.031997822464706394,-0.07052888529027956,-0.10788987639151659,9.644021300860313,29.53045894657415,24.07017549209752,24.158290288380815,0,1,0.6666666666666666,0.6
CEG,2025-11-07,bmo,2025-11-06,0,0.5229468447591319,0.5324215428259096,0.020182288657054848,-0.04429261815282559,-0.01458359845174051,0.01930099800235552,31.719371197899292,44.7860586417966,44.5352373283369,38.98881209157192,0,1,0.7333333333333333,0.7333333333333333
CEG,2026-02-24,bmo,2026-02-23,0,,,0.06412530314268339,0.11354662355304068,0.10082650654621528,0.004918724425591492,98.66506701373838,55.28904420900105,46.89869189176597,57.32745938001068,0,1,,
CEG,2026-05-11,bmo,2026-05-08,0,,,-0.012976355543243057,-0.11861427429309335,-0.029980931987130144,-0.16990755104181499,20.734145484677303,53.70696740490334,57.19766463812115,54.59719937394516,0,1,,
CMCSA,2018-01-24,bmo,2018-01-23,0,0.3157054488344962,0.3167064984954747,0.012959468448541234,-0.0023559745087819994,-0.06526822148479272,-0.08576807100011541,20.44035455555283,25.132321300694656,32.7717877605006,30.639403265511405,0,1,0.2903225806451613,0.22580645161290322
CMCSA,2018-04-25,bmo,2018-04-24,0,0.39670450606196805,0.38276041680048983,0.027286228648788713,-0.03868060796343775,-0.08275853328340588,-0.04407807894307303,42.73512092553001,46.463934163705446,48.42129328171048,36.59272967326259,0,1,0.5806451612903226,0.5161290322580645
CMCSA,2018-10-25,bmo,2018-10-24,0,0.41310453652149104,0.3233792793815874,0.05041030234257815,0.11781937490663807,0.12250870363050459,0.09583808619021972,78.0721821581346,52.4352381835594,38.60157317138015,31.51335177051329,1,1,0.6129032258064516,0.2903225806451613
CMCSA,2019-02-04,bmo,2019-02-01,0,0.5194570977567847,0.523870087381082,-0.0005438970004385535,0.022017043703763894,0.026637737344654244,0.052459594951145716,0.8636446093491608,12.224921980699477,14.654811007921994,13.722833502781565,0,1,0.9032258064516129,1.0
CMCSA,2019-04-25,bmo,2019-04-24,0,0.3328117505704711,0.3666353553231442,0.02580624839964729,0.037515021458199405,0.016726185614323485,0.0210272868964978,40.446479528308494,19.367674427426813,19.23403463705452,19.77974326228398,0,1,0.3548387096774194,0.41935483870967744
CMCSA,2019-07-25,bmo,2019-07-24,0,0.4494869974695227,0.47277027321285586,-0.00579436898355834,-0.037887207826427516,-0.06998015782372091,-0.024514997121656168,9.225028095050446,16.825710928789704,18.998038798275743,22.109566051268143,0,1,0.7419354838709677,0.7741935483870968
CMCSA,2019-10-24,bmo,2019-10-23,0,0.5267253863696701,0.5030505144325818,-0.019247601175397144,-0.02252844598642123,-0.03280844811024053,-0.029746500014169674,30.85249970568531,21.747077978993524,18.82247106452709,16.512459086100694,0,1,0.9354838709677419,0.9032258064516129
CMCSA,2020-01-23,bmo,2020-01-22,0,0.38956486269501667,0.3845083577579778,-0.03773236883891762,-0.0868465744402036,-0.06007579281353481,-0.03414853066801038,61.05758644133622,35.36335265537491,35.12752303365781,26.131665105860197,1,1,0.5483870967741935,0.5483870967741935
CMCSA,2020-04-30,bmo,2020-04-29,0,0.2675953519846649,0.28625532140979687,-0.03512819292855751,-0.09897455474965589,-0.10333353724172867,0.015384384946827812,56.7672859765729,36.81657612613403,32.81177113653989,33.79137637477637,0,1,0.06451612903225806,0.0967741935483871
CMCSA,2020-07-30,bmo,2020-07-29,0,0.31229609742777437,0.3513819861021272,-0.00523929189913408,-0.03667415401604013,-0.01275624681596832,0.014578710709340248,8.338982353741438,21.973025511150563,17.646134844849197,16.01833442761665,0,1,0.1935483870967742,0.3870967741935484
CMCSA,2020-10-29,bmo,2020-10-28,0,0.3757693574558834,0.3991976349567526,0.02572638871620203,0.04097177604737445,0.13554066753218974,0.23272972261819747,40.32289064156451,38.15227222707919,40.85329368982475,35.04730707834503,0,1,0.4838709677419355,0.6129032258064516
CMCSA,2021-01-28,bmo,2021-01-27,0,0.3446216500003755,0.3260516611087295,0.06567521744620564,0.0423381125664366,0.08942587813230096,0.08880629307561039,100.9755304500078,56.797521231564005,42.88576041316018,31.869607681300394,1,1,0.3870967741935484,0.3225806451612903
CMCSA,2021-04-29,bmo,2021-04-28,0,0.29451152097782085,0.31668458301761854,0.04251395708042138,0.0426989368642654,0.04658084434733789,0.059889250469030486,66.09361301571651,30.328391071594226,25.87751694222225,30.179328435620768,1,1,0.12903225806451613,0.1935483870967742
CMCSA,2021-07-29,bmo,2021-07-28,0,0.47498269545951216,0.4705529719239854,0.0022420600214381192,-0.00017227547981202296,0.01914455680955407,0.017592259716399106,3.555175973369725,10.7961732493981,11.041031580446212,9.599628400076268,0,1,0.8064516129032258,0.7419354838709677
CMCSA,2021-10-28,bmo,2021-10-27,0,0.4200582283152963,0.454764850880771,-0.01029750698063614,0.009725504106524063,0.032990167990031516,-0.02555285728578316,16.431533422525444,16.392640940794582,17.20419176899692,17.077304611408092,0,1,0.6451612903225806,0.7096774193548387
CMCSA,2022-01-27,bmo,2022-01-26,0,0.3134169090168055,0.29550991223151823,-0.009286078824525923,0.03157213913879109,0.02703252213665608,-0.02868355905894615,14.810063765807774,26.018940288509846,20.71284516569597,27.262667774362466,0,1,0.25806451612903225,0.12903225806451613
CMCSA,2022-04-28,bmo,2022-04-27,0,0.5453531998218,0.4983505110092123,-0.0618673886499973,-0.0636669321017147,-0.10371163136380523,-0.007198704676965595,101.38089871955506,61.80041477319508,47.44371242774943,38.00798280031236,1,1,1.0,0.8387096774193549
CMCSA,2022-07-28,bmo,2022-07-27,0,0.4427966592652245,0.47561909949315984,-0.09130729958810635,-0.11275080501778112,-0.10168316839174463,-0.13304121995849605,151.99572259036654,77.9143934996792,57.45133420124331,43.52182015386774,1,1,0.7096774193548387,0.8064516129032258
CMCSA,2022-10-27,bmo,2022-10-26,0,0.5131644964469169,0.5199919773748691,0.014920527404084005,-0.018730202654603345,-0.003492017928647062,0.13174621694984667,23.510640330276285,19.163513408151044,23.28980935035607,27.43653755648266,0,1,0.8709677419354839,0.967741935483871
CMCSA,2023-01-26,bmo,2023-01-25,0,0.27866126645933803,0.2675277579101515,0.007730532504741872,-0.003241914099854304,-0.03341657342925086,-0.07730687724774421,12.224649028188493,20.141618140141418,27.83928487326117,26.81812315214434,0,1,0.0967741935483871,0.03225806451612903
CMCSA,2023-04-27,bmo,2023-04-26,0,0.5396127164608732,0.5159197849145765,0.10268368297448371,0.11966065107235191,0.09145707930148195,0.07037261855318788,155.16842557603275,72.7216755003078,53.66932393011751,40.42199502129426,1,1,0.967741935483871,0.9354838709677419
CMCSA,2023-07-27,bmo,2023-07-26,0,0.4874669746673182,0.4995610202885688,0.05686297451416289,0.05080395351041078,0.05523171999091514,0.05429940815934331,87.7940645950951,39.46990291876168,29.006155040828673,22.40964984174936,1,1,0.8387096774193549,0.8709677419354839
CMCSA,2023-10-26,bmo,2023-10-25,0,0.26567754121253134,0.2770046057224963,-0.08421058411127869,-0.02175459447325412,-0.028771861581426084,-0.003976546390419111,139.6461979967548,66.92763767452193,50.03900667086887,37.0819986488352,1,1,0.03225806451612903,0.06451612903225806
CMCSA,2024-01-25,bmo,2024-01-24,0,0.3848759840675011,0.3811971054390835,0.03356164355513669,0.06255704854916,-0.02146131099971782,-0.04337890801757083,52.402931203466075,29.35191697409702,33.321326867666926,29.183550137886538,1,1,0.5161290322580645,0.4838709677419355
CMCSA,2024-04-25,bmo,2024-04-24,0,0.3126718708365276,0.3224047983582429,-0.058194330241325365,-0.04998731404448187,-0.02884848275529217,-0.03805011771592581,95.17770903153342,46.86575464733621,34.35749719364033,25.900827788429957,1,1,0.22580645161290322,0.25806451612903225
CMCSA,2024-07-23,bmo,2024-07-22,0,0.3077234347025303,0.3264913480475197,-0.025802980663149455,0.02909216851631835,-0.008853890589884839,0.012648798055928001,41.49868955739955,37.64109731111517,31.64260470984461,25.80045525651604,0,1,0.16129032258064516,0.3548387096774194
CMCSA,2024-10-31,bmo,2024-10-30,0,0.3687073595709823,0.3753193003723575,0.033854148565393594,0.068655277929216,0.03953582586674731,0.02249058647346658,52.852127067690816,50.955588586388764,37.9323829210098,29.140529482292663,1,1,0.45161290322580644,0.45161290322580644
CMCSA,2025-01-30,bmo,2025-01-29,0,0.3686036462579224,0.39627237783297276,-0.1100107442795174,-0.09154173839115898,-0.06584578835758381,-0.03961454359261396,185.01086246296958,84.54075323250675,61.48580481895466,44.90724131585321,1,1,0.41935483870967744,0.5806451612903226
CMCSA,2025-04-24,bmo,2025-04-23,0,0.3183005187641174,0.2969520174089301,-0.03713379849073506,-0.00783293014055797,-0.002320893639940591,0.003481434162719843,60.0704332527368,31.575146447347034,24.919986192846597,20.935569040707012,0,1,0.3225806451612903,0.16129032258064516
CMCSA,2025-07-31,bmo,2025-07-30,0,0.43709509032855615,0.41476542601372834,0.022461626154110625,-0.010461520846260175,0.013538492809620717,0.03292308134709754,35.26216940987158,23.34066436850234,25.220348809631144,21.448648557729,0,1,0.6774193548387096,0.6451612903225806
CMCSA,2025-10-30,bmo,2025-10-29,0,0.4516764064661934,0.42324021979179294,-0.04241150305112895,-0.02067999337224291,-0.022432545217828337,-0.06449356750125634,68.79557251720428,43.93579910068766,34.86187859990795,30.127363714237315,1,1,0.7741935483870968,0.6774193548387096
CMCSA,2026-01-29,bmo,2026-01-28,0,,,0.029215063276298858,0.07356564623857653,0.1432593801264046,0.08975707317764958,45.712926927028754,30.06446291675221,26.412646902838716,22.175422577434922,0,1,,
CMCSA,2026-04-23,bmo,2026-04-22,0,,,0.07728968219095655,-0.08886620054629757,-0.09976167366242183,-0.14606748377613454,118.18306542227744,113.75414728307295,81.49233153363686,58.18974294322968,1,1,,
CMCSA,2026-07-23,bmo,2026-07-22,0,,,-0.06802722577930842,,,,111.83856996697561,,,,1,1,,
COST,2018-03-07,amc,2018-03-07,0,0.41544890659742145,0.4111525410218425,-0.00891385206665618,-0.014571203996855964,-0.0068858236742587176,-0.018147072240829565,14.213745624793606,18.38030002757104,16.851765795238478,25.1952540119756,0,1,0.41935483870967744,0.3870967741935484
COST,2018-05-31,amc,2018-05-31,0,0.48586993559757286,0.5209565986263922,-0.005599294481013595,0.021842114596803297,0.034705293842592244,0.0541765452632339,8.913582669355009,18.871259984456003,14.163364899979369,12.080027428214112,0,1,0.7741935483870968,0.9354838709677419
COST,2018-10-04,amc,2018-10-04,0,0.37591969355669586,0.38362793651148797,-0.055507415516058756,-0.04255881737838363,-0.013380615383265404,-0.006561060826097753,90.65525584101191,44.92116483646854,34.96979800127515,30.734154549356553,1,1,0.25806451612903225,0.2903225806451613
COST,2018-12-13,amc,2018-12-13,0,0.2676099479756958,0.27790486850395196,-0.08586826706533368,-0.1297073405643966,-0.10803056619783591,-0.06834162140350164,142.52226818252922,67.92415266161647,55.077367761887764,40.51545036304535,1,1,0.03225806451612903,0.03225806451612903
COST,2019-03-07,amc,2019-03-07,0,0.3114273044854764,0.32438438826163085,0.0508788612241311,0.07864756370354065,0.10494046975748605,0.13413917317768576,78.78014200519623,39.26243068361725,29.014924142828985,22.00512159791321,1,1,0.12903225806451613,0.12903225806451613
COST,2019-05-30,amc,2019-05-30,0,0.29003244985507204,0.29995310611256715,-0.008114652419279444,0.040034656183048245,0.07522575653982688,0.09406325303217233,12.934160738704293,18.95888230914327,17.210914923177402,13.682693084703818,0,1,0.0967741935483871,0.0967741935483871
COST,2019-10-03,amc,2019-10-03,0,0.3895289375265764,0.36360792476725734,0.009239302532253246,0.028166198797065833,0.046367146546416604,0.02675899159320516,14.599596409313314,14.844023363484935,12.244253167607333,11.707096981169531,0,1,0.3548387096774194,0.22580645161290322
COST,2019-12-12,amc,2019-12-12,0,0.28963013755256417,0.282539871967466,-0.018396213989138155,-0.012208304447941298,-0.010863233982595144,0.008105209097215349,29.475037903585626,17.686869069164352,13.542048402949867,12.69919909082356,0,1,0.06451612903225806,0.06451612903225806
COST,2020-03-05,amc,2020-03-05,0,0.378016165289907,0.3883040465775866,-0.013997809579392895,-0.11372584240375438,-0.03337984777073977,-0.08585632106027108,22.377822044208393,59.3477084131557,77.37836303677543,60.46906762307742,0,1,0.2903225806451613,0.3548387096774194
COST,2020-05-28,amc,2020-05-28,0,0.3478088387469039,0.38641517397517033,-0.003521005833102442,0.0038443074847400727,-0.028201205808577656,-0.041995194292665405,5.599286835284077,10.224431219811116,15.789554991717997,14.171103468657384,0,1,0.1935483870967742,0.3225806451612903
COST,2020-09-24,amc,2020-09-24,0,0.35392807263122356,0.3513881234695443,-0.012737552068438629,0.03302612986499209,0.05213284131709672,0.07953906829217061,20.35011931213698,19.943895544712383,17.267884252735477,16.88977732504517,0,1,0.22580645161290322,0.16129032258064516
COST,2020-12-10,amc,2020-12-10,0,0.4988304024052278,0.5193438275184354,0.006196473446734352,-0.006706208828564764,-0.022022997872212735,-0.02304238187240426,9.80624585649023,8.259525239815524,9.606085996850828,13.554145292742332,0,1,0.8709677419354839,0.9032258064516129
COST,2021-03-04,amc,2021-03-04,0,0.4570525363823119,0.44192676515782264,-0.0053910294872041575,0.03012201427260419,0.012349556371524795,0.13095574642805463,8.581145443489712,26.49128492421719,22.161533757647963,23.51054931909807,0,1,0.6774193548387096,0.4838709677419355
COST,2021-05-27,amc,2021-05-27,0,0.44856007745092236,0.47156022866621844,-0.023819366472234815,5.1788279206821386e-05,-0.014632308620903034,0.023329081928475714,38.26968312488715,19.866382733533605,17.4206071657537,16.100721707288166,0,1,0.6129032258064516,0.7096774193548387
COST,2021-09-23,amc,2021-09-23,0,0.3816449695411845,0.37245197464001556,0.033062447470950884,-0.00757533152061074,0.00019889674439910188,0.06451256024774832,51.636029050935015,33.83766860742794,27.105399837632415,22.160472934696518,1,1,0.3225806451612903,0.25806451612903225
COST,2021-12-09,amc,2021-12-09,0,0.46235746607435385,0.4551352868008191,0.06577907107584657,0.05397372647504972,0.04966320906970578,-0.010546901257745378,101.13022532391413,56.68191747926444,40.643975211587446,33.998050530712646,1,1,0.7096774193548387,0.6451612903225806
COST,2022-03-04,intraday,2022-03-03,0,0.44124440736743314,0.44608925886664075,-0.01416366549602166,-0.0006188937381157444,0.03703212884053242,0.07976772454424452,22.644870387786188,15.725845117375364,21.509368348128465,18.60212975616963,0,1,0.5483870967741935,0.5483870967741935
COST,2022-05-26,amc,2022-05-26,0,0.4905963230023224,0.4492202612980665,0.012409056441418542,0.0242156246027998,-0.00361286518583237,0.007785277168350424,19.577546642370713,52.2058960059801,38.76183040783182,35.6323460495,0,1,0.8064516129032258,0.5806451612903226
COST,2022-09-23,intraday,2022-09-22,0,0.5001821193497813,0.5002479647793676,-0.04263394468589221,-0.016811413989364143,-0.009606494178119762,-0.01845361979994664,69.1643699377568,42.45379716105938,33.207378013583266,31.565913999104716,1,1,0.9032258064516129,0.8387096774193549
COST,2022-12-08,amc,2022-12-08,0,0.4806269824774077,0.5135606040766296,0.0033234128363996973,-0.0363715567205638,-0.04717309551693949,-4.166105335301484e-05,5.267006942062765,31.036529543617224,23.10355220695492,30.581466514210696,0,1,0.7419354838709677,0.8709677419354839
COST,2023-03-02,amc,2023-03-02,0,0.5900767209253026,0.5693629797847194,-0.02147457728535007,-0.01270337814541056,0.0032325671638837594,0.023018900792157293,34.46119313458493,21.78506702564251,21.053858606200603,17.15255871986703,0,1,1.0,1.0
COST,2023-05-25,amc,2023-05-25,0,0.4520265033214869,0.4628108286181865,0.042564966473991994,0.05351972487168477,0.06315878674147668,0.08998057237271007,66.17128384251366,30.05215334537437,24.32358316065354,18.765785025675292,1,1,0.6451612903225806,0.6774193548387096
COST,2023-09-26,amc,2023-09-26,0,0.4002282176256585,0.4308253743559315,0.019115247533018076,0.02184594803515827,0.016511145668359983,-0.005371382951360526,30.058136977536225,19.159102874308388,18.621911127453934,16.736311649637177,0,1,0.3870967741935484,0.45161290322580644
COST,2023-12-14,amc,2023-12-14,0,0.44340267905825137,0.45125883427366753,0.04445277053676433,0.05450375090570514,0.07024698893527215,0.10933852753057316,69.04312993050279,43.20021390575786,31.688889342185128,24.21160476561374,1,1,0.5806451612903226,0.6129032258064516
COST,2024-03-07,amc,2024-03-07,0,0.4252769469043516,0.42876602393067803,-0.07641396036332138,-0.06827988846849964,-0.05477423146286731,-0.09391668458165181,126.18855334971882,61.82416689340151,44.52361345334746,32.25849403902256,1,1,0.45161290322580644,0.41935483870967744
COST,2024-05-30,amc,2024-05-30,0,0.5203168503435788,0.5252051483725056,-0.00668430867316594,0.03348291103398249,0.03755496984282303,0.03719902223371041,10.646633527767142,15.429121188687864,11.273014779182317,12.813789627855405,0,1,0.967741935483871,0.967741935483871
COST,2024-09-26,amc,2024-09-26,0,0.43012276123834664,0.4848287615306571,-0.01754967731538315,-0.028587569563482296,-0.008663881541677187,-0.011337445706362859,28.10660779166786,14.794317413169583,20.77725029491709,15.56435381650595,0,1,0.4838709677419355,0.7741935483870968
COST,2024-12-12,amc,2024-12-12,0,0.5067402206817115,0.4426412496326977,0.0009713385411123099,-0.0339844613223127,-0.04926187857272246,-0.06565225158938104,1.5412037370053822,16.763323531664483,15.659049956598157,15.304861482189935,0,1,0.9354838709677419,0.5161290322580645
COST,2025-03-06,amc,2025-03-06,0,0.3374468999263618,0.3627446486005013,-0.060694289061257845,-0.1324735587836945,-0.12781743108808885,-0.10728406180376893,99.39709122484622,57.471759849751315,43.540429953198824,37.46317511459976,1,1,0.16129032258064516,0.1935483870967742
COST,2025-05-29,amc,2025-05-29,0,0.4952893284357945,0.4996156740571748,0.031167746354934023,0.002052123673582429,-0.005977785271415681,-0.018637050598240945,48.72187186950506,37.443082833512825,27.584393939248,22.3934053871068,0,1,0.8387096774193549,0.8064516129032258
COST,2025-09-25,amc,2025-09-25,0,0.43976988464287714,0.4780306879710826,-0.02900428006032496,-0.028134947631476837,-0.00044522503942501235,-0.011841283641228717,46.723786003428415,22.884206928896205,22.43645079747554,21.14327405071994,1,1,0.5161290322580645,0.7419354838709677
COST,2025-12-11,amc,2025-12-11,0,,,-1.1349023866347174e-05,-0.030402028098245437,-0.01258371462132113,0.06495337004419621,0.018016119097696518,19.986465147954778,17.866849145402306,22.21591535340627,0,1,,
COST,2026-03-05,amc,2026-03-05,0,,,0.015805436257884997,0.021118061956932,-0.00792822341033983,0.03661818133409045,24.894135070700873,16.0418286973041,15.141179160965146,13.803686560943747,0,1,,
COST,2026-05-28,amc,2026-05-28,0,,,-0.03906752854291995,-0.022960245519309974,-0.019604109250720536,-0.0487540383200441,63.261725948225845,31.411310499511536,24.062759703806606,21.061402926370302,1,1,,
CPRT,2018-02-26,bmo,2018-02-23,0,0.5095222268401631,0.5246230497288746,0.0032071351232314527,-0.013042561564702848,0.07141330168692495,0.08894590136189673,5.083022554052407,21.971217379471888,29.203013050775063,26.40025985158983,0,1,0.6875,0.875
CPRT,2018-05-23,amc,2018-05-23,0,0.5247842792013053,0.47179359439367985,-0.004720543888251272,0.03530972014556344,0.07760575304761619,0.13123113449934176,7.511373975373574,32.20109168970794,26.428511459761495,20.31832516312602,0,1,0.75,0.5625
CPRT,2018-09-19,bmo,2018-09-18,0,0.39852244950366583,0.35784032305423497,-0.13386312268975098,-0.1971325864444785,-0.20165184659411783,-0.20539187886180887,228.13624490940057,113.41168279259452,82.28732049047738,60.51783774199889,1,1,0.4375,0.3125
CPRT,2018-11-20,amc,2018-11-20,0,0.5610473822692205,0.49332173283899994,0.05898522115284344,0.0938689749053403,0.036786505423523685,-0.029598260756095618,90.9785683158297,55.509161042012344,42.50962894771651,35.958669096312484,1,1,0.9375,0.71875
CPRT,2019-02-20,amc,2019-02-20,0,0.3116894579765413,0.2829837105121652,0.05703065189168122,0.09349289534027028,0.07965598677438446,0.11742705372196549,88.0459027974308,46.7741158025529,33.46458955562363,24.41196448950446,1,1,0.1875,0.09375
CPRT,2019-05-22,amc,2019-05-22,0,0.3149743005628041,0.3980722361264975,0.07948759767102698,0.10433712055420563,0.1381385525817651,0.1412255193175349,121.4185259384841,58.039591203931614,42.26580201512977,31.43213872534263,1,1,0.21875,0.4375
CPRT,2019-09-04,amc,2019-09-04,0,0.3219540831866333,0.3095093558505829,0.06542422295336414,0.06727459809045322,0.09132957571049372,0.047052569208063666,100.60160007454748,47.63639419800491,35.487523693615856,28.592436521003044,1,1,0.25,0.125
CPRT,2019-11-20,amc,2019-11-20,0,0.5291571132170516,0.48913405214304556,0.034503066042778974,0.06252950191336804,0.03909561665579875,0.06829961348113689,53.848207035368645,28.326070235297596,23.385130114970508,18.33945012139856,1,1,0.78125,0.65625
CPRT,2020-02-19,amc,2020-02-19,0,0.3340530459761412,0.31528203363053753,-0.06889949232767645,-0.15444975492486546,-0.16755982905483702,-0.33023925489215755,113.32501747604229,63.759670680512436,57.7835200053229,79.35359026157157,1,1,0.28125,0.1875
CPRT,2020-05-20,amc,2020-05-20,0,0.22222579028095665,0.3231081887922815,-0.003345263667783982,0.02803091748461095,0.03518278159496857,-0.026300596551925626,5.319343713520882,17.621250677928142,18.544024145770326,28.84243341966774,0,1,0.03125,0.21875
CPRT,2020-09-02,amc,2020-09-02,0,0.431820835930491,0.4331106924168869,-0.017748096910197186,-0.027194713936297132,-0.024332089479982555,0.024236576451990954,28.42724807884326,22.665915200144326,24.168545187115605,24.704909678278973,0,1,0.5,0.5
CPRT,2020-11-18,amc,2020-11-18,0,0.4759697910304947,0.4998570803138347,-0.018453042744871473,-0.010433724857602633,-0.00836424256698165,0.05510045117174389,29.566944094006235,18.788198916458896,17.64884218365314,21.606363634127213,0,1,0.53125,0.75
CPRT,2021-02-18,amc,2021-02-18,0,0.3509274248821355,0.36075017149583205,-0.014313353509229354,-0.09977265983877481,-0.12343181314361573,-0.10246694041357263,22.88592500095955,39.31338816292323,34.96618298633519,31.489569670584782,0,1,0.34375,0.34375
CPRT,2021-05-19,amc,2021-05-19,0,0.3631539985688358,0.3350207757348305,0.025621940068232707,0.05719485842235916,0.021737374404897425,0.05909580669576964,40.161233953424734,25.280003001609902,23.012652388035665,19.167459020936963,0,1,0.375,0.25
CPRT,2021-09-08,amc,2021-09-08,0,0.4064504678318765,0.4237052892050814,-0.017833703350447094,0.029515478858819444,-0.0022118757826761204,-0.02619750697519785,28.565605594589478,26.770963494418215,38.87193269805456,34.068714508511796,0,1,0.46875,0.46875
CPRT,2021-11-17,amc,2021-11-17,0,0.4913554793973459,0.492594519203983,-0.008971201110492655,-0.055035910143526934,-0.06464340383326961,-0.08939367064606807,14.305605872275379,34.00874512480308,33.606294725817435,30.10489629450232,0,1,0.65625,0.6875
CPRT,2022-02-16,amc,2022-02-16,0,0.4816804745715098,0.5002482998555833,-0.01631591116900155,-0.04153861557792793,-0.04437617057562626,0.01868056037892596,26.114329659307593,37.57988044055522,33.21100177447089,46.851937123076695,0,1,0.5625,0.78125
CPRT,2022-05-18,amc,2022-05-18,0,0.5352895071594557,0.5026498399332755,0.04082588784167407,0.044486135410686245,0.09507270730435557,-0.015016481067001042,63.52108272601803,40.21054996879173,38.860842744800564,37.88882828857171,0,1,0.8125,0.8125
CPRT,2022-09-07,amc,2022-09-07,0,0.554289707084291,0.5197728987009003,-0.01582096148988854,-0.06791213978350064,-0.09214848446442658,-0.04636877935981398,25.315790103271706,45.09534218946396,34.1623649459889,34.52988065692526,0,1,0.90625,0.84375
CPRT,2022-11-16,amc,2022-11-16,0,0.3501768428249492,0.3672708655501226,0.0338491044992153,0.061734393528935616,0.09074785896737292,-0.02659576888345827,52.84438204256603,28.03590911374062,28.01594557115082,27.745998227458706,0,1,0.3125,0.375
CPRT,2023-02-21,bmo,2023-02-17,0,0.5124164651914171,0.47959726275748854,0.009356716014199185,0.022806981342003763,0.031725118721295686,0.04049702604200078,14.784267460652856,11.407397306173495,14.915783720357718,20.848032942853216,0,1,0.71875,0.625
CPRT,2023-05-17,amc,2023-05-17,0,0.564331978614146,0.5620859185487272,0.0776829603241711,0.054390232737471456,0.07060976726252854,0.06439022901581559,118.76247852159334,57.69210234870661,42.08595852798621,31.021813983562303,1,1,0.96875,0.9375
CPRT,2023-09-14,amc,2023-09-14,0,0.48383624170635164,0.5263014514709883,-0.021627590613309766,-0.0381270711850602,-0.031661052781633114,0.020066924336646697,34.70944434560535,24.644731145465222,19.97147445994504,21.027234897535365,0,1,0.625,0.90625
CPRT,2023-11-16,amc,2023-11-16,0,0.37174976542222343,0.38527402087501106,0.018454670899786585,0.03041979229821079,0.016629480267432717,-0.011762356822176967,29.028839358534647,16.346342327512133,14.010885136922829,20.00228599309869,0,1,0.40625,0.40625
CPRT,2024-02-22,amc,2024-02-22,0,0.6399952650176993,0.6061336659785417,0.03987049639317708,0.0756932137222559,0.11738512962906489,0.16191054492421753,62.06326598298643,32.28319461404695,25.387366559820705,20.075854104575598,1,1,1.0,0.96875
CPRT,2024-05-16,amc,2024-05-16,0,0.4831245579197658,0.4775488350457112,-0.0014657718646167162,-0.019421057855075086,-0.027849036401072946,-0.004214059164848294,2.3285476765638373,15.046912899830604,18.80174102491465,18.511086145522306,0,1,0.59375,0.59375
CPRT,2024-09-04,amc,2024-09-04,0,0.5462949386354883,0.6087383203584171,-0.0667295186887451,-0.06917998532941472,-0.03864277599514887,-0.016211133321765825,109.62969295534283,49.089007538065296,37.270780242793364,27.34844901094271,1,1,0.875,1.0
CPRT,2024-11-21,amc,2024-11-21,0,0.2612004414035812,0.3396570020825112,0.1019332000267632,0.11405971335198983,0.09103690977617718,0.025659034188401986,154.0876438756627,70.0013229518987,51.79132653445341,38.29369722910202,1,1,0.0625,0.28125
CPRT,2025-02-20,amc,2025-02-20,0,0.29542998183820873,0.3112390161671142,-0.02799726956267401,-0.05135694977284799,-0.07712129138310886,-0.07883888794828264,45.0783088807151,25.0067124141028,19.612772741030195,19.24206004412757,0,1,0.09375,0.15625
CPRT,2025-05-22,amc,2025-05-22,0,0.5425732934363017,0.4574509752746958,-0.11523247108555679,-0.15133531698430136,-0.1735904847640073,-0.19798876280487787,194.35215172219654,88.69675662911082,63.45925742020484,45.70567224362041,1,1,0.84375,0.53125
CPRT,2025-09-04,amc,2025-09-04,0,0.3061610388372923,0.27225577247481114,-0.028016839937535787,-0.021412841078356948,-0.09025419303696003,-0.09725836485147032,45.110271054022846,24.243827378328124,25.911049557382555,20.104836905686977,1,1,0.15625,0.03125
CPRT,2025-11-20,amc,2025-11-20,0,0.302280013575545,0.2722654171706692,-0.007069744326939853,-0.04973185989180651,-0.056070190428904154,-0.04046806018740379,11.262730583005373,33.70028609598359,24.126694495361065,19.424170508149057,0,1,0.125,0.0625
CPRT,2026-02-19,amc,2026-02-19,0,,,-0.03107574863810758,-0.013280211945179365,0.009827328469839358,-0.12722445475161304,50.1139832504924,42.06511759348709,33.26912925345634,33.80792810742527,0,1,,
CPRT,2026-05-21,amc,2026-05-21,0,,,-0.01773257509574999,-0.04738374987829563,-0.10000006653541449,-0.13953491079929659,28.40216294355931,23.931485564008952,31.624954608116575,30.322441562259055,0,1,,
CRWD,2019-07-18,amc,2019-07-18,0,0.3166951343476494,0.35180909589018566,0.14804119096998503,0.2684535914679982,0.25814431311748276,0.3202749560379081,219.15897564190118,111.0872888095079,97.46637287371506,83.27715485242001,1,1,0.037037037037037035,0.037037037037037035
CRWD,2019-09-05,amc,2019-09-05,0,0.3834435886091062,0.41988235318647915,-0.12515826491840942,-0.1979274048822679,-0.20633274017022551,-0.2649395362786281,212.26166911211615,140.1929919812054,111.11835700924648,99.95882666472305,1,1,0.07407407407407407,0.1111111111111111
CRWD,2019-12-05,amc,2019-12-05,0,0.5004293195361551,0.5180785467022622,-0.038904652381664184,-0.10670446542908141,-0.06572237001122072,0.03399431937913011,62.99267896736214,44.93047814514654,44.40149617245147,48.68403909316619,0,1,0.4074074074074074,0.5185185185185185
CRWD,2020-03-19,amc,2020-03-19,0,0.5574498255674607,0.5496161289981204,0.17417336729090072,0.4048873270625708,0.35816953394984474,0.6394345364983074,254.8880558019289,147.3905532654161,108.3412067034684,81.05194549660605,1,1,0.9629629629629629,0.8518518518518519
CRWD,2020-06-02,amc,2020-06-02,0,0.5071951552418471,0.5118481275911622,0.0634146176056487,0.017886195402481375,0.09528456276994413,0.11598912681021334,97.60451971610318,51.37110195634341,53.9640682041974,49.845859026691166,0,1,0.5185185185185185,0.48148148148148145
CRWD,2020-09-02,amc,2020-09-02,0,0.4619701865828477,0.4413575804168067,-0.09023725391216553,-0.08953333261731122,-0.09495322585842092,-0.015485409260313387,150.12749419979755,72.61104706245246,55.569361128618034,49.98241654922966,1,1,0.25925925925925924,0.2222222222222222
CRWD,2020-12-02,amc,2020-12-02,0,0.44736639943304135,0.4387564541420768,0.13642136635015212,0.17153132021447504,0.26755497693216146,0.41349415305650217,203.00983040461483,109.94478076793352,89.55997971318159,80.0572008263766,1,1,0.2222222222222222,0.14814814814814814
CRWD,2021-03-16,amc,2021-03-16,0,0.5155202386536766,0.5293669858189702,0.059701499498032495,-0.02908660550196296,-0.10712647873687597,0.08552803603347026,92.05192819934588,79.8385189926946,63.06282655147584,57.45850846471843,0,1,0.5925925925925926,0.7037037037037037
CRWD,2021-06-03,amc,2021-06-03,0,0.39593388225300197,0.4040047968962549,-0.04194443314163776,0.058333361590350075,0.11717591462311927,0.1693981311939381,68.02147202125265,62.95670437371872,50.54089642530485,46.50456547028802,0,1,0.1111111111111111,0.07407407407407407
CRWD,2021-08-31,amc,2021-08-31,0,0.5249010357030754,0.5288451853094931,-0.039252664695006656,-0.056120957344028,-0.07626331913089412,-0.12533808263595414,63.567598477187545,41.15783711592994,34.41482593707876,35.18248941947644,0,1,0.7037037037037037,0.6666666666666666
CRWD,2021-12-01,amc,2021-12-01,0,0.5031436787558017,0.49489404757976174,0.038957846667571294,0.03811410757211542,0.045707229349216894,0.016129032258064502,60.66941677676928,64.06377846928103,57.77506500279011,46.529399936721276,0,1,0.48148148148148145,0.37037037037037035
CRWD,2022-03-09,amc,2022-03-09,0,0.5514408398758203,0.5250195973324,0.1250368798268986,0.11702698133977374,0.29265565938074967,0.2782260872909892,187.0268116726536,90.84799334963239,81.57045265644615,60.98296651141738,1,1,0.9259259259259259,0.6296296296296297
CRWD,2022-06-02,amc,2022-06-02,0,0.5124920214477298,0.4829148464997485,-0.06849786160378624,-0.002700845932443796,-0.09659807577222301,0.07470405517084155,112.6404173335425,70.27159591481936,75.54715369378157,69.44854287790686,0,1,0.5555555555555556,0.2962962962962963
CRWD,2022-08-30,amc,2022-08-30,0,0.5210879205283673,0.5514450344988249,-0.05527818960558284,-0.1103752898791035,-0.047518030190133564,-0.14276107236144986,90.27003238021732,56.18592797386033,62.08598040063652,52.853540115883376,0,1,0.6666666666666666,0.8888888888888888
CRWD,2022-11-29,amc,2022-11-29,0,0.5007443614122308,0.5076086521958088,-0.1474637570588485,-0.1751449142677196,-0.12326088504514832,-0.24224637902301294,253.26119528216938,126.9365567168023,91.79001242316609,71.01824288521354,1,1,0.4444444444444444,0.4444444444444444
CRWD,2023-03-07,amc,2023-03-07,0,0.5190813479272294,0.5365318593390991,0.03193786803828447,0.02465375965850014,0.08876974257740167,0.022972886733140685,49.9070078318076,61.8545176904585,48.4872701033784,45.87462689538214,0,1,0.6296296296296297,0.7777777777777778
CRWD,2023-05-31,amc,2023-05-31,0,0.61029822248471,0.6330880429904616,-0.016111920017380932,-0.06806974847250125,-0.038531180795633446,-0.08280777718909726,25.78516672399054,38.22951831026753,29.876410322978757,35.753127225919286,0,1,1.0,1.0
CRWD,2023-08-30,amc,2023-08-30,0,0.42816806517021966,0.43943569700716595,0.09284090885844454,0.11703986842132186,0.14445638899174162,0.12200035594978242,140.93490320922362,66.20233154828681,49.80112410667667,38.00062482557989,1,1,0.14814814814814814,0.18518518518518517
CRWD,2023-11-28,amc,2023-11-28,0,0.5289123768569557,0.5012013211118599,0.10402635132076377,0.12535905039819428,0.17047325598189778,0.20616904883890208,157.10018838346565,71.43059805754763,51.686152986603695,38.38789079058017,1,1,0.7407407407407407,0.4074074074074074
CRWD,2024-03-05,amc,2024-03-05,0,0.530889009898371,0.5441558669550324,0.10757497657030246,0.10656671499949844,0.07830349504012424,0.039084571105773014,162.19448156123465,79.45413959044667,60.704975827926155,45.41714964722105,1,1,0.7777777777777778,0.8148148148148148
CRWD,2024-06-04,amc,2024-06-04,0,0.5472996878631553,0.5701892605666005,0.11977226163945853,0.2586884671252925,0.2746581153262504,0.27521437855560316,179.58088903195645,98.1186482734929,70.11860956426557,51.53351125150374,1,1,0.8888888888888888,0.9259259259259259
CRWD,2024-08-28,amc,2024-08-28,0,0.5402262305940579,0.5801199001008446,0.028274038136113067,-0.029409610795783303,-0.026873602480956493,0.08198324051385031,44.260835441178,42.77353112605296,38.810426828998885,43.84685176320981,0,1,0.8148148148148148,0.9629629629629629
CRWD,2024-11-26,amc,2024-11-26,0,0.5409331661923004,0.53326115210679,-0.04586876754048752,-0.0003842551071918665,-0.0036508004853995635,-0.025555854709181647,74.53725434635939,44.325358007335716,43.45346057527145,47.734813007747384,0,1,0.8518518518518519,0.7407407407407407
CRWD,2025-03-04,amc,2025-03-04,0,0.4741815575785229,0.47215022125023554,-0.06335862463778175,-0.15483392222444792,-0.06922803340194883,-0.04785219718191103,103.90628498787709,97.00986929071256,83.63131177626492,64.73956483160326,1,1,0.2962962962962963,0.25925925925925924
CRWD,2025-06-03,amc,2025-06-03,0,0.49201129571245145,0.521472806630771,-0.057697053039494794,-0.043190963760033285,0.0066903775847781954,0.05184541557003364,94.33974980078717,43.875234205585,35.48634546969754,35.6632514560539,0,1,0.37037037037037035,0.5925925925925926
CRWD,2025-08-27,amc,2025-08-27,0,0.4815319489481126,0.5189080502114404,0.04588158188526292,-0.024017401974164798,0.025484536344522413,0.1391591067760709,71.21327850003355,47.080343004920685,37.831183140437744,51.35572712304498,1,1,0.3333333333333333,0.5555555555555556
CRWD,2025-12-02,amc,2025-12-02,0,0.43770937782256136,0.49301245693511275,0.014751709025771165,0.002768352936936669,-0.05424448683735561,-0.12190495152221603,23.246567281180035,19.31149268761794,25.687501693484872,26.86022659447753,0,1,0.18518518518518517,0.3333333333333333
CRWD,2026-03-03,amc,2026-03-03,0,,,0.04154100120138304,0.11473601656503618,0.10673955685970693,0.004828532180325862,64.61138752869746,43.953601359343224,39.52366987192446,45.366880655442884,0,1,,
CRWD,2026-06-03,amc,2026-06-03,0,,,-0.0381481775991559,-0.1335856891614734,-0.08647552152276927,0.06675945366917135,61.743693483791205,59.85803893695619,55.389057436966624,47.38204012656864,0,1,,
CRWV,2025-05-14,amc,2025-05-14,0,0.4249650953404391,0.4444326936939505,-0.025051919127512146,0.5919063274100536,0.5646309588529534,1.1818856276161016,40.27530882043742,198.46605042274948,182.62144609639975,176.49138062165227,0,1,0.3333333333333333,0.3333333333333333
CRWV,2025-08-12,amc,2025-08-12,0,0.44572651224042614,0.4526999831602427,-0.2083361200925683,-0.37552941586790967,-0.385613449481355,-0.24242015165441178,370.8576673007988,207.8407962099987,148.58514867173994,129.50250638729656,1,1,0.6666666666666666,0.6666666666666666
CRWV,2025-11-10,amc,2025-11-10,0,0.6152113621092739,0.6016843282911339,-0.16305275183395151,-0.28671525995928193,-0.3030963161749376,-0.16523053543597643,282.55708895532354,144.12449551100335,111.63399174956486,90.25783583009277,1,1,1.0,1.0
CRWV,2026-02-26,amc,2026-02-26,0,,,-0.1850865533460987,-0.23363718324590232,-0.1820136960256269,-0.23373963266218678,324.90890507680626,166.00872885471054,127.44284197860914,101.78751826220116,1,1,,
CRWV,2026-05-07,amc,2026-05-07,0,,,-0.11401734887888637,-0.1135128874239103,-0.16501082824529367,-0.20544857453961307,192.17347397604445,101.16312513360177,87.94861525600278,87.22691007220367,0,1,,
CSCO,2018-02-14,amc,2018-02-14,0,0.46224397502268344,0.4513857661581522,0.047280102977433236,0.02019520177465428,0.04062758365177599,0.06937541181931284,73.3345515524748,36.00254120306862,34.29177472484269,25.75029944151653,1,1,0.8125,0.65625
CSCO,2018-05-16,amc,2018-05-16,0,0.43852840347797023,0.4362120011545455,-0.03764420880215902,-0.032772484257972745,-0.054251673720822624,-0.020150566545776516,60.912155685195316,28.973310026940002,21.219023267423964,19.15463358345244,1,1,0.65625,0.5625
CSCO,2018-08-15,amc,2018-08-15,0,0.45560386915514633,0.4485104772597602,0.029639702461933926,0.04856347037803732,0.08253518831783757,0.08071127401552869,46.367750987520765,25.267271702053822,19.625521198875333,15.267856905429783,1,1,0.75,0.625
CSCO,2018-11-14,amc,2018-11-14,0,0.321654493582499,0.2881518482010855,0.055041454353075725,0.012632436706255579,0.06789956252880747,-0.0029327605561139114,85.05570741368682,44.79876571535642,36.67873235697003,37.13241958144789,1,1,0.125,0.09375
CSCO,2019-02-13,amc,2019-02-13,0,0.3758080803221081,0.39283596878470917,0.01894757760785959,0.04021061922242741,0.08989487775470262,0.1199998963507698,29.796940166618,20.51885346625276,18.43942485010052,15.49161002421233,0,1,0.28125,0.3125
CSCO,2019-05-15,amc,2019-05-15,0,0.4601320256972377,0.49333952714182966,0.06655186664706281,0.06197541493828984,0.021548147876371493,0.044050321233431555,102.28086753375626,47.86078533937505,37.62298451976721,34.13602593926114,1,1,0.78125,0.875
CSCO,2019-08-14,amc,2019-08-14,0,0.4117211186289345,0.40169590028561847,-0.08614910985943591,-0.03635656609134352,-0.07389838524049586,-0.01146034039078625,143.01004537723446,70.38952915423738,53.202780054914534,39.23492833500469,1,1,0.53125,0.4375
CSCO,2019-11-13,amc,2019-11-13,0,0.3902234711267158,0.4173269305290536,-0.07325648424366438,-0.06974809796061698,-0.06644660546274272,-0.0652084021662861,120.77076947381795,54.66814494560428,39.35736797836443,30.370305218636894,1,1,0.4375,0.5
CSCO,2020-02-12,amc,2020-02-12,0,0.31472970992932897,0.34293624411947715,-0.05227284572119073,-0.06168624909774767,-0.19807710135435863,-0.24614444800605118,85.2280580780318,40.09633165155674,49.23191813819612,80.01570183207421,1,1,0.09375,0.15625
CSCO,2020-05-13,amc,2020-05-13,0,0.33420034832602974,0.35188624303510724,0.045292005228694476,0.08319427597383555,0.08700834300653404,0.0743743615170871,70.3181601245726,37.60913507814086,31.058698290720386,43.42429536561333,0,1,0.1875,0.1875
CSCO,2020-08-12,amc,2020-08-12,0,0.3793148363245674,0.39863370259365405,-0.11185018154166426,-0.1295219308729999,-0.12162152750982058,-0.17089394917586298,188.29521430335726,84.60931862504263,60.22422047881214,44.414409458731484,1,1,0.375,0.40625
CSCO,2020-11-12,amc,2020-11-12,0,0.37705417964089366,0.3941349554301202,0.07059728265881171,0.06464933632360337,0.10421485403294972,0.144039033579062,108.29065538810106,54.20789170207847,41.017090414252635,29.245155345973927,1,1,0.3125,0.34375
CSCO,2021-02-09,amc,2021-02-09,0,0.3786417436328298,0.3717446620163385,-0.02597927056254201,-0.04639165942008183,-0.0569071046683296,0.006185566821157451,41.785979353837064,23.435491938822857,18.498501477747116,23.96598677587173,0,1,0.34375,0.28125
CSCO,2021-05-19,amc,2021-05-19,0,0.4048546460171675,0.4661467105068905,0.007242102448424603,0.008385791715190383,0.01639060625634392,-0.007623163816311895,11.455051785173023,15.93657796500164,12.52193385078671,14.93170475508533,0,1,0.46875,0.71875
CSCO,2021-08-18,amc,2021-08-18,0,0.4350701947771813,0.43281376477777467,0.03844055006392466,0.07615594181169305,0.0705347716435416,0.030824876334892615,59.878828973631414,30.936788340355093,22.006109212568962,16.911195773740733,1,1,0.625,0.53125
CSCO,2021-11-17,amc,2021-11-17,0,0.4551264885340335,0.4661544454312452,-0.055144552133713165,-0.021494093212520493,-0.010747046606260247,0.06518667048381244,90.04549230463134,45.324148049209505,36.92201794868393,32.77104084044196,1,1,0.71875,0.75
CSCO,2022-02-16,amc,2022-02-16,0,0.3695994647893103,0.33404385426553423,0.028018421124290427,0.008847863620244034,0.03354833588694284,0.031705057584180185,43.86616451121426,37.749533607417916,34.08269053208595,29.649491342749595,0,1,0.21875,0.125
CSCO,2022-05-18,amc,2022-05-18,0,0.5098001439833894,0.49987197175596937,-0.13730351323998802,-0.09015718940800965,-0.05314314312087809,-0.10277077749480079,234.45432970367492,107.32515409407956,77.55540423188368,55.22069705357742,1,1,0.90625,0.9375
CSCO,2022-08-17,amc,2022-08-17,0,0.5334654428426655,0.5298664258097915,0.05807966386056962,0.008786866464524312,-0.04157766050217293,-0.07201050326051817,89.62052989781554,44.26312649242672,35.635071042897785,32.37343380491139,1,1,0.9375,1.0
CSCO,2022-11-16,amc,2022-11-16,0,0.408573429431606,0.46567283990634484,0.04956062850706022,0.0941653654861736,0.1257041722326735,0.07704441590122668,76.78757821208029,40.567403773510044,32.64044313977836,26.84765543739665,1,1,0.5,0.6875
CSCO,2023-02-15,amc,2023-02-15,0,0.3271976176966957,0.3641206833220416,0.05242504685720406,0.015686316917775667,0.001651000016869908,0.03591322993099344,81.11408341254281,39.87624384446599,29.543931612678637,23.330833224313928,1,1,0.15625,0.21875
CSCO,2023-05-17,amc,2023-05-17,0,0.4760550653846051,0.4923472515796893,0.01196712976416614,0.01637624700000706,0.04429992828054918,0.09321860317481945,18.884457218215463,18.180117908407915,17.678892277162024,15.628863046941625,0,1,0.84375,0.84375
CSCO,2023-08-16,amc,2023-08-16,0,0.37361359388178217,0.39793365879523135,0.03342141415760547,0.057024231985135065,0.07269642318775449,0.05815712295745756,52.18753779041224,25.123176857814695,20.31858248917907,15.739448980359045,1,1,0.25,0.375
CSCO,2023-11-15,amc,2023-11-15,0,0.42605153668005774,0.4064796323076937,-0.09834837942463492,-0.09759752389250154,-0.09196691526942702,-0.06400160527203835,164.34411836974047,74.44013118616425,53.067498986794725,37.95980919698071,1,1,0.59375,0.46875
CSCO,2024-02-14,amc,2024-02-14,0,0.47732859540210704,0.4719555160002996,-0.02426397920133272,-0.034009633039695175,-0.03798729078201457,-0.02684973584216932,38.99287060033391,20.036893579477777,15.820583296074838,15.465051593909063,0,1,0.875,0.78125
CSCO,2024-05-15,amc,2024-05-15,0,0.2397322249033694,0.2678438272975413,-0.02677678106599435,-0.04509767240256779,-0.07147162959113829,-0.08033026196711435,43.08628766693061,26.081139884025962,20.727882153414956,19.200733732937287,1,1,0.03125,0.03125
CSCO,2024-08-14,amc,2024-08-14,0,0.4442489148806251,0.48363874504777027,0.06800182767715968,0.11025541700267993,0.09705115383125507,0.09595067384590461,104.43751708346628,49.40149489429159,36.4260017519201,26.862531670547675,1,1,0.6875,0.8125
CSCO,2024-11-13,amc,2024-11-13,0,0.41686953809909244,0.4472868864600394,-0.021291144746617197,-0.028387924653258234,0.001858672465363309,-0.009462619189233412,34.16364047874092,17.88061880562925,17.16085348232977,13.617319194003901,0,1,0.5625,0.59375
CSCO,2025-02-12,amc,2025-02-12,0,0.38555684972648885,0.3671536801376689,0.020950005505293134,0.03422362690230574,0.02047016843674765,-0.03246445554415822,32.913524830771266,19.1362472938389,17.85153737974375,20.31969965951661,0,1,0.40625,0.25
CSCO,2025-05-14,amc,2025-05-14,0,0.5572038282776208,0.4985909047622055,0.04845815850765933,0.03116328685453884,0.02871588187139107,0.0456844243386354,75.11922610797713,35.03423540628475,25.704129086657296,22.307137008546125,1,1,1.0,0.90625
CSCO,2025-08-13,amc,2025-08-13,0,0.5398992700478085,0.5253795850518038,-0.015624853088019308,-0.04673297068220361,-0.027840961067896464,-0.05497154567277085,24.999504739985273,35.53008719333495,26.914056903943873,22.63908898162961,0,1,0.96875,0.96875
CSCO,2025-11-12,amc,2025-11-12,0,0.2546942882444124,0.2790563786334107,0.046241167767826274,0.05989727022381275,0.028528873936971344,0.05192000314816392,71.7589681808654,34.15439730067737,31.257229198577342,24.938876754573954,1,1,0.0625,0.0625
CSCO,2026-02-11,amc,2026-02-11,0,,,-0.12321718868855025,-0.08159921353105348,-0.08697684436896025,-0.08428807395486781,208.74337604448377,95.7823049698118,69.1315196902224,51.08327793719004,1,1,,
CSCO,2026-05-13,amc,2026-05-13,0,,,0.13409242640184305,0.12250900034812906,0.16462148096367457,0.18876995004187536,199.7532293116122,93.55230009158507,69.7576083981562,59.97330773466685,1,1,,
CSX,2018-01-16,amc,2018-01-16,0,0.31173921036936303,0.31056707971011355,-0.007568859580668441,-0.01771854365082215,-0.021847333388851586,-0.05126418816480527,12.060893497229555,12.860135996489792,20.431407761794404,38.896025677487614,0,1,0.0625,0.125
CSX,2018-04-17,amc,2018-04-17,0,0.3971155751173596,0.4716429656394279,0.07848657372327783,0.04631394900426189,0.05798139386183476,0.1186141308029034,119.94577766527334,57.11687527814977,43.16899738629898,32.44210748186159,1,1,0.53125,0.84375
CSX,2018-07-17,amc,2018-07-17,0,0.3699365451093267,0.37582472979932213,0.07076308766856498,0.07309154010101548,0.09683403159252468,0.13532006344578562,108.53648724091227,50.69845084290927,38.45687530749949,27.780742900238447,1,1,0.28125,0.3125
CSX,2018-10-16,amc,2018-10-16,0,0.37993408070886747,0.3653948738856108,-0.020636880290449966,-0.07451530511127202,-0.046953088395420894,-0.02354549346449719,33.10278809175413,31.212210555117046,33.25871269181243,27.27570235953466,0,1,0.375,0.25
CSX,2019-01-16,amc,2019-01-16,0,0.42071925844808716,0.4606270087446343,-0.0044356595677728095,-0.005047691565289503,0.004894223937137454,0.10951347375137499,7.057054211546664,30.570608489780042,25.155666727081368,22.249499882417638,0,1,0.65625,0.8125
CSX,2019-04-16,amc,2019-04-16,0,0.4809454262929938,0.4473616529560186,0.0401899960516503,0.04519713831055827,0.042693525637020446,0.030702573606146144,62.550934481094366,28.19382470340027,21.27060249267323,21.929264547336615,1,1,0.84375,0.71875
CSX,2019-07-16,amc,2019-07-16,0,0.3257641463428327,0.30362882684113657,-0.10270286712496635,-0.12080472910887552,-0.11741054110277926,-0.1881836274673242,172.0292160276642,79.40066062442231,56.916301792969826,45.07558152652157,1,1,0.1875,0.09375
CSX,2019-10-16,amc,2019-10-16,0,0.3709834017579851,0.3829222427196033,0.011304415220833697,0.04724646767086638,0.029710425607453184,0.04115959353802112,17.84453080462037,29.594376974731283,23.106407527781325,21.231841382118017,0,1,0.3125,0.40625
CSX,2020-01-16,amc,2020-01-16,0,0.3889700008451571,0.3898770809910862,-0.004430526807098545,-0.0005209896786950718,-0.005212255310316993,0.036095980189704946,7.048869924871316,24.394912480947227,24.74176637981423,19.078596046699122,0,1,0.40625,0.5
CSX,2020-04-22,amc,2020-04-22,0,0.31424672258657704,0.2967124469087171,0.009525405900227657,0.11923141392124581,0.02857601341119631,0.1134834227763779,15.049549806749518,41.9670478951246,36.791231110609765,42.29237558247277,0,1,0.09375,0.0625
CSX,2020-07-22,amc,2020-07-22,0,0.4971052262125843,0.4568408979215066,-0.02361482647299007,-0.018291099816956202,-0.024979639473813098,0.008872257377692705,37.937097987203266,29.18307311358345,26.600197243044445,21.533541769900317,0,1,0.90625,0.78125
CSX,2020-10-21,amc,2020-10-21,0,0.2475936097402167,0.27084145423809103,0.03823645119057906,-0.035441974675527343,0.07761671074359167,0.16488815895499642,59.56679497133649,40.38558248249224,39.61576541069597,34.6537353926827,1,1,0.03125,0.03125
CSX,2021-01-21,amc,2021-01-21,0,0.35429032338175714,0.32444791914526444,-0.043335894174144296,-0.05359680479138762,-0.03482151867339711,0.010588327124185115,70.32873018649943,47.0203954100204,37.91129344879825,29.118583882692644,1,1,0.21875,0.15625
CSX,2021-04-20,amc,2021-04-20,0,0.4226684786834115,0.4335821494722363,0.04306759097165358,0.03524624330873616,0.03250340445711464,-0.0009143211989975919,66.93641542505989,32.40389438208679,23.409855679351978,20.921093125954172,1,1,0.6875,0.6875
CSX,2021-07-21,amc,2021-07-21,0,0.3211850014224683,0.38800915331860236,0.03484354236657028,0.010769839819209093,0.011086519945966433,0.06398522607683033,54.3705839157967,28.883785704608606,23.28359541513286,20.761603747092572,1,1,0.15625,0.4375
CSX,2021-10-20,amc,2021-10-20,0,0.4311606087359488,0.3795383660410231,0.015960526513201012,0.040626612187073974,0.03540311130028617,0.050783826379789954,25.136483995517757,15.651636470282332,14.015175532591401,13.058949652282777,0,1,0.71875,0.34375
CSX,2022-01-20,amc,2022-01-20,0,0.6508319134070197,0.5253524391988914,-0.032349730629186335,-0.047672896104371976,-0.017877400849902414,-0.016458707651495263,52.20260311406507,27.532873920375366,27.02742174618647,26.303428305975785,1,1,1.0,1.0
CSX,2022-04-20,amc,2022-04-20,0,0.46994128263922147,0.39829532197109196,0.028328137905187845,-0.023229768048655952,0.005665352346818864,-0.12351296112339594,44.34435253747851,43.03389989297266,37.42354273966587,38.475832637493156,0,1,0.8125,0.59375
CSX,2022-07-20,amc,2022-07-20,0,0.4187592347266893,0.40369718717343683,0.042381399338832004,0.07063584654549548,0.0931719573003007,0.15539850948757783,65.89175262900955,35.07795818097658,28.44247691172213,25.4275529888217,1,1,0.625,0.625
CSX,2022-10-20,amc,2022-10-20,0,0.5232864050407787,0.49861863994638284,0.01698654004744804,0.06388452320129989,0.07090085457870288,0.14032491907404276,26.738833763617738,24.85670760332375,22.863776025643528,29.730588887570885,0,1,0.96875,0.9375
CSX,2023-01-25,amc,2023-01-25,0,0.5035958899840761,0.48478910954149557,-0.028985400549611295,0.017391291993463787,0.028985529708853708,-0.009661821709744167,46.69292077698204,35.81618458651464,31.585349208036163,27.999283591510842,0,1,0.9375,0.90625
CSX,2023-04-20,amc,2023-04-20,0,0.4366468280760432,0.45090521176397946,0.03278147612944626,-0.013631895186019594,0.016228548556951106,0.04868558082099028,51.20421697186275,32.996886325284315,27.059019515867107,21.01708698289819,1,1,0.75,0.75
CSX,2023-07-20,amc,2023-07-20,0,0.40173306390577573,0.41531347983044614,-0.03708083502380921,-0.020171843849876803,-0.0237315288886516,-0.08424776915064836,59.983116256025525,30.72447853824743,26.193496206474414,26.158282170464474,1,1,0.5625,0.65625
CSX,2023-10-19,amc,2023-10-19,0,0.41417782290895244,0.37264352879457535,0.007203666087926663,-0.031106781261036498,-0.004911614135008957,0.03536350485052253,11.394473504369456,18.841065842950712,22.13034545916304,19.093139330245577,0,1,0.59375,0.28125
CSX,2024-01-24,amc,2024-01-24,0,0.36104514412090494,0.3825491455212903,0.017737453949016713,0.038092497358783506,0.07560346146801855,0.1145681437281616,27.91052970014573,16.409039095619384,15.33709596875493,14.762223733603467,0,1,0.25,0.375
CSX,2024-04-17,amc,2024-04-17,0,0.4629434377463542,0.5043834530503878,0.006733068533534059,-0.014344187817478482,-0.028103046928408815,-0.006733068533534059,10.652592730594362,23.16189521947561,20.410692678776314,16.982632814646724,0,1,0.78125,0.96875
CSX,2024-08-05,amc,2024-08-05,0,0.392920232168441,0.38938060183362777,0.02606078334440487,0.015151684645789976,0.019394151586346275,0.06011190906371078,40.84032736942456,25.893620092895276,19.863602143475738,17.19540491904876,1,1,0.5,0.46875
CSX,2024-10-16,amc,2024-10-16,0,0.48960413480743836,0.4766088409970971,-0.06709902716130511,-0.05300264665700272,-0.05441219644507922,0.004510757912140839,110.25833457537877,55.16984255028942,40.024222623851045,43.5034650894359,1,1,0.875,0.875
CSX,2025-01-23,amc,2025-01-23,0,0.3144709719907618,0.34401556119208704,-0.02910607065121129,-0.02405691595353554,-0.027620997894288624,-0.055241995788577136,46.89020900669424,36.3951294485813,26.982617578574075,24.43478636045603,0,1,0.125,0.21875
CSX,2025-04-16,amc,2025-04-16,0,0.3749209547034512,0.3915649587428168,0.012065864136381332,0.028884783922672685,0.027787919463659216,0.1451553282934146,19.039332121379466,19.80786814731831,15.378572050841143,25.48025794830362,0,1,0.34375,0.53125
CSX,2025-07-23,amc,2025-07-23,0,0.3893328256565813,0.39576048618880777,0.0008577917559509096,0.009150626860586097,0.029739620266187483,0.02573618644414677,1.3611185030655943,16.560878403078323,16.742767258589442,17.429936555756818,0,1,0.4375,0.5625
CSX,2025-10-16,amc,2025-10-16,0,0.3907204085659525,0.32541245172895994,0.016949079957560453,-0.012781454188449448,-0.009724924065852014,-0.03028608196926663,26.680359888061915,23.628874323479497,20.621400779993436,17.28605964701598,0,1,0.46875,0.1875
CSX,2026-01-22,amc,2026-01-22,0,,,0.024035874093040643,0.05841256666200301,0.11430972370407688,0.17300179224544832,37.70443149095053,25.82785767571152,24.09807856261356,20.41680008003981,1,1,,
CSX,2026-04-22,amc,2026-04-22,0,,,0.06947655626580396,0.03473827813290198,0.05604439960530927,0.06299216156975973,106.6280041987215,50.05415328224346,37.49359579819349,30.285018479960407,1,1,,
CSX,2026-07-22,amc,2026-07-22,0,,,0.05768077409398065,,,,89.02195751703292,,,,1,1,,
CTAS,2018-03-22,amc,2018-03-22,0,0.384201174751685,0.46452478121134105,0.029060182582743233,0.04579744192382096,0.02225502709974525,0.0613696123270675,45.474022553302504,25.792371999886786,27.00835003035428,21.325278481193198,1,1,0.16129032258064516,0.3225806451612903
CTAS,2018-07-19,amc,2018-07-19,0,0.35035155064875634,0.4668872626943902,0.05106374424286386,0.07801518241481498,0.07486552425011794,0.09861623426839028,79.05940052873271,37.18142243154392,29.4469858579202,21.52702283446143,1,1,0.06451612903225806,0.3548387096774194
CTAS,2018-09-25,amc,2018-09-25,0,0.6806971657461146,0.6556394553879479,-0.05540959460580197,-0.08034378769883477,-0.08283260126374781,-0.20933512812138377,90.49085239033442,43.14751412448701,31.0718182161011,35.47536020543885,1,1,1.0,1.0
CTAS,2018-12-20,amc,2018-12-20,0,0.43765704368274044,0.413043161194764,0.005847678551748281,0.04948423133216129,0.0868337108255286,0.1452463278197842,9.255865552541065,42.284966199542126,38.79578099805928,29.272765762872993,0,1,0.3225806451612903,0.1935483870967742
CTAS,2019-03-21,amc,2019-03-21,0,0.3116788457934756,0.3790596945422581,-0.06520286599811431,-0.035988770687486404,-0.013357378529949226,0.012733134287758352,107.03504752138824,49.74848811258189,36.651777547115714,26.970419895947934,1,1,0.03225806451612903,0.12903225806451613
CTAS,2019-07-16,amc,2019-07-16,0,0.59906422255437,0.5170557646838574,0.08741229438151099,0.08916642385473783,0.09776966268651233,0.07216840299715321,133.0296964949544,60.26915807924092,43.008596081431904,36.45828389007848,1,1,0.9354838709677419,0.6451612903225806
CTAS,2019-09-24,amc,2019-09-24,0,0.5225160850439909,0.4919403087685386,0.05742834450509915,0.040652082463711325,0.032481788695266633,0.06341721226138519,88.64304604828727,43.261811762380944,32.573483894693,24.717700084482036,1,1,0.6774193548387096,0.4838709677419355
CTAS,2019-12-17,amc,2019-12-17,0,0.41061237516356053,0.48421693038504243,0.019634989870991548,0.030871000152241646,0.0384641634806584,0.09000598078421884,30.867520477293375,18.40950901356762,13.681154419401754,14.731698267729767,0,1,0.25806451612903225,0.41935483870967744
CTAS,2020-03-19,amc,2020-03-19,0,0.3696013815498215,0.3519872314197174,-0.04322394487113701,0.05234988445080524,-0.09732213810513501,0.059617763902339416,70.14297678490195,131.4502735162342,104.85113158484455,91.55492279771092,0,1,0.12903225806451613,0.06451612903225806
CTAS,2020-07-23,bmo,2020-07-22,0,0.5688832641461505,0.5156263956614761,0.04717304306551551,0.05681498476623226,0.036667344321052564,0.10599228505619585,73.17226351861711,46.316040690370755,34.274272795303965,27.07333026955398,0,1,0.8387096774193549,0.6129032258064516
CTAS,2020-09-23,bmo,2020-09-22,0,0.6017414407603863,0.5363468874383165,-0.02253021578476022,0.019351541164497332,0.020709252414623958,0.04530717891575975,36.174668017404244,33.73580710539847,30.798944657037968,26.11659291364376,0,1,0.967741935483871,0.7741935483870968
CTAS,2020-12-22,bmo,2020-12-21,0,0.4469775338040475,0.39560253028876935,0.0054027863947112564,0.0035826241061065467,0.014040973642573285,-0.06254851663406247,8.553571702535919,39.648955984655,33.072837574331686,30.99301491801021,0,1,0.3548387096774194,0.16129032258064516
CTAS,2021-03-17,bmo,2021-03-16,0,0.4082903789929769,0.37904517745537814,-0.013593769625080632,-0.042936959959218535,-0.03057893734596906,0.011237470796038318,21.7274561813214,20.6654839571615,22.97720801914299,21.94274691055292,0,1,0.22580645161290322,0.0967741935483871
CTAS,2021-07-15,bmo,2021-07-14,0,0.5846012622223076,0.6070419406813792,-0.025861140948271633,0.03485928052678977,0.030135757111902306,0.028100446561898584,41.5934643766913,44.62930844665738,33.18838801368336,23.950820370845697,1,1,0.8709677419354839,0.967741935483871
CTAS,2021-09-29,bmo,2021-09-28,0,0.5219051336676014,0.5236057254309395,0.008262584680093221,0.01497131902893356,0.04644236425473469,0.09550066569393367,13.062555325292932,23.50426450103294,18.749708438996635,18.024700705573746,0,1,0.6451612903225806,0.7096774193548387
CTAS,2021-12-22,bmo,2021-12-21,0,0.4566867542920616,0.42657108108614955,-0.018086439792834086,0.018658937965619238,-0.07053734104396625,-0.1311385092957733,28.97414974323351,20.307465070111082,35.837568406540456,28.250468248708877,0,1,0.41935483870967744,0.22580645161290322
CTAS,2022-03-23,intraday,2022-03-22,0,0.4485480327062422,0.4920482458465176,0.02122128134080903,0.09798957472307301,0.09770971181632082,0.06587770903659163,33.33526912204772,31.166488665764945,24.39786022324594,21.356867302925448,0,1,0.3870967741935484,0.5161290322580645
CTAS,2022-07-14,bmo,2022-07-13,0,0.5193162044800894,0.547475535944291,0.025319871327828425,0.0384565041320879,0.08385207513350657,0.1379082730725818,39.69362511110986,30.381956240252205,27.964071238909156,23.055618993920408,0,1,0.6129032258064516,0.9032258064516129
CTAS,2022-09-28,bmo,2022-09-27,0,0.4070328251551068,0.4335816883465523,0.02873295795176478,0.07167634264608269,0.025995231247922357,0.07397081679163198,44.96915839373231,36.43990390136028,30.436904991457865,30.073553304425175,0,1,0.1935483870967742,0.25806451612903225
CTAS,2022-12-21,bmo,2022-12-20,0,0.5136124072826411,0.5043621276171663,0.04606467607021436,0.015992978588511564,-0.023449184683850932,-0.013898317084519496,71.49115658372374,39.73760729552945,32.3749674859589,28.311557842072833,1,1,0.5806451612903226,0.5483870967741935
CTAS,2023-03-29,bmo,2023-03-28,0,0.5636450230043492,0.5498952986828372,0.04850871503506404,0.02542647591965297,0.023239999093658925,0.016207288680933907,75.19577095017442,35.99291870264258,26.08659555488878,23.76882071487142,1,1,0.7741935483870968,0.9354838709677419
CTAS,2023-07-13,bmo,2023-07-12,0,0.5443541036651129,0.5461293524064574,0.002900319057976608,0.02233049921854602,0.04760180273063708,-0.005861461303455551,4.597449952320632,10.928560623413688,10.560299226151798,13.265422562453743,0,1,0.7419354838709677,0.8387096774193549
CTAS,2023-09-26,bmo,2023-09-25,0,0.46837629508868206,0.5227472582586146,-0.052718058429813475,-0.0408490292699244,-0.0065278084032165395,0.0005935101846556989,85.97396824709168,39.449233543371406,32.094127533469084,24.32467173893739,1,1,0.4838709677419355,0.6774193548387096
CTAS,2023-12-21,bmo,2023-12-20,0,0.564006299654908,0.5468447181388648,0.0655458288311701,0.08566638846713559,0.04262544539324553,0.09032638074721122,100.78277891976938,46.90662288912025,36.13352532310942,26.0417130853675,1,1,0.8064516129032258,0.8709677419354839
CTAS,2024-03-27,bmo,2024-03-26,0,0.507778386702981,0.5058068797621058,0.08247537996691046,0.07175539443856671,0.05929902619776373,0.050284193830238744,125.80616848780349,56.99813269702327,42.658561309483645,29.839388366202495,1,1,0.5483870967741935,0.5806451612903226
CTAS,2024-07-18,bmo,2024-07-17,0,0.46254219882150743,0.48182709442028476,0.05444701339640501,0.04761158481373906,0.06135196065967197,0.06881624867194303,84.16103953217744,42.405057466616974,30.434707988465316,23.7579205213218,1,1,0.45161290322580644,0.3870967741935484
CTAS,2024-09-25,bmo,2024-09-24,0,0.42154224565001464,0.4547247746182763,0.011520685236134032,-0.004832867308463107,0.010593172121316385,0.023724813126938082,18.183974889179623,22.96984845266297,17.897547918339622,16.596002766191237,0,1,0.2903225806451613,0.2903225806451613
CTAS,2024-12-19,bmo,2024-12-18,0,0.5325417841370141,0.5283776898291389,-0.10568026927603658,-0.0942316352140885,-0.09070887384119342,-0.02627320364699981,177.30543756142558,81.93545798403233,59.12465524772692,43.694959092904725,1,1,0.7096774193548387,0.7419354838709677
CTAS,2025-03-26,bmo,2025-03-25,0,0.3579568640890983,0.31606423218914065,0.05815162048725098,0.07448571527482306,-0.017316263868063064,0.08420346988937455,89.72848369711838,43.335069097677604,48.9117133386388,45.164896904121896,1,1,0.0967741935483871,0.03225806451612903
CTAS,2025-07-17,bmo,2025-07-16,0,0.5851649780186059,0.5379081269930682,0.03691256425902156,0.03354834456323297,0.04256623539188187,0.03429592494917655,57.54129644530458,26.795372009299406,21.346544924166423,18.582132190031903,1,1,0.9032258064516129,0.8064516129032258
CTAS,2025-09-24,bmo,2025-09-23,0,0.4849245026291261,0.4844058021961043,-0.0027419356445579357,0.023281278271253925,-0.007079112418748368,-0.03514626734956927,4.358666221534575,11.662636218803126,12.937488538323061,22.593596714064503,0,1,0.5161290322580645,0.45161290322580644
CTAS,2025-12-18,bmo,2025-12-17,0,,,0.013449412673677053,0.020334127784398248,-0.013289076516113774,0.03399699461781225,21.207980840653395,21.624538000616024,18.642212058254316,16.520878649802327,0,1,,
CTAS,2026-03-25,bmo,2026-03-24,0,,,-0.007185710830325931,-0.05046875730098044,-0.01987318282891859,-0.002863100947993691,11.448143271370096,38.01064941940769,32.76262568253905,24.485013766965157,0,1,,
DASH,2021-02-25,amc,2021-02-25,0,0.6866680831124216,0.6008616263488037,0.015700907608564352,-0.10109663576930195,-0.13123985460121035,-0.19691976731511873,24.730774432188092,68.55574173216888,93.9181707622189,74.1350451734786,0,1,0.9,0.75
DASH,2021-05-13,amc,2021-05-13,0,0.5252491286638011,0.506270612264393,0.22149112419781192,0.18624991370770805,0.3232315365048599,0.37527062749112217,317.6050020510858,150.15496366603332,115.84731367781825,91.56929649769565,1,1,0.4,0.3
DASH,2021-08-12,amc,2021-08-12,0,0.579131053259344,0.5845372805339735,0.034960875285813486,-0.032676313351516995,0.0148238307561106,0.10854891847934867,54.55056250078874,55.953754527947154,42.44248582278574,35.025556562128564,0,1,0.65,0.65
DASH,2021-11-09,amc,2021-11-09,0,0.699977863917726,0.6426013012714966,0.11577528057028652,0.22207177026990843,-0.04010206327029531,-0.14139885773246963,173.9044116736411,107.74555459263544,99.86325591898186,82.7848082948879,1,1,0.95,0.9
DASH,2022-02-16,amc,2022-02-16,0,0.5935242277972855,0.6226865300840508,0.10686056965824586,0.05827799362279418,0.07155654925916322,0.13067764364673007,161.1702152593304,124.08479673859661,92.08501977187643,123.02693335854447,1,1,0.7,0.8
DASH,2022-05-05,amc,2022-05-05,0,0.6312117942072615,0.6352680158058176,-0.014217373804967237,-0.10334935106342702,-0.08475740872600379,-0.043745789622500864,22.731356974702322,154.6577248575723,147.9791267761017,120.48423162584527,0,1,0.8,0.85
DASH,2022-08-04,amc,2022-08-04,0,0.569249709542487,0.5979804362579814,-0.013151421912453665,-0.04264996551956313,-0.18018686765157377,-0.28429204639377015,21.01573336364011,89.61246579743336,79.91398038784709,61.1931234961043,0,1,0.6,0.7
DASH,2022-11-03,amc,2022-11-03,0,0.4935344333112758,0.4561047902889814,0.08317578310662022,0.2488972552448281,0.23293425772770648,0.11804240411336697,126.83297795076776,103.60554758541834,84.45231668128723,74.18482022031516,1,1,0.25,0.2
DASH,2023-02-16,amc,2023-02-16,0,0.7567132331501121,0.6906882051137461,-0.07594555333698472,-0.17640901995413472,-0.1427717046524365,-0.11317087403047155,125.38366395281608,75.7972209705476,59.16330290552996,55.80868568147408,1,1,1.0,1.0
DASH,2023-05-04,amc,2023-05-04,0,0.4886612719665176,0.43812319708192654,0.0011141125701770171,0.06987106894335016,0.06589207813140918,0.10377202694658849,1.767614397956517,48.16260363201899,41.87630018239615,35.96420978672313,0,1,0.2,0.1
DASH,2023-08-02,amc,2023-08-02,0,0.4781258803551743,0.5423662890571745,-0.006047967575695701,-0.041870271725516384,-0.07199351244160046,-0.021516701922371317,9.630001296286967,25.980135711241193,28.88500070701191,30.129161519198604,0,1,0.15,0.5
DASH,2023-11-01,amc,2023-11-01,0,0.5626759963116792,0.5836802385051468,0.1566534802452464,0.150329325472075,0.25375496375535067,0.2724637666591445,231.02314940237335,113.75766319466723,87.86361974081952,62.01865701120827,1,1,0.5,0.6
DASH,2024-02-15,amc,2024-02-15,0,0.37295139478078126,0.3458949513950409,-0.08125441339670236,-0.035717071566767844,0.00918669274529571,0.026213710905091947,134.53015542280858,72.747786836809,56.429975662985335,43.426430939669665,1,1,0.05,0.05
DASH,2024-05-01,amc,2024-05-01,0,0.3989778848896547,0.44490385370317787,-0.10316963455463302,-0.11329046402892495,-0.08771379558669512,-0.13612112504898566,172.85521121564645,83.21847116478422,62.052939772979855,45.560597551900074,1,1,0.1,0.15
DASH,2024-08-01,amc,2024-08-01,0,0.6465416711605905,0.5755743047384521,0.08345662350629213,0.15304995984343517,0.2041589367923684,0.18955647268119646,127.24451090348697,65.47054900586573,50.873793573388134,36.826139129238555,1,1,0.85,0.55
DASH,2024-10-30,amc,2024-10-30,0,0.5390170821692185,0.5159048952217213,0.00933975490011063,0.09268920701866956,0.13210946542245372,0.1625120497748087,14.757591896206746,46.33135060052623,34.87694055282302,30.4100099178833,0,1,0.45,0.35
DASH,2025-02-11,amc,2025-02-11,0,0.5139581969680279,0.5241329810647817,0.040395686983744516,0.1043555312933595,0.028535967010859364,-0.07664821240070407,62.86481170872771,42.35339228922467,47.33953212745542,49.68927184180547,1,1,0.35,0.4
DASH,2025-05-06,bmo,2025-05-05,0,0.5668497477642682,0.5260153609720006,-0.07444008637039456,-0.06475164648579079,-0.015676734743847676,0.07220059528594036,122.79949797808109,84.88130402017941,63.05903599075642,47.677879968225646,1,1,0.55,0.45
DASH,2025-08-06,amc,2025-08-06,0,0.5015448765324867,0.46208954579113054,0.05002326539758406,-0.015034058531838146,-0.05525410721475643,-0.04351356576657861,77.48715807626961,59.541515204597964,47.5015267539061,34.7467238650118,1,1,0.3,0.25
DASH,2025-11-05,amc,2025-11-05,0,0.6108230519888639,0.6712033228169447,-0.17453778691652444,-0.1743277541729582,-0.14993696453190652,-0.054621848739495826,304.4917789072458,140.28841917228166,106.59557416252498,83.16912648024422,1,1,0.75,0.95
DASH,2026-02-18,amc,2026-02-18,0,,,0.016207160453669545,-0.0018456991302718828,0.025204723694298936,-0.08143966996379004,25.521805784898838,61.75693222232077,50.155225503375036,47.97489502069703,0,1,,
DASH,2026-05-06,amc,2026-05-06,0,,,0.02012266987110012,-0.11252005571906165,-0.0431029674379243,-0.06649995884841697,31.626598901000868,54.30710866788835,56.19559019215903,49.54645341390155,0,1,,
DDOG,2019-11-12,amc,2019-11-12,0,0.4202140426485713,0.3636191426991217,0.16831386174428808,0.13808138922396873,0.1787789953019343,0.03866273131868536,246.94632961079384,115.1057645741083,92.20354082914622,70.0672145171152,1,1,0.12,0.12
DDOG,2020-02-13,amc,2020-02-13,0,0.4856610032218137,0.49727297778578866,-0.03030930351965211,-0.05814432360462307,-0.0690721334870329,-0.4028866168149968,48.858763413304885,30.159380180048,33.90241237858926,99.69106806219907,0,1,0.52,0.68
DDOG,2020-05-11,amc,2020-05-11,0,0.5162420232770785,0.4514613474706069,0.2364877412176165,0.210450804891553,0.27491473784932574,0.40527929729014,336.97594719730074,160.7536669943151,118.49810152521509,95.89883801961192,1,1,0.72,0.28
DDOG,2020-08-06,amc,2020-08-06,0,0.43093053073138066,0.48885124324108115,-0.16364851691303905,-0.08432400607876511,-0.04699481453773846,-0.11598713691402063,283.68748816707074,137.87038482201902,100.81752985010792,74.61469730036742,1,1,0.16,0.6
DDOG,2020-11-10,amc,2020-11-10,0,0.3561064742302973,0.3512391030062859,-0.06231097989357903,-0.0487041275437049,-0.036933026191151574,0.09643628998192089,102.13169428549465,64.04348983405261,48.78645529575476,54.0984977499228,0,1,0.08,0.08
DDOG,2021-02-11,amc,2021-02-11,0,0.3436557799174501,0.3338928703194577,-0.04030610480673269,-0.1067176495340263,-0.18869043452321832,-0.2550169919463825,65.309161275577,59.329097827079416,54.77225745933142,65.51042965806766,0,1,0.04,0.04
DDOG,2021-05-06,amc,2021-05-06,0,0.5400234375789801,0.49273576145415915,0.08309977935055635,0.08450110324721827,0.2348654987791472,0.2698991307664955,126.72158656133456,61.446463474558385,62.0846825161324,46.34261538293986,1,1,0.84,0.64
DDOG,2021-08-05,bmo,2021-08-04,0,0.462814380200408,0.4610228250166342,0.15261464255593005,0.11554865025170757,0.15444176736686321,0.192812981587688,225.47034023219953,105.98823302818825,78.28297737024266,57.274967758751906,1,1,0.4,0.4
DDOG,2021-11-04,amc,2021-11-04,0,0.5636582785303651,0.5327632537448779,0.11117099669278652,0.1401018257993727,0.14165923682289971,-0.03318354829230885,167.3401900284453,85.43668939273367,61.84547092293259,58.774001091013,1,1,0.96,0.76
DDOG,2022-02-10,bmo,2022-02-09,0,0.5264516653048582,0.5501959164711016,0.1228296212444735,0.11845657986460001,0.02803858913409374,-0.18315114698992663,183.90926399135722,92.93083913116077,86.22909483936458,94.75063264740862,1,1,0.76,0.92
DDOG,2022-05-05,bmo,2022-05-04,0,0.5434595319155583,0.5606714637463034,-0.05991594330603334,-0.17756300212956277,-0.25991596895105695,-0.11394955931591388,98.0822116045252,96.98332469539184,109.14498912185833,104.73432454204948,0,1,0.88,0.96
DDOG,2022-08-04,bmo,2022-08-03,0,0.4727432923157641,0.41424158546261236,-0.017167766737332335,0.04750048082424074,-0.021348528419936175,-0.13591886700028244,27.489633653929978,58.19347528177793,47.59156423813106,51.13753999539006,0,1,0.44,0.16
DDOG,2022-11-03,bmo,2022-11-02,0,0.5442990744336722,0.5368051705449635,0.007115987586049588,-0.09747585672677883,0.10687431156958493,0.0030880198331468822,11.256277655849967,58.28219943269778,104.15684267296525,81.55440529669488,0,1,0.92,0.8
DDOG,2023-02-16,bmo,2023-02-15,0,0.4452844380006454,0.4598074580308903,-0.07044634709204156,-0.1129396318146435,-0.16478812607557092,-0.2265554350491903,115.96447238415206,60.219694367637,46.92690924182404,48.53701480144092,0,1,0.24,0.36
DDOG,2023-05-04,bmo,2023-05-03,0,0.4585954869972809,0.4742233061323081,0.14520057289988864,0.30619691347867506,0.386391310091335,0.5001519158078189,215.2262514370022,113.23437926017658,82.56657058487187,61.325438048945514,1,1,0.32,0.48
DDOG,2023-08-08,bmo,2023-08-07,0,0.43440225042298347,0.4543656757485614,-0.1717780019944084,-0.15540925492182056,-0.1092191935751744,-0.08127938985515926,299.1932741704482,138.29111327580355,100.57777925975049,71.92639247977627,1,1,0.2,0.32
DDOG,2023-11-07,bmo,2023-11-06,0,0.4843330434302052,0.426097379783688,0.28472649940374684,0.3104964927804159,0.40502818799824825,0.4369578023047964,397.72921423165275,180.18226411784357,129.8044288223509,91.12961853000763,1,1,0.48,0.2
DDOG,2024-02-13,bmo,2024-02-12,0,0.5294709113871491,0.4883394249438326,-0.0235076995495348,-0.0533185177306329,-0.028921089942551825,-0.08350025403025507,37.76293578671029,40.373032721684105,37.008136480630164,33.54585465626439,0,1,0.8,0.56
DDOG,2024-05-07,bmo,2024-05-06,0,0.6176387629810527,0.6046207506935721,-0.11475151259940686,-0.0685988737554839,-0.04473497873960508,-0.12987318032001993,193.48944998511354,94.02723372382357,68.02697719312349,54.13044128690907,1,1,1.0,1.0
DDOG,2024-08-08,bmo,2024-08-07,0,0.4594393186228188,0.5053647827459384,0.05572007212192842,0.05655313364101833,0.08978153337694139,-0.007774934840494185,86.0764502447439,42.43646187150444,34.5011552222192,33.663310256397914,1,1,0.36,0.72
DDOG,2024-11-07,bmo,2024-11-06,0,0.5116553812248135,0.5492014093788004,0.01121922176969603,0.0007790482272818089,0.05531741727382822,0.3139850866891769,17.710796485147682,44.05959623882121,49.242166203171024,55.11321995299189,0,1,0.64,0.88
DDOG,2025-02-13,bmo,2025-02-12,0,0.501732280335114,0.5441140162621606,-0.08238231649628769,-0.14754540491895807,-0.23337158763742338,-0.31258015011706064,136.48019539255628,68.62702246481865,57.73013945908888,53.998066714038806,1,1,0.56,0.84
DDOG,2025-05-06,bmo,2025-05-05,0,0.5119906052338671,0.44926441785787874,0.003405871530231419,0.07303691053542183,0.10179756335754009,0.1324503349499182,5.397467108743242,42.33576979921622,36.614579894057655,29.654746323179037,0,1,0.68,0.24
DDOG,2025-08-07,bmo,2025-08-06,0,0.4453435188091701,0.48443265238443145,-0.004234826245784418,-0.060236562467725796,-0.06206191284553564,-0.006425268981265275,6.736853045658927,31.389769198350066,30.69845930158182,40.391488326099434,0,1,0.28,0.52
DDOG,2025-11-06,bmo,2025-11-05,0,0.5036238608320088,0.46821489797876065,0.2312557270919522,0.23170734709039853,0.13763067762986436,-0.023035179789950955,330.24463375980685,153.15291860732972,110.4152843512065,84.40878499780536,1,1,0.6,0.44
DDOG,2026-02-10,bmo,2026-02-09,0,,,0.13735633487667798,0.07499338007332801,-0.08402773135296981,0.11823520283274647,204.3153376279174,93.90312561263937,92.57570965508008,77.72707395517376,1,1,,
DDOG,2026-05-07,bmo,2026-05-06,0,,,0.3132696883335939,0.4286409294195832,0.47686309635864843,0.6290445318569544,432.61204520847826,199.13773634611331,142.4717485674907,116.18038719023376,1,1,,
DXCM,2018-05-02,amc,2018-05-02,0,0.4758872028532347,0.42932384019038083,0.1278428248165291,0.14103086665653652,0.16458086070168676,0.24074821662511958,190.98113011684038,87.44114080175028,63.81603423966673,47.37949314901976,1,1,0.6451612903225806,0.3870967741935484
DXCM,2018-08-01,amc,2018-08-01,0,0.44332220258703653,0.42110669943852946,0.30647526458266316,0.3029127754943599,0.2981978033995252,0.5129923533388032,424.3777798844827,190.8992773439669,136.56669939489925,98.40431814450359,1,1,0.5483870967741935,0.2903225806451613
DXCM,2018-11-06,amc,2018-11-06,0,0.44045459297455897,0.42554365045099773,0.08824853964134038,0.07380377440364505,-0.09848026270097332,-0.08659339952898881,134.25001377984773,73.3071797151308,85.91155816688762,72.2705455747979,1,1,0.4838709677419355,0.3548387096774194
DXCM,2019-02-21,amc,2019-02-21,0,0.5071929710542028,0.545209485315219,-0.06420512403178413,-0.047316226796207284,-0.021743539663461542,-0.11774359809027779,105.34160885483426,52.06972976429326,46.24241382141042,50.485305069007026,0,1,0.8064516129032258,1.0
DXCM,2019-05-01,amc,2019-05-01,0,0.3674836954621734,0.38483012218380275,0.014752992408360255,-0.0032878045912848597,0.024194866386227476,0.02259315666094941,23.248574969754653,25.575060386657846,28.70186748015667,29.676786490672075,0,1,0.1935483870967742,0.16129032258064516
DXCM,2019-07-31,amc,2019-07-31,0,0.2621268627796581,0.3180360561990917,-0.05450365308280658,-0.06094216775777983,-0.02148272596470724,0.09683179010784548,88.96908341152718,53.12128554488748,50.39703454102503,41.29030347879933,1,1,0.03225806451612903,0.0967741935483871
DXCM,2019-11-06,amc,2019-11-06,0,0.3918083044499041,0.4491527593022659,0.2715517447556879,0.3251044956029334,0.4454676651580609,0.4678683494916527,381.36600349042,173.43806398916587,124.66812929755022,87.446000958762,1,1,0.22580645161290322,0.5161290322580645
DXCM,2020-02-13,amc,2020-02-13,0,0.43337440604453653,0.42989798743928953,0.1256888945893646,0.15479161114500806,0.09432612764299475,-0.19789065593552113,187.94655177453268,97.186816325323,72.7179035497431,97.53847661379372,1,1,0.45161290322580644,0.41935483870967744
DXCM,2020-04-28,amc,2020-04-28,0,0.4241440826434986,0.4023215006849063,0.10187223731624417,0.1618664886855834,0.31024141036706077,0.15405220547003728,153.99981824355112,80.17051976195677,78.683547125757,64.05265476440853,1,1,0.3548387096774194,0.25806451612903225
DXCM,2020-07-28,amc,2020-07-28,0,0.39361918499641624,0.45199990684194197,0.022235998557502246,0.05768449606406589,-0.015893186798706216,0.018909006282841645,34.91182645172516,22.831755778021552,35.47605464140821,33.86774334876222,0,1,0.25806451612903225,0.5483870967741935
DXCM,2020-10-27,amc,2020-10-27,0,0.5340071194956019,0.5295890354454629,-0.08278383039016124,-0.12836616988243876,-0.10797889177488618,-0.17886140403146633,137.17495427305983,89.10851224933373,72.76521789390078,56.03710229380834,1,1,0.9032258064516129,0.9032258064516129
DXCM,2021-02-11,amc,2021-02-11,0,0.5621221955100115,0.49512523536688563,0.005753255195837026,0.021306655227411042,-0.030277945046637167,-0.11767434932909693,9.106837553783233,26.985407412409096,25.458101966327675,38.06273053310748,0,1,0.967741935483871,0.7741935483870968
DXCM,2021-04-29,amc,2021-04-29,0,0.35599171005501545,0.3671358155868448,-0.08442021596631588,-0.1526203794311095,-0.2317761866792838,-0.12404552061742047,140.00962035271684,68.70470299264326,60.17209189673284,48.52183300990349,1,1,0.16129032258064516,0.12903225806451613
DXCM,2021-07-29,amc,2021-07-29,0,0.5768400081234626,0.4862814146338089,0.13038049241139138,0.14884334327321103,0.08069294878975608,0.14178277800774985,194.5489119962163,89.64625252204979,66.89452592768482,48.62270802373344,1,1,1.0,0.7096774193548387
DXCM,2021-10-28,amc,2021-10-28,0,0.4282859499892191,0.46541274360786006,0.09273743507015042,0.10432739380678102,0.1176006565838228,0.0012098513686089607,140.78459100723708,69.3697519356914,52.79762935653043,44.78431166071417,1,1,0.3870967741935484,0.6451612903225806
DXCM,2022-02-10,amc,2022-02-10,0,0.4805208500762214,0.4897189997576049,-0.049087643282092586,-0.12440362308185249,-0.06993464047777642,-0.07909191520491943,79.90176329501493,66.17122466276311,67.14614175015306,56.68842831863149,0,1,0.6774193548387096,0.7419354838709677
DXCM,2022-04-28,amc,2022-04-28,0,0.45124307009211295,0.47287187207668985,-0.011252871985177104,-0.08213344030941927,-0.24613416080281103,-0.30043806382245086,17.96464806920772,56.53453483753258,66.92764116432166,74.27694592270309,0,1,0.5806451612903226,0.6774193548387096
DXCM,2022-07-28,amc,2022-07-28,0,0.5611855976597496,0.5129183187611119,-0.05644322512117006,0.029313750021597196,0.014369468107788164,-0.02873893621557644,92.2288924708613,60.05420691349907,63.43002386867583,52.18701776481885,0,1,0.9354838709677419,0.8709677419354839
DXCM,2022-10-27,amc,2022-10-27,0,0.4227600507385728,0.4542885639697074,0.1937778049045138,0.11209875036168993,0.18360490210262337,0.11180246612172073,281.1738942519571,129.2283917336559,96.85085700806933,70.26225836906119,1,1,0.3225806451612903,0.5806451612903226
DXCM,2023-02-09,amc,2023-02-09,0,0.4851841215118835,0.40026619430864735,0.0993099751774329,0.09343532704271107,0.026575890813999692,0.03189114011998018,150.30410703721233,70.15761373707645,52.583074367557835,58.45432891831275,1,1,0.7096774193548387,0.22580645161290322
DXCM,2023-04-27,amc,2023-04-27,0,0.41177229974184526,0.4580540429847947,-0.01812595452317889,-0.04984628233401933,-0.020310746876843977,-0.06902410303374307,29.03803413643058,22.156052827535134,25.44634452597136,24.355612854467118,0,1,0.2903225806451613,0.6129032258064516
DXCM,2023-07-27,amc,2023-07-27,0,0.4329221895674148,0.49759488318611567,0.023345734834661735,-0.05635436673725547,-0.1243816008918418,-0.22108842253540062,36.63422343074208,50.6419294909974,60.463917276539114,49.64771320480108,0,1,0.41935483870967744,0.8064516129032258
DXCM,2023-10-26,amc,2023-10-26,0,0.4717155749314827,0.44779782837047827,0.10112227090834303,0.15513629793045736,0.13947472806461936,0.40559882235035416,152.91898503609494,93.18407819485387,71.4211008965534,56.19427844747864,1,1,0.6129032258064516,0.4838709677419355
DXCM,2024-02-08,amc,2024-02-08,0,0.32345787733614895,0.31760570506075203,-0.051790646776876614,-0.07367178579711231,-0.08492719918418024,0.047146714604444195,84.4205762800458,40.9804672219952,30.834655572327875,44.423311647702725,1,1,0.0967741935483871,0.06451612903225806
DXCM,2024-04-25,amc,2024-04-25,0,0.4897008472583929,0.4454844107348677,-0.09905078409569978,-0.0823128282958836,-0.0715165242376603,-0.07709580598328969,165.58125626681525,75.64363673612506,55.24353038266009,42.98130252242809,1,1,0.7419354838709677,0.45161290322580644
DXCM,2024-07-25,amc,2024-07-25,0,0.5042764775758696,0.39735276889175347,-0.4065832090358631,-0.3479833037577863,-0.3370421788447533,-0.31321278866223146,828.4243296823216,374.48051364338164,269.4810796599863,189.09600109635193,1,1,0.7741935483870968,0.1935483870967742
DXCM,2024-10-24,amc,2024-10-24,0,0.3517287343263239,0.42325833901998866,-0.018837622731580184,-0.05838336948929124,-0.07935864974086049,-0.026987263650577242,30.189045186105773,23.397052440741064,18.29895679340773,29.77894757971801,0,1,0.12903225806451613,0.3225806451612903
DXCM,2025-02-13,amc,2025-02-13,0,0.2954113675842291,0.29105358341099324,0.0592223043621376,0.05577360739273751,0.050897925973185654,-0.1515043217813643,91.3339234206819,43.28576525608004,38.40602179589914,50.51221817313248,1,1,0.06451612903225806,0.03225806451612903
DXCM,2025-05-01,amc,2025-05-01,0,0.44071851245833277,0.5337303858604098,0.16168517314196929,0.21463128014742772,0.21932814637317644,0.21705094700155358,237.91392644861529,110.04229779749284,79.57490392481719,57.416685795409585,1,1,0.5161290322580645,0.9354838709677419
DXCM,2025-07-30,amc,2025-07-30,0,0.5202667639419154,0.540053757061249,-0.0930833274509495,-0.14215131798522296,-0.10217829242735033,-0.15697278363769818,155.10141015643282,76.702540586836,58.784761528100894,50.42611312944819,1,1,0.8387096774193549,0.967741935483871
DXCM,2025-10-30,amc,2025-10-30,0,0.5290353282687755,0.5021919374113296,-0.14633425475243056,-0.14926681739009817,-0.12434011887089436,-0.06862165249113161,251.15941647852003,118.85595223841072,93.81428562738272,68.9135129790274,1,1,0.8709677419354839,0.8387096774193549
DXCM,2026-02-12,amc,2026-02-12,0,,,0.07590649466845067,0.12292562653528671,0.1283035992500028,0.01936070177297844,116.14354626810035,57.936525471055965,42.33203776588486,37.75353940423882,1,1,,
DXCM,2026-04-30,amc,2026-04-30,0,,,0.030226687827400234,0.02283796184341802,-0.02905121014946499,0.2572628665960952,47.27247996389517,29.600242107814832,35.96111244211496,48.12553179545448,0,1,,
EA,2018-01-30,amc,2018-01-30,0,0.35104887262101603,0.3420784813222072,0.06958705873096149,0.03732098023315,0.03016005709663916,0.029233349396619923,106.79201729694401,55.67944360176737,51.36882121314335,39.0075977560436,1,1,0.3125,0.3125
EA,2018-05-08,amc,2018-05-08,0,0.37441683065693054,0.3458972784044345,0.05747069982202935,0.050205796413909765,0.06691419855016667,0.10509304718931878,88.70663015303958,44.61258324882734,32.30651268707941,27.156954759091768,1,1,0.40625,0.375
EA,2018-07-26,amc,2018-07-26,0,0.36844443918698805,0.3928414234820006,-0.05701197053815121,-0.09337561596769084,-0.09922487131050972,-0.09112066894600934,93.18604481079984,61.250991096462734,44.945846992304745,35.89945925598228,1,1,0.375,0.4375
EA,2018-10-30,amc,2018-10-30,0,0.32922332661548925,0.32044222049722104,-0.04059912015522671,-0.02741753165115768,-0.07845632134023584,-0.08900127711379746,65.79391841746413,40.81940486607493,41.293976786844475,36.49059500347902,0,1,0.25,0.21875
EA,2019-02-05,amc,2019-02-05,0,0.31548221778326524,0.32750814771222425,-0.13305223315657078,0.10603116568343629,0.06603981927720559,0.07392993563082406,226.650746407524,154.5743929452558,114.1235586094483,82.14397204393504,1,1,0.1875,0.25
EA,2019-05-07,amc,2019-05-07,0,0.4680862105765956,0.47781855927005645,0.012401788722461893,0.01984267543992768,0.031489413435969116,0.03946941620657962,19.566150865623317,42.875599074113275,45.773006062412485,36.34698137502451,0,1,0.5625,0.5625
EA,2019-07-30,amc,2019-07-30,0,0.2576695539519733,0.3151165486360142,0.04437212904824661,0.017274507435194097,0.042565289562537245,0.043242898750683656,68.92055920236592,51.457760420784815,45.10603123880433,38.57977661634053,1,1,0.03125,0.15625
EA,2019-10-29,amc,2019-10-29,0,0.5060138295975702,0.4981707372409465,0.024467540033330293,0.04077931666024237,0.020336697746035748,0.06757753875011852,38.373454975993575,28.36678694122267,24.162504705391598,19.685550064659623,0,1,0.6875,0.6875
EA,2020-01-30,amc,2020-01-30,0,0.4616340838708113,0.44822160182307574,-0.03332159672351409,-0.014690033787352341,-0.02508045446031082,-0.042547487496989556,53.79777124405559,36.861232051835344,26.991426460031647,30.72646700899203,1,1,0.5,0.46875
EA,2020-05-05,amc,2020-05-05,0,0.5761739063466719,0.5777868517405089,-0.03586643752354268,-0.027087956294982618,-0.008945625919402622,-0.020315934357554077,57.98234430534396,28.516003188859283,22.05522417974763,27.30777261572549,0,1,0.84375,0.90625
EA,2020-07-30,amc,2020-07-30,0,0.3654202203151025,0.31882365830066506,0.021863550217515737,0.0603221694733731,0.022945881722949313,0.016451665786468617,34.333338562336145,25.36177305562533,34.191905496893675,26.23857151330588,0,1,0.34375,0.1875
EA,2020-11-05,amc,2020-11-05,0,0.27768276365853034,0.32752512230366493,-0.07122287821390783,-0.07020986308919253,-0.06381995285705977,0.0209177576417674,117.2911522506118,55.693775031928084,43.832517447722466,34.77976875516251,1,1,0.09375,0.28125
EA,2021-02-02,amc,2021-02-02,0,0.33437395554594496,0.342345497239001,-0.05470903170716357,-0.019198492605589923,-0.02107778152204376,-0.1175888435442699,89.313943415034,47.465699408249634,35.8853748672289,32.18078365417756,1,1,0.28125,0.34375
EA,2021-05-11,amc,2021-05-11,0,0.3887308582510249,0.3528953274588779,-0.011955568592610488,-0.023344772313555584,0.013440542893734975,0.03164565107219919,19.09324083753106,11.231063899376748,16.716348617558836,15.526200730164073,0,1,0.4375,0.40625
EA,2021-08-04,amc,2021-08-04,0,0.49717616106567053,0.4645880166158019,-0.021728345799480908,-0.011507661007218117,0.0005717779495237885,0.040473974474766417,34.872932332677856,17.74902376731406,14.67996672924638,14.335869637028493,0,1,0.65625,0.53125
EA,2021-11-03,amc,2021-11-03,0,0.528382348898094,0.5540314624785291,0.021361924615567407,-0.0015770187067549735,-0.00974889389426492,-0.1020071799718063,33.55387884805719,23.828881813001058,30.113357831837533,34.15614756021218,0,1,0.75,0.8125
EA,2022-02-01,amc,2022-02-01,0,0.47199061750969157,0.48236755337760434,0.05564121007835876,0.034092704567410204,0.035093142980686,-0.016161349071961095,85.9578636113574,40.524088608681744,29.87719347600175,24.856812534184275,1,1,0.59375,0.625
EA,2022-05-10,amc,2022-05-10,0,0.5653120400022462,0.5603502682105315,0.079659525526113,0.15116512125542436,0.22473092353250124,0.21858525819099883,121.67133595448188,61.032928877602785,46.24095139352548,34.07947597909215,1,1,0.8125,0.84375
EA,2022-08-02,amc,2022-08-02,0,0.3280970723398855,0.3149392450844061,0.03406001361184319,0.003025821215530744,0.04825808847722235,-0.014227150700537261,53.16819495579188,27.165371577688884,25.914808666702093,26.984208069672906,0,1,0.21875,0.125
EA,2022-11-01,amc,2022-11-01,0,0.5975897322604469,0.48539925624455094,0.018927741001596887,0.02241254608694776,0.019878052770275323,0.043914890166719234,29.766035787013738,33.77645297206392,31.65386004693826,25.938193752304826,0,1,0.875,0.65625
EA,2023-01-31,amc,2023-01-31,0,0.3107753609129806,0.2697304323215252,-0.09263279954752135,-0.11268247247062269,-0.12768100036951946,-0.12587511837630716,154.31300995066272,72.26221569193123,52.223555704938626,37.5422641762233,1,1,0.15625,0.03125
EA,2023-05-09,amc,2023-05-09,0,0.562299799641003,0.5681646538739791,-0.005342554672031485,-0.002312466573090366,-0.0009569317632520669,0.015076421281742025,8.503778849572875,6.428865803326785,7.606144227122097,8.680023353515901,0,1,0.78125,0.875
EA,2023-08-01,amc,2023-08-01,0,0.6686485712384241,0.6565184649280796,-0.07206883722835267,-0.09925063400015699,-0.10799295289910726,-0.11298605256541094,118.73771055709585,56.64200738830696,40.627636565420296,29.736101047117664,1,1,1.0,0.96875
EA,2023-11-01,amc,2023-11-01,0,0.5215198886698977,0.47827683479147387,0.036354872786145576,0.05622897900444079,0.0860397011182863,0.11448669156160896,56.68727465066957,27.10113420288602,21.151971796014507,16.052952943439074,1,1,0.71875,0.59375
EA,2024-01-30,amc,2024-01-30,0,0.6265592123707177,0.626478037349952,0.00021800298266705376,-0.016648714910584506,0.010541600458457312,0.015384140451396355,0.3460312897676507,11.346086691042798,18.515672370247596,19.73114440593914,0,1,0.96875,0.9375
EA,2024-05-07,amc,2024-05-07,0,0.6187938087425922,0.5220592682150978,-0.03839066717246986,-0.02802525274770029,-0.01067242467770435,0.05649568812210126,62.14395138856078,29.9014948781892,23.226770774270907,26.77040003784277,1,1,0.9375,0.71875
EA,2024-07-30,amc,2024-07-30,0,0.4899949036537654,0.5343709743840711,0.012205062648049436,-0.02273328060171864,-0.014887250032527,0.0026181659724129336,19.257653477746743,21.974634330953048,19.03561241229704,15.664729137111271,0,1,0.625,0.75
EA,2024-10-29,amc,2024-10-29,0,0.6176714928812281,0.6634451639180232,0.024172512044541072,0.06784778150220405,0.11845882678460917,0.12132966241490672,37.91623222898455,23.644376580414914,23.7940597156512,20.616303219709078,1,1,0.90625,1.0
EA,2025-02-04,amc,2025-02-04,0,0.4671284325585775,0.5376040546504743,0.07604116585491605,0.09979406937537338,0.06672164906659783,0.12979444310366772,116.34223500490523,59.376729489551494,43.502734124234735,34.067335556738726,1,1,0.53125,0.78125
EA,2025-05-06,amc,2025-05-06,0,0.3026623728997547,0.2836575821577803,0.006211909425187567,-0.03546017071882612,-0.016953571867770245,-0.04185649403389302,9.830598623400322,22.27503753043299,20.67909397984699,21.206602397047693,0,1,0.125,0.0625
EA,2025-07-29,amc,2025-07-29,0,0.2722012895756456,0.31287834593336084,0.05731097041257094,0.08931589766010672,0.2038027786666019,0.16916320025224985,88.46682991196163,49.83594338780385,46.263805245918114,35.19391907109794,1,1,0.0625,0.09375
EA,2025-10-28,amc,2025-10-28,0,0.45312701980530673,0.4612875080937083,-0.0004993194709536075,0.002396290368023468,0.008137700331311004,0.008087814221376277,0.7928430444103349,3.4162903772092976,3.5627538352808372,3.7480506729015683,0,1,0.46875,0.5
EA,2026-02-03,amc,2026-02-03,0,,,-0.02259301592159879,0.005908893575619301,-0.00576003257482538,-0.0021850912329676175,36.27666127680248,19.463688988091736,14.851034009028227,10.89103890692596,1,1,,
EA,2026-05-05,amc,2026-05-05,0,,,-0.0038697149249641294,-0.006846313799321102,0.0006448893447625892,0.010032799112991153,6.154898548630904,3.2163909607634946,3.3509334896880407,3.603997972156572,0,1,,
EXC,2018-02-07,bmo,2018-02-06,0,0.40637847191799636,0.32778322450670067,-0.008774293381438203,0.014806872902140888,0.025739394024900886,0.036533887234055706,13.990226258262817,19.732219343277684,20.718912157613882,21.674671166903785,0,1,0.5161290322580645,0.16129032258064516
EXC,2018-05-02,bmo,2018-05-01,0,0.4651692772195827,0.4092689432714994,0.005728753869738812,0.01469517480445659,0.01006946685610699,0.03971071857173669,9.068164924134743,14.427191350120818,16.144353887594423,14.13386688412226,0,1,0.7419354838709677,0.5161290322580645
EXC,2018-08-02,bmo,2018-08-01,0,0.464752805396725,0.4866583908878198,0.006904776591333928,0.020238112168727396,0.04715084451415241,0.05459116604981662,10.923324722195845,6.92325737139928,10.161821495371653,10.766438495125618,0,1,0.7096774193548387,0.7741935483870968
EXC,2018-11-01,bmo,2018-10-31,0,0.3974964684880146,0.40785184954645076,-0.003652140299234885,0.0196301440631812,0.03999963184876343,0.06690820589098001,5.808205649594149,14.854201076416535,14.040043817199082,14.06973184477868,0,1,0.45161290322580644,0.45161290322580644
EXC,2019-02-08,bmo,2019-02-07,0,0.3959151908904192,0.344425658591749,-0.00851846967454295,-0.005609762728177703,0.020348874200991185,0.027466710741927747,13.580576725101176,6.473672038338367,8.13057834680885,7.34601580092326,0,1,0.41935483870967744,0.22580645161290322
EXC,2019-05-02,bmo,2019-05-01,0,0.3771108422823507,0.410392237682326,-0.011135540694829582,-0.034002935899526965,-0.023106799783670584,-0.03692812196859785,17.776281809046015,13.773851288650803,13.633087963998914,12.265784651863655,0,1,0.2903225806451613,0.5483870967741935
EXC,2019-08-01,bmo,2019-07-31,0,0.2768463483632047,0.29985349000851447,-0.014647282944726059,-0.0011096760801955208,-0.004936552002674621,0.04584520505648282,23.42381030141221,18.301673433045774,16.253587287050436,15.275752237271542,0,1,0.03225806451612903,0.03225806451612903
EXC,2019-10-31,bmo,2019-10-30,0,0.4498122659247473,0.40585991573655306,-0.02507500195172363,-0.03943429390210096,-0.04629247951127524,-0.04060955591598969,40.312893674395454,22.956674696070547,18.494631479675533,16.213504704273365,1,1,0.6774193548387096,0.41935483870967744
EXC,2020-02-11,bmo,2020-02-10,0,0.4426156684705007,0.46856364292608726,0.02132029270877389,0.0428481188823191,-0.006523268397890525,-0.1696345860803702,33.48917117827265,18.16932834327067,20.65712263278739,55.853836640610474,1,1,0.6129032258064516,0.7096774193548387
EXC,2020-05-08,bmo,2020-05-07,0,0.34137542124066467,0.3528651179657739,0.06820784274871405,0.04143014638405229,0.05123857438998991,0.20759749024244845,104.74370312216756,55.12638334025818,52.94318353460198,43.42934100901187,0,1,0.1935483870967742,0.25806451612903225
EXC,2020-08-04,bmo,2020-08-03,0,0.5235869030186497,0.5107393734578,0.020005211488533847,0.008423292825590067,-0.007287889234684486,-0.03413934725277923,31.4438070243619,32.66849793159228,27.629545240508545,24.780167044584083,0,1,0.8709677419354839,0.8387096774193549
EXC,2020-11-03,bmo,2020-11-02,0,0.5168959375167278,0.4917346308467212,0.03686515564752457,0.05761693138161905,0.06768211982030192,0.024077964821875852,57.46871505251,30.9088873504445,28.930927752770515,24.726110431241707,1,1,0.8387096774193549,0.8064516129032258
EXC,2021-02-24,bmo,2021-02-23,0,0.33988057030190527,0.3433424063127339,-0.014951029821772877,-0.03651942956855081,0.027790070368844733,0.06243789321025228,23.913236620776757,28.91014906650742,26.88437066487798,20.875073561015956,0,1,0.16129032258064516,0.1935483870967742
EXC,2021-05-05,bmo,2021-05-04,0,0.4461369791956529,0.45603978161173525,-0.02791426385095963,-0.007592726340226563,0.028566210696772343,0.031270090344696744,44.942751796044114,25.634773463500686,32.15481390562632,25.086779641312646,1,1,0.6451612903225806,0.6774193548387096
EXC,2021-08-04,bmo,2021-08-03,0,0.4007976430899191,0.376661816680037,-0.012874586142037958,0.004010158934653063,0.02885914092047903,0.05524014971260027,20.570476064213008,16.72257535400199,14.505200752346092,12.864364386460855,0,1,0.4838709677419355,0.2903225806451613
EXC,2021-11-03,bmo,2021-11-02,0,0.530482598046252,0.5144072440863333,0.005768471834874722,0.006513011124396728,0.01660821958656511,-0.00831488570992156,9.130854858976333,19.100001877330858,15.293186406635215,18.073763911483905,0,1,0.9032258064516129,0.8709677419354839
EXC,2022-05-09,bmo,2022-05-06,0,0.39356421419374044,0.4026235440789644,-0.0070122142458221015,8.615419030544302e-05,0.009074908045516583,0.049737135252254205,11.170756825129812,29.17915690672664,22.53042986315241,19.646146791538822,0,1,0.3548387096774194,0.3870967741935484
EXC,2022-08-03,bmo,2022-08-02,0,0.35689195847111177,0.40138910319986565,-0.03316615767856734,-0.009382634099133424,0.026355977813846243,-0.03475485933705824,53.54253434522691,28.12360492912061,22.636796722523044,21.110112149452085,0,1,0.25806451612903225,0.3548387096774194
EXC,2022-11-03,bmo,2022-11-02,0,0.38922314248699325,0.42432268664966355,-0.028391297632357704,-0.009201118116970997,0.009247996192624841,0.09914171656916526,45.721956234490406,30.24767347955768,29.17928206069292,27.205893573168517,0,1,0.3225806451612903,0.6129032258064516
EXC,2023-02-14,bmo,2023-02-13,0,0.4851217441401795,0.47980558428526876,0.02039324289354183,0.0252488823677417,-0.01091195459999239,0.024596451289540022,32.04759180495137,24.54248694793027,22.164892179483825,23.558609356384377,0,1,0.7741935483870968,0.7419354838709677
EXC,2023-05-03,bmo,2023-05-02,0,0.34229199681789246,0.3205476764753015,-0.005637702292134228,0.0011746182515970371,-0.06726581099186557,-0.06465974054612866,8.974897677614281,7.882286737744212,23.20238519234465,18.346327780851208,0,1,0.22580645161290322,0.12903225806451613
EXC,2023-08-02,bmo,2023-08-01,0,0.5841741136370373,0.6240246722606699,0.0007235939929344237,-0.03351801041715896,-0.03677397746789257,-0.016580268843790935,1.148254468355963,20.238110855880326,16.26693722276265,12.563400812648004,0,1,0.9354838709677419,0.967741935483871
EXC,2023-11-02,bmo,2023-11-01,0,0.2868124600658543,0.3150939510649155,0.02959799068135882,0.0012652447053271842,0.01294041627717668,-0.004422843303206081,46.30344039422172,23.629920229271082,24.238523427461782,19.613516369919072,1,1,0.06451612903225806,0.0967741935483871
EXC,2024-02-21,bmo,2024-02-20,0,0.4211637752316005,0.3885154299452697,0.04261451173134145,0.04261451173134145,0.055533736008102075,0.06397316274129095,66.2467216248165,33.51714098406247,26.35691563934896,19.58708859622765,1,1,0.5483870967741935,0.3225806451612903
EXC,2024-05-02,bmo,2024-05-01,0,0.3376414644748126,0.3073764011678837,0.0013214751718877427,-0.0005285900687550527,0.03376881540027754,0.002272542661833521,2.0963919410620155,11.771304521833098,14.015754330438785,17.933738177731726,0,1,0.12903225806451613,0.06451612903225806
EXC,2024-08-01,bmo,2024-07-31,0,0.3950940122433123,0.4084056212447399,0.02849471565673678,0.01720422747461048,0.0056260343192509055,0.03278313161232904,44.60148113059331,32.42606347554366,23.690925646825473,17.6856837476671,1,1,0.3870967741935484,0.4838709677419355
EXC,2024-10-30,bmo,2024-10-29,0,0.4246307838988961,0.4225822456118986,0.003792682973209338,-0.027307050157507673,-0.02542263211458262,0.009055341533167782,6.009309056975209,24.5148472116027,19.128850408272655,18.586641418231128,0,1,0.5806451612903226,0.5806451612903226
EXC,2025-02-12,bmo,2025-02-11,0,0.4852855481843468,0.5267771797038161,0.01251169363780602,0.0068461106813388906,0.04981000392020718,0.03575227027120498,19.738472938648382,9.51332403561808,13.007286449871092,17.26054452794869,0,1,0.8064516129032258,0.9032258064516129
EXC,2025-05-01,bmo,2025-04-30,0,0.6498001242331253,0.6322662158956464,-0.00639659809437787,-0.01194023708726033,-0.09110567374246348,-0.05733131611453324,10.186900276052697,9.945278288267016,23.432048647733023,21.643877940453134,0,1,0.967741935483871,1.0
EXC,2025-07-31,bmo,2025-07-30,0,0.6614795172444127,0.6125681049246076,0.015363660539085888,0.0180749315216997,0.031015754161428655,-0.0024927583650505847,24.20359953184261,17.020503276520415,15.292381659761695,15.18682559488611,0,1,1.0,0.9354838709677419
EXC,2025-11-04,bmo,2025-11-03,0,0.3113389853031485,0.43571787164111686,0.0038961701890960487,-0.007425439500953757,0.01746539752484777,-0.027512647777871213,6.1729607723818605,12.475175411092362,14.66017357187693,19.54086940436155,0,1,0.0967741935483871,0.6451612903225806
EXC,2026-02-12,bmo,2026-02-11,0,,,0.069741180425825,0.06546674944568864,0.09786266219361739,0.13040692715731472,107.02074386792519,51.643483379199395,37.29900661616894,27.4118866854692,1,1,,
EXC,2026-05-06,bmo,2026-05-05,0,,,-0.025119104666104564,-0.02598527493860392,-0.033780890772910244,-0.024475563834072567,40.38470686245362,25.752778978507894,25.178052447406944,21.093971464955477,0,1,,
FANG,2018-02-13,amc,2018-02-13,0,0.551013183222451,0.5240300986541456,0.06780849157373758,0.05172559486338435,0.08354357634996834,0.0831958511736246,104.15012119672869,50.49623200623553,42.22952615817169,34.17037160912027,1,1,0.6875,0.5625
FANG,2018-05-08,amc,2018-05-08,0,0.5288847276105741,0.42036101920851426,0.013360651208036645,-0.04594712838596138,-0.01758174583620442,-0.15213193354164967,21.068940225989728,55.50645827465976,48.53610501757827,44.43595275281006,0,1,0.59375,0.28125
FANG,2018-08-08,amc,2018-08-08,0,0.35944730458132457,0.34835897621676315,-0.019732370162624524,-0.12026291543611678,-0.07049050863441175,-0.15713391530279297,31.637343220325775,95.71001531706477,69.39293686243508,50.68626000144696,0,1,0.15625,0.03125
FANG,2018-11-06,amc,2018-11-06,0,0.4263205900537509,0.46598126225854397,0.022051791166070034,-0.04869019745656611,-0.03985837598014452,-0.09310654747523561,34.6257413215454,49.86742331807717,46.27761658585585,46.6064564464879,0,1,0.28125,0.34375
FANG,2019-02-19,amc,2019-02-19,0,0.42107901757326216,0.3920335808517099,0.016956945230292453,0.007976980242197396,-0.019632299051792534,0.004824674658899797,26.692637479290205,35.328724915759565,30.917815768052144,32.88869254925359,0,1,0.25,0.1875
FANG,2019-05-07,amc,2019-05-07,0,0.3310104910479444,0.3809009328968115,0.07757313762658824,0.11076061351175337,0.15850530612360503,-0.0048188193133956725,118.60069902078563,56.988701970356374,45.418736301811414,41.88241485273602,1,1,0.03125,0.15625
FANG,2019-08-06,amc,2019-08-06,0,0.5236817257104361,0.43254856672845426,0.018449449714745825,0.09751823981049346,0.09240258529985157,0.0744674025444505,29.020701150932027,33.0817171534792,33.94643466477483,34.53505761711755,0,1,0.53125,0.3125
FANG,2019-11-05,amc,2019-11-05,0,0.3950279343673846,0.4822733757030126,-0.1444088856743605,-0.1354317164821044,-0.175755822577927,-0.11187401911044947,247.5830903890143,113.04536517945931,81.59270248703955,60.1934566396006,1,1,0.1875,0.40625
FANG,2020-02-18,amc,2020-02-18,0,0.4419050928671253,0.48906803323220355,0.06343894824352603,-0.09924864603500194,-0.1666332109035632,-0.790039081320419,97.6408397438289,81.06176226074783,74.86647824983436,256.7445425288072,1,1,0.3125,0.4375
FANG,2020-05-04,amc,2020-05-04,0,0.3393020327232702,0.37137583820444897,-0.051505243178996185,-0.03527745787975112,0.03109755105155032,0.12936529987068512,83.9428379053725,62.58899319856811,80.6182063302527,66.397683785681,0,1,0.0625,0.09375
FANG,2020-08-03,amc,2020-08-03,0,0.565687061187707,0.5478559675245751,0.026493252544277368,0.11647099712553155,0.1363043971969633,-0.03005766864506787,41.50927305337685,55.31794555390805,41.20390102826954,45.13683172874848,0,1,0.78125,0.65625
FANG,2020-11-02,amc,2020-11-02,0,0.5142818295707746,0.4992778917516142,0.01479628601970795,0.16925314763779897,0.31182717953242345,0.47941108246234165,23.316300822121846,199.24075892057635,151.88735202150386,120.72060592655222,0,1,0.5,0.46875
FANG,2021-02-22,amc,2021-02-22,0,0.35442272517092827,0.36671087845899913,0.03815793416146551,0.07690069868867844,0.23752641770670957,0.060505659120475785,59.446738858133955,74.66911872281409,79.95488954018691,68.1314603378541,0,1,0.09375,0.0625
FANG,2021-05-03,amc,2021-05-03,0,0.3560078145250458,0.37546873405311193,-0.05624401373452603,-0.013822512876118243,-0.03759713562844491,0.035217990421975154,91.89377231470989,57.90056154318721,53.2049098880704,49.93507498307606,0,1,0.125,0.125
FANG,2021-08-02,amc,2021-08-02,0,0.5286783125051999,0.5094114114115746,0.04925094818047038,0.006254089633083604,-0.04937769992584129,0.010904582293708831,76.31912045524287,64.50246024375934,56.72297160395865,51.100533637860536,0,1,0.5625,0.5
FANG,2021-11-01,amc,2021-11-01,0,0.5032281191982318,0.5123505703975633,0.02544562226314251,0.03673498844052925,0.0003804148841020094,-0.07313871012133788,39.88830697216085,28.487759266590295,36.39331975410987,48.59585677861412,0,1,0.4375,0.53125
FANG,2022-02-22,amc,2022-02-22,0,0.5803785535107033,0.5975497825220487,0.011950399258173539,0.0687340837451147,0.054696714445997996,0.11902678751000306,18.858212221056807,41.15257053688137,35.18264626064508,47.80282660553968,0,1,0.8125,0.9375
FANG,2022-05-02,amc,2022-05-02,0,0.5011919638607683,0.4095018942762582,0.06752940025442111,0.015607911941655006,0.05457644015116547,0.2279829897030854,103.7351576084256,94.82650474469852,72.5003296187866,58.15269265466825,1,1,0.40625,0.25
FANG,2022-08-01,amc,2022-08-01,0,0.480251884770743,0.5374622100619969,0.012865213794893249,-0.02207745165353825,0.0397840335483266,0.08968828673943641,20.292637306870642,56.149094295441905,48.993007000992556,42.874565896572236,0,1,0.375,0.625
FANG,2022-11-07,amc,2022-11-07,0,0.546457562799031,0.5557267296105624,0.0003668239673515483,0.0004893156145386879,-0.06999046865260816,-0.15326281836029365,0.5822082180928784,34.368609450387275,42.73023318592076,37.00140380665614,0,1,0.65625,0.6875
FANG,2023-02-21,amc,2023-02-21,0,0.6851912647893545,0.651382449805681,0.022949108521191475,0.04746281194359381,0.0857036338744932,-0.026715453049017457,36.018843136696596,34.744648650467894,33.07897588171981,43.70073660281204,0,1,1.0,0.96875
FANG,2023-05-01,amc,2023-05-01,0,0.6438847875367926,0.5921312412981024,-0.04847442008760727,-0.06580693781377833,-0.085673111412502,-0.09850612248841506,78.87837992209099,63.42811606928408,46.76532320561966,37.84074430785253,0,1,0.96875,0.90625
FANG,2023-07-31,amc,2023-07-31,0,0.6121861933734148,0.6587851070394981,0.003801428463896528,0.00862059496165335,0.01672052707776328,0.03208002320840464,6.023139577788375,9.80561874467619,10.607928072104322,9.240517877712637,0,1,0.90625,1.0
FANG,2023-11-06,amc,2023-11-06,0,0.6118505448503402,0.5575837428386993,-0.008430226162713939,-0.012239339179762498,-0.0038230747230505457,-0.06551393039793396,13.439297241240475,17.28474672242687,20.36606129131959,18.933626041978425,0,1,0.875,0.75
FANG,2024-02-20,amc,2024-02-20,0,0.6335712136649565,0.558628693644103,0.00949132865844926,-0.0006177953171021544,0.028337018844759143,0.10166713486271584,14.99596338188647,14.56875169972968,18.24081599353349,15.680620229098343,0,1,0.9375,0.78125
FANG,2024-04-30,amc,2024-04-30,0,0.45716835849751636,0.4090524306945634,-0.025456122742285814,0.01267833082397396,-0.005555635715271179,-0.009120833637985326,40.93358632987068,25.506700116718896,18.935281380814377,19.68642442126261,0,1,0.34375,0.21875
FANG,2024-08-05,amc,2024-08-05,0,0.553668776755007,0.5749087420283936,0.024408825664770317,0.0869964835710515,0.07031471760118446,0.007136338687483423,38.28247225771625,30.42095641370011,26.46070993847299,28.0063712071312,0,1,0.71875,0.8125
FANG,2024-11-04,amc,2024-11-04,0,0.5616872986266188,0.5753816495009596,-0.02297486775268609,-0.0035045882028997832,0.016926893033568424,-0.044066376513668626,36.89696524365784,38.083799123794414,35.57863425738889,30.46800081320474,0,1,0.75,0.84375
FANG,2025-02-24,amc,2025-02-24,0,0.5807946812049634,0.585736197424298,-0.021322885597931274,-0.046575737748098645,-0.0879846646026009,0.04838284340656962,34.21512448871499,57.05851165064956,42.91780363439061,35.130264154832894,0,1,0.84375,0.875
FANG,2025-05-05,amc,2025-05-05,0,0.5132513209698433,0.5262375938399939,-0.00826555564675091,0.07394071567978489,0.05439553886562232,0.05439553886562232,13.175690338875063,46.680877201323014,36.481165743093094,32.008014351264116,0,1,0.46875,0.59375
FANG,2025-08-04,amc,2025-08-04,0,0.5328405139467288,0.5564313161661824,-0.014210276460805193,-0.07402894908373514,-0.04910083033355905,-0.030221900325655526,22.719927838383782,33.52528989647969,26.047605062167605,30.709687678445913,0,1,0.625,0.71875
FANG,2025-11-03,amc,2025-11-03,0,0.4103547046267989,0.46640288789778417,-0.013095498838927133,0.024492153668432604,0.04323829172175753,0.12883844634813446,20.92577770706125,27.528820828342138,30.55599354501722,26.94759850973683,0,1,0.21875,0.375
FANG,2026-02-23,amc,2026-02-23,0,,,-0.007479061371937323,0.02957074247452085,0.05829606367200535,0.14047809767514918,11.917262586750526,41.12975412002394,31.900025840726805,29.83228707402212,0,1,,
FANG,2026-05-04,amc,2026-05-04,0,,,-0.03514442533396378,-0.0820815370139617,-0.03247271551075781,-0.009086800234208048,56.793992489602715,57.25392490491732,42.582470943831524,38.543138350946535,0,1,,
FAST,2018-01-17,bmo,2018-01-16,0,0.640482623184994,0.5669351842969481,-0.05844156957157487,-0.018578633097878106,0.013676614339272586,-0.007748067482438503,95.59449543147397,46.25259847611256,41.359324079404686,35.258463419235234,1,1,0.78125,0.5625
FAST,2018-04-11,bmo,2018-04-10,0,0.6238837796872192,0.6699025053359584,-0.0619254214472319,-0.07148071178525706,-0.09089642754299476,-0.046468655566850425,101.47910131695066,47.26384896318875,34.69361943951774,28.639806393297,1,1,0.625,0.90625
FAST,2018-07-11,bmo,2018-07-10,0,0.5436807692074251,0.46453919764487084,0.10054521882303313,0.12941670052506926,0.1510977453851272,0.17488427048188981,152.0868504726278,69.17376478931193,50.29935257774512,37.47188737951821,1,1,0.375,0.125
FAST,2018-10-10,bmo,2018-10-09,0,0.6587798300594008,0.6688518555674262,-0.071351447908519,-0.04834629814092717,-0.0874540575651005,-0.009385892368109494,117.5109166977655,54.79646152561087,40.17276420667727,35.74808510436945,1,1,0.875,0.875
FAST,2019-01-17,bmo,2019-01-16,0,0.6402394539417866,0.5917460214787009,0.05949767517092108,0.08665922705436824,0.12521522680082642,0.17192858142813772,91.74656653888972,47.93443634638323,35.30047077375741,27.176278696270934,1,1,0.71875,0.65625
FAST,2019-04-11,bmo,2019-04-10,0,0.5632573802832801,0.5658268594482596,0.050467891148780586,0.07577837535176313,0.09522882026374435,0.013117532605561255,78.1592118545857,39.65032145321545,31.54317529019543,29.026977538387378,1,1,0.5,0.53125
FAST,2019-07-11,bmo,2019-07-10,0,0.6449263897677147,0.6270416003975255,-0.02847985099671313,-0.021120000069976497,0.028902844340490397,-0.041667213358046684,45.8666446404122,32.953814090516936,30.4318508767518,31.738314672430878,0,1,0.8125,0.75
FAST,2019-10-11,bmo,2019-10-10,0,0.4641071593206205,0.47762558445200004,0.17150193807070346,0.16118627107671024,0.20562414598222056,0.20205763501557117,251.2722405688212,114.44061421352293,82.58637171686613,58.511883279997576,1,1,0.09375,0.15625
FAST,2020-01-17,bmo,2020-01-16,0,0.41217276004554515,0.43974186844383134,-0.013669000527344322,-0.047976035218329494,-0.05857379315216693,0.03346342847089012,21.84853196701483,24.090031843413414,26.95349247892689,26.87963259130624,0,1,0.03125,0.0625
FAST,2020-04-14,bmo,2020-04-13,0,0.5315300834960014,0.5373518884849666,0.07034417459287323,0.0821198870656572,0.14990644398133557,0.21138027064879394,107.91530967382239,56.12092690575425,47.687287871741404,38.689049675361524,0,1,0.28125,0.375
FAST,2020-07-14,bmo,2020-07-13,0,0.47629281921449457,0.45915318642424036,0.00046133016455129905,0.03365634624464775,0.07132377013897373,0.09844307204173575,0.7321700595327978,20.131721589460312,18.399479407253917,18.914852143768073,0,1,0.125,0.09375
FAST,2020-10-13,bmo,2020-10-12,0,0.5346838428776511,0.5222324514686457,-0.048068954699774125,-0.06738051882322638,-0.0649142001473717,-0.012988543784934303,78.20207729445954,39.558958950430736,33.4248029117871,31.425084996881917,1,1,0.34375,0.3125
FAST,2021-01-20,bmo,2021-01-19,0,0.5529536517111623,0.4911327210850218,-0.0341133868653416,-0.05573172401895832,-0.07274880651559334,-0.056386728386085605,55.09855848086621,28.430181388349986,28.135370899457378,21.71856778220837,1,1,0.40625,0.1875
FAST,2021-04-13,bmo,2021-04-12,0,0.6315621379172924,0.5876402918615452,-0.014395630019259587,0.0017744859184827266,0.029430999482647824,0.04866309722589679,23.01843705478969,12.1135286364938,15.11251367155515,19.090161163835308,0,1,0.6875,0.625
FAST,2021-07-13,bmo,2021-07-12,0,0.5040502071439408,0.4980723492167164,-0.015920063492331438,-0.009626410822362486,0.011291117706625498,0.020966499864194077,25.475646660630925,12.192199683531424,12.913364917119964,13.903339981223484,0,1,0.15625,0.21875
FAST,2021-10-12,bmo,2021-10-11,0,0.5082773589265921,0.5436719832699854,0.03063382979202811,0.06567118197590704,0.0804499878121474,0.1318268464596848,47.89971100151841,33.516163170536075,24.659805582754338,20.840294918108622,1,1,0.25,0.5
FAST,2022-01-19,bmo,2022-01-18,0,0.507262087790982,0.5221609171035959,-0.006336894287351402,-0.046412412541910975,-0.02687506504002013,-0.09868413328334569,10.091516133971394,34.83826705238196,27.90713969685176,27.944556018162626,0,1,0.1875,0.28125
FAST,2022-04-13,bmo,2022-04-12,0,0.6026635029026591,0.5166084230698915,0.02236085885875916,-0.011613893215370541,-0.02851310837064447,-0.08968853883578598,35.10571267724529,47.82537140613322,35.57811184139707,42.30032517199784,0,1,0.59375,0.25
FAST,2022-07-13,bmo,2022-07-12,0,0.5723724104606405,0.5938849386472248,-0.06441278725167277,-0.029805719273428233,-0.03944405524735728,0.09585130883259274,105.69392081197917,50.024571165884645,35.776979735189514,31.65446238684272,1,1,0.53125,0.6875
FAST,2022-10-13,bmo,2022-10-12,0,0.6403026781032362,0.6181307204896529,0.0245237325113552,0.008977588328594521,0.02865201021486219,0.1432653655881564,38.46052493540406,67.21326766707986,49.710233670476434,43.909220638025005,0,1,0.75,0.71875
FAST,2023-01-19,bmo,2023-01-18,0,0.5321091720228243,0.5428445041949643,-0.015565851580707446,0.04059715546726883,0.09932358770042127,0.1230470323023578,24.90435891814716,35.52926962750019,33.89405183947767,34.6805460926712,0,1,0.3125,0.46875
FAST,2023-04-13,bmo,2023-04-12,0,0.6523189910953284,0.6430491470493707,-0.004185713762812848,0.02758734827190157,0.004477124711789848,0.050822933523271496,6.6585597600441915,14.118209241936174,18.712672572092554,17.723825523006614,0,1,0.84375,0.8125
FAST,2023-07-13,bmo,2023-07-12,0,0.6261753857241731,0.6382030661012538,-0.03456502986732335,-0.024518888037204034,0.002581615561847661,-0.027394581645172167,55.84101489833358,28.28032448986182,21.078922188368885,19.892134874906418,1,1,0.65625,0.78125
FAST,2023-10-12,bmo,2023-10-11,0,0.6689825526469828,0.6703523613403678,0.0751650854657897,0.049634060156554805,0.02533631257166613,0.06216067665988234,115.04925384244422,53.77249486328226,39.02261259023878,28.860557346251902,1,1,0.90625,0.9375
FAST,2024-01-18,bmo,2024-01-17,0,0.7016616073101709,0.6589191164601584,0.07178934773553425,0.0861471156248308,0.08263216976650978,0.11309749060237073,110.05723179612434,52.27705939168751,37.914233686153345,29.691628307155778,1,1,0.96875,0.84375
FAST,2024-04-11,bmo,2024-04-10,0,0.5077500318145999,0.5395060971930098,-0.06502537151316479,-0.08375690621942544,-0.08839157239520223,-0.0900065372216069,106.73365912066939,49.75748298518178,36.23303916347846,27.28471449905398,1,1,0.21875,0.40625
FAST,2024-07-12,bmo,2024-07-11,0,0.7147820186895053,0.6974894893301213,0.019791288549916963,0.0726198194916261,0.07620383118876828,0.040471414482298185,31.1108403402584,35.12807159743671,29.42732641709474,29.350041311744874,0,1,1.0,1.0
FAST,2024-10-11,bmo,2024-10-10,0,0.5529666821075455,0.5419504725562547,0.09758539540793243,0.10930130330595555,0.08044002638828052,0.19677085180935272,147.81178436156316,66.62563847892156,48.03548106215626,41.36527985890556,1,1,0.4375,0.4375
FAST,2025-01-17,bmo,2025-01-16,0,0.5543288125525783,0.5765557145031772,0.01752049247245191,0.010164544435804057,-0.014812812559319988,0.00630601628695171,27.572080543317153,13.238351724891839,18.633937272004726,16.286019959959532,0,1,0.46875,0.59375
FAST,2025-04-11,bmo,2025-04-10,0,0.4402861676190703,0.4120634117974437,0.0639926505491526,0.07639552048036369,0.07091949350702764,0.06322565339416131,98.46716495304028,46.80263581739103,37.98967952783493,33.08243919897177,1,1,0.0625,0.03125
FAST,2025-07-14,bmo,2025-07-11,0,0.6706561114331685,0.6810824872256502,0.041599270296564406,0.0644788284565978,0.10353594562578916,0.11083775034389354,64.70019510663427,30.312182650336727,25.206928689275887,22.97778926847044,1,1,0.9375,0.96875
FAST,2025-10-14,bmo,2025-10-13,0,0.5885541297133725,0.5354687976540062,0.009921941290311986,0.015591687436963486,0.00496087907209386,-0.02021063269476997,15.67296831368419,17.096680389589405,16.420045337414177,17.330715933893455,0,1,0.5625,0.34375
FAST,2026-01-20,bmo,2026-01-16,0,,,-0.025605830594629064,-0.0002286943325683355,0.029900681948161756,0.05702749736371149,41.17746668188387,40.07274155643805,33.064357371702954,34.6777148215997,1,1,,
FAST,2026-04-13,bmo,2026-04-10,0,,,-0.06853774043679339,-0.06894448543092468,-0.09111251658470543,-0.11468929713139098,112.70837964662381,56.55894316351807,42.74912113518317,33.63824012495959,1,1,,
FAST,2026-07-14,bmo,2026-07-13,0,,,-0.02784266907196642,-0.0486716461777017,,,44.82583926570486,36.16523767645881,,,0,1,,
FTNT,2018-02-05,amc,2018-02-05,0,0.45289606374907976,0.5043469574066723,0.061829777507537376,0.060460842508069934,0.11932472110791581,0.1971253344142947,95.23692742169737,57.73848629966638,45.55710660639977,34.81281178365755,1,1,0.1875,0.4375
FTNT,2018-05-03,amc,2018-05-03,0,0.4992026150581398,0.48152527031864417,-0.024416339767079798,0.07217959874633717,0.03885224251983499,0.1133488058250447,39.240769397020706,39.22691146722697,29.443576791616273,24.760218090823876,0,1,0.5,0.3125
FTNT,2018-08-01,amc,2018-08-01,0,0.5214183218581105,0.5177481298693445,0.14179564767255481,0.13080492030988222,0.1798761876825139,0.28560375481948763,210.4993916585569,94.30809171668167,68.53370663449951,48.933537039575164,1,1,0.625,0.5
FTNT,2018-11-01,amc,2018-11-01,0,0.5055444144440048,0.44736768236066277,-0.13299083941681944,-0.06906446594184079,-0.13072054996545512,-0.1025212371715769,226.5383335338671,107.69354541906533,79.3844881035966,65.55311107055863,1,1,0.5625,0.1875
FTNT,2019-02-06,amc,2019-02-06,0,0.385903797412268,0.35191885127023065,-0.022900748121242764,0.014774672419554769,0.04026109682647894,-0.006771651472300855,36.776541724814855,26.676817409273973,20.394637146687877,23.451532404234886,0,1,0.0625,0.03125
FTNT,2019-05-02,amc,2019-05-02,0,0.49503723671360644,0.5037867520544667,-0.06064914258415832,-0.10599937324911768,-0.09037259996046076,-0.23888098184162831,99.32079435206215,52.86419622503495,46.69284687002834,44.72239241145287,1,1,0.40625,0.40625
FTNT,2019-08-01,amc,2019-08-01,0,0.4768650633268846,0.44634673741867215,0.08896476793713615,0.06770442009703892,0.013667461294695649,0.0020248381351455347,135.29444723855445,79.80496279002216,61.47468132853459,46.89386347342322,1,1,0.34375,0.15625
FTNT,2019-10-31,amc,2019-10-31,0,0.6008377880375526,0.6063432671398915,0.10507594198723003,0.15461006110016795,0.2275625202725946,0.2741539999246976,158.60865058510512,73.59212995868147,57.134869825919466,42.33270131152598,1,1,0.90625,0.96875
FTNT,2020-02-06,amc,2020-02-06,0,0.49616487678194215,0.5221329837563522,-0.03478116857601954,-0.018379668635717605,-0.056457627834052615,-0.2817934987442987,56.19644844555932,30.051138952989266,26.662763115066795,68.47691904449242,0,1,0.4375,0.59375
FTNT,2020-05-06,amc,2020-05-06,0,0.46640883305527964,0.49244856135248477,0.2122734788184364,0.2305759659011375,0.306477695520349,0.26036250234012126,305.58031539397905,138.74932772633838,100.1498587870911,75.6223518785179,1,1,0.28125,0.34375
FTNT,2020-08-06,amc,2020-08-06,0,0.6227742392956169,0.5582086489635275,-0.060999198560854784,-0.08651707836467037,-0.0424342340021836,-0.1567629733474316,99.91247976878182,50.31180742971591,39.45732135385618,47.58992978862352,0,1,0.96875,0.8125
FTNT,2020-10-29,amc,2020-10-29,0,0.6188762872097613,0.5654113527231885,-0.06466105728374005,0.012796611902323951,-0.03728818024961533,0.044322013138560656,106.11522708199573,57.810433759080595,51.49450446767795,39.37358228539544,1,1,0.9375,0.90625
FTNT,2021-02-04,amc,2021-02-04,0,0.410735587971763,0.4302173033674953,-0.009618448273086555,0.03834640567940095,0.09516532267984967,0.058729849689534985,15.342718708226485,21.464210196013475,21.24295013560952,24.599062806862253,0,1,0.125,0.09375
FTNT,2021-04-29,amc,2021-04-29,0,0.5072606180994639,0.47008173751490867,0.04481503100331774,0.05647915967767392,0.01493834366777258,0.1180231801346141,69.59362964905212,36.2244527547588,41.70440020499744,33.661767983350664,1,1,0.59375,0.28125
FTNT,2021-07-29,amc,2021-07-29,0,0.5610120195911642,0.5615414148072512,-0.007184223755140384,0.09412498910548539,0.11469313708530327,0.1526203072639163,11.445765528694292,48.540226930224414,37.121507246908976,33.646684060099474,0,1,0.75,0.84375
FTNT,2021-11-04,amc,2021-11-04,0,0.45419545424054925,0.5254496518829754,0.008244660973854678,-0.004491738373543441,0.015100519639772658,-0.13699762584696373,13.03433524164995,40.38331805041674,32.74154094745786,48.65070395708661,0,1,0.21875,0.625
FTNT,2022-02-03,amc,2022-02-03,0,0.561630169351896,0.53900724603656,0.05835016017232664,0.09548816371395841,0.045589227500704155,-0.01895628344201794,90.02630719347073,58.068557251739826,53.62618044170746,78.2690496591876,0,1,0.78125,0.6875
FTNT,2022-05-04,amc,2022-05-04,0,0.5403963018205429,0.5291429870986615,-0.009917522784377297,-0.09190238665157269,-0.05842638325754468,0.032258066657179896,15.822168034125198,88.59712261080718,74.59547443889531,57.61723169935139,0,1,0.6875,0.65625
FTNT,2022-08-03,amc,2022-08-03,0,0.4101551299319374,0.44872436668887195,-0.16332697651577033,-0.14297076217807803,-0.17414123054924546,-0.2278944272843063,283.07730037739884,129.94491562717886,95.38595397037824,67.76849441478412,1,1,0.09375,0.21875
FTNT,2022-11-02,amc,2022-11-02,0,0.6344051174112284,0.6093560745005984,-0.1371406969723572,-0.06293440734417022,0.02742812506158665,0.007138851613434971,234.15475919494443,114.36477741556048,94.50956923537007,70.48959455900797,1,1,1.0,1.0
FTNT,2023-02-07,amc,2023-02-07,0,0.5977324301496861,0.5414657379274008,0.10896245339089572,0.13778356295286232,0.11956118354638323,0.11472670367589854,164.1818619033834,80.82581386635216,60.712787025083095,47.140130482564935,1,1,0.875,0.71875
FTNT,2023-05-04,amc,2023-05-04,0,0.5322645813812709,0.548121557174013,0.05573710388534203,0.10330172708890206,0.11376265200645719,0.16492311682837668,86.10206012832286,42.72619782134063,30.97277939398582,30.20543208266242,1,1,0.65625,0.75
FTNT,2023-08-03,amc,2023-08-03,0,0.5032172520550007,0.50566767774806,-0.2506599939677835,-0.200633584138594,-0.2422122725897191,-0.19654174741931407,458.0786911504309,206.17616496248323,146.43067602745896,102.62228840109277,1,1,0.53125,0.46875
FTNT,2023-11-02,amc,2023-11-02,0,0.4788759809014671,0.4373264479301298,-0.12345894411379099,-0.1375239097527018,-0.12450081550000458,-0.0927244337287596,209.18114438789658,94.96895099990302,69.40019420805629,49.99409559292939,1,1,0.375,0.125
FTNT,2024-02-06,amc,2024-02-06,0,0.41841169026221336,0.46267515055935443,0.03778890479413799,0.028452846375681684,-0.031713202616832414,0.08283930141974793,58.88235449661337,44.5481125359765,41.018657072621565,36.962376823620524,0,1,0.15625,0.25
FTNT,2024-05-02,amc,2024-05-02,0,0.5714548335987,0.5718613418669908,-0.09693245668621675,-0.1087422802108241,-0.06073612661238248,-0.09815947869234043,161.8531954925589,75.08098504868641,55.09597234274888,42.68461671341812,1,1,0.8125,0.9375
FTNT,2024-08-06,amc,2024-08-06,0,0.49846782130828304,0.5034680304860093,0.2530012288916046,0.28113238202172397,0.3540583736840712,0.3581795589783556,358.03628030522106,161.51071178435066,115.10730933825025,79.945426899812,1,1,0.46875,0.375
FTNT,2024-11-07,amc,2024-11-07,0,0.5561612213559849,0.5640233068576206,0.09990440463507588,0.12882407672063678,0.12356592136927946,0.15965583845158293,151.16225669445177,83.56195949387161,61.967731169942006,47.56532371415378,1,1,0.71875,0.875
FTNT,2025-02-06,amc,2025-02-06,0,0.46579236712742444,0.5215896249465674,0.028074889296554106,0.0502292023960611,0.05061110924925649,-0.08288770248275878,43.953359429896715,28.99247652390016,31.126115189489106,34.48446750112,0,1,0.25,0.5625
FTNT,2025-05-07,amc,2025-05-07,0,0.47479750323987935,0.5183830507954139,-0.08414545777939442,-0.03270237840938561,-0.03635686692683249,-0.016679148790635145,139.5333105042195,74.57351502508976,54.56774024188914,40.17126008256239,1,1,0.3125,0.53125
FTNT,2025-08-06,amc,2025-08-06,0,0.5892359282282479,0.5498061814245102,-0.2203354563662312,-0.17860840415156598,-0.17570926588289348,-0.18378545934436497,395.10304567343275,180.74400313424908,130.92215709307155,93.0459388019075,1,1,0.84375,0.78125
FTNT,2025-11-05,amc,2025-11-05,0,0.3219539681377582,0.38377719221592804,-0.06337942881306258,-0.04477263134975873,-0.07279910062043948,0.010815214888703073,103.94154498392558,51.06052174044482,39.33383321533728,32.11549148563749,0,1,0.03125,0.0625
FTNT,2026-02-05,amc,2026-02-05,0,,,0.04852403162607799,0.06752821247240237,0.013556311803967658,0.06182690022234749,75.21896022510829,55.40375197011487,48.12761451150802,42.73212186125604,1,1,,
FTNT,2026-05-06,amc,2026-05-06,0,,,0.2003335729164033,0.30839362350535526,0.44524740867754375,0.6084491115550683,289.8677129232707,137.99298149959742,100.8472837930268,80.35510291511252,1,1,,
GEHC,2023-01-30,bmo,2023-01-27,0,0.4820029512115348,0.45295540054855465,0.020262422134542435,0.006706783685949791,-0.011986289374922299,0.0844747179155787,31.84405769517728,25.84374357558919,26.980779645331687,33.99896548640529,0,1,0.5,0.4166666666666667
GEHC,2023-04-25,bmo,2023-04-24,0,0.46481576158488613,0.49157333709343815,-0.08429214884853453,-0.07984981534910407,-0.0953411461015975,-0.12041010349309844,139.78759051612616,63.96541213548144,49.36409031556466,41.669040187697206,1,1,0.3333333333333333,0.6666666666666666
GEHC,2023-07-25,bmo,2023-07-24,0,0.4740138248620879,0.44026899116515966,-0.005208896275803121,-0.032618175972762176,-0.06250770592489019,-0.14510723557947558,8.290477403145587,27.489414212638017,21.259948135232477,22.86165273032012,0,1,0.4166666666666667,0.16666666666666666
GEHC,2023-10-31,bmo,2023-10-30,0,0.5404342790797211,0.4868912328128051,0.053822986949314755,0.1253760224320306,0.10827923972928999,0.07186951679749298,83.22130097584218,48.78284513057227,38.23686683809168,35.16244381782531,1,1,0.6666666666666666,0.5833333333333334
GEHC,2024-02-06,bmo,2024-02-05,0,0.5297397590896563,0.46546907975356266,0.11646914184283585,0.13295189769359927,0.1768152923386519,0.2682196372414578,174.89128447963012,80.07036730128385,59.025798583200675,45.1148107809163,1,1,0.5833333333333334,0.5
GEHC,2024-04-30,bmo,2024-04-29,0,0.5893930341306308,0.5466895585046136,-0.1427929795615802,-0.10276587948418958,-0.08893635294967261,-0.11794472889120111,244.58779031382568,112.03751425339547,81.8995171220687,57.78960078489369,1,1,0.8333333333333334,0.75
GEHC,2024-07-31,bmo,2024-07-30,0,0.3929419671209455,0.442287337411306,0.023956355045163136,-0.013309096424213296,0.01839064367901022,0.015486955300328509,37.58115702401347,25.764647580870758,32.62224094522978,25.394698090152506,0,1,0.16666666666666666,0.25
GEHC,2024-10-30,bmo,2024-10-29,0,0.39916382460428745,0.4526180992861269,0.02263392779841622,0.03400956693458412,-0.004104664780027578,-0.026621331822012317,35.52965850680974,18.87270726266416,22.986505166220216,24.079440726052987,0,1,0.25,0.3333333333333333
GEHC,2025-02-13,bmo,2025-02-12,0,0.6215837486342083,0.6359208481770483,0.08824205986331779,0.0720604437474539,0.04074501186498125,-0.045750951477496415,134.24056156468887,61.01762036001441,44.21846120628774,36.0127906990578,1,1,0.9166666666666666,0.9166666666666666
GEHC,2025-04-30,bmo,2025-04-29,0,0.6696568000450159,0.6379803035814874,0.0328976996439887,-0.014686416930490886,0.08430010277584588,0.050521467310411294,51.38284985149415,53.31414639216935,51.280659675560536,39.04667750961119,0,1,1.0,1.0
GEHC,2025-07-30,bmo,2025-07-29,0,0.5831724375408636,0.5560911029905933,-0.07822970105108362,-0.08980970795149268,-0.04258879361780976,-0.04451884391609029,129.31250274968994,60.31427636891693,45.779591109459695,34.82829949403555,1,1,0.75,0.8333333333333334
GEHC,2025-10-29,bmo,2025-10-28,0,0.3924452275140237,0.4366043663905709,-0.02544084272190439,-0.06423165542820752,-0.07544071769697147,0.015491166219109509,40.908696644774636,29.158911500997604,25.739572532125692,30.30569670141592,0,1,0.08333333333333333,0.08333333333333333
GEHC,2026-02-04,bmo,2026-02-03,0,,,0.04887028961136952,0.005585209175501538,0.05293217183771337,-0.02119829304442633,75.74310345421719,39.50384562334104,32.17548688298555,31.46471658691873,1,1,,
GEHC,2026-04-29,bmo,2026-04-28,0,,,-0.13160583050581665,-0.10890509612368837,-0.0906569209412067,-0.08233575751311584,224.00447421255234,101.47175762188813,75.55785106046586,55.92446979741445,1,1,,
GILD,2018-02-06,amc,2018-02-06,0,0.3044112650377501,0.24760116183413805,0.029609285948472897,0.005100683266752837,0.0038567930411197437,-0.0038571175285788684,46.32085552369477,47.094909337482825,34.41606571623373,29.19925701362807,0,1,0.34375,0.15625
GILD,2018-05-01,amc,2018-05-01,0,0.24791343836361496,0.2504629249895414,-0.07828006133806553,-0.10115740940688811,-0.07676402798433235,-0.07111343608741894,129.39923440204578,61.10331315293036,44.355061222458716,31.221839139679837,1,1,0.1875,0.1875
GILD,2018-07-25,amc,2018-07-25,0,0.1544912794485065,0.18179300160316333,-0.009630168681771356,-0.012924931380270843,-0.025468781303061627,-0.0707048366223122,15.361505086110563,20.36396828606154,17.758053078344275,23.380914692462124,0,1,0.03125,0.03125
GILD,2018-10-25,amc,2018-10-25,0,0.2988602198247469,0.29548102926926684,0.016321842138055098,0.024628288939130494,0.04750789134365996,-0.024482726054738335,25.70094372590867,49.01988771668681,38.90638311160112,28.941724786778117,0,1,0.3125,0.3125
GILD,2019-02-04,amc,2019-02-04,0,0.22389790364623852,0.22211483546105532,-0.03383273233522821,-0.03468935222487668,-0.04696627142190313,-0.10178424222161642,54.637365071961675,31.032082664170225,30.200494380340437,25.295785400912724,0,1,0.125,0.09375
GILD,2019-05-02,amc,2019-05-02,0,0.21348594739036728,0.2594041172616866,0.02802457494462396,0.012710480133816482,0.007350719496734159,-0.025574258424956864,43.87566712078784,24.88622507766979,22.619089515322592,25.088784104768248,1,1,0.0625,0.21875
GILD,2019-07-30,amc,2019-07-30,0,0.3277418614534205,0.3342881392157747,-0.02340171266632074,-0.04635573563697959,-0.04158575165251477,-0.051423612566749544,37.590645814757025,25.929628459397218,22.431983001048707,21.003614526698318,0,1,0.4375,0.5
GILD,2019-10-24,amc,2019-10-24,0,0.31832333058707196,0.32460048180761275,-0.040606109029421855,-0.03469719084009715,-0.030909195563121328,-0.011212156254749361,65.80548244088864,30.780481151547278,25.991939800277347,23.2058863291175,1,1,0.375,0.4375
GILD,2020-02-04,amc,2020-02-04,0,0.29420445376510274,0.3219823259846397,-0.022700102903511654,0.005341519381726556,-0.0007420322016836733,0.12952500042440018,36.45059560474085,33.034166187887905,25.276262603192972,51.89283282876658,1,1,0.28125,0.40625
GILD,2020-04-30,amc,2020-04-30,0,0.38466695834389214,0.33467543773306196,-0.04821426294823461,-0.07607120505392884,-0.08059497117867154,-0.10523773245799461,78.44441344016117,39.5784658346864,39.801361318515625,36.78247169555347,0,1,0.65625,0.53125
GILD,2020-07-30,amc,2020-07-30,0,0.21771457504726816,0.2188945281565288,-0.03871170791037404,-0.04866580522982111,-0.05737587175198655,-0.09774648570719735,62.674022641507946,41.404496041004336,31.17515931593578,28.225247657381292,0,1,0.09375,0.0625
GILD,2020-10-28,amc,2020-10-28,0,0.2929956417965633,0.381805174342594,-0.003235546008864665,0.019584513731730757,0.02350130366266523,0.022309408837572597,5.144597343083033,14.696896450513396,18.07629490045422,14.91817208276752,0,1,0.25,0.65625
GILD,2021-02-04,amc,2021-02-04,0,0.34158683858436995,0.3318445654827683,0.03995141621215614,0.016557834793230253,-0.0221782759763276,-0.016405806116599142,62.186792165280266,29.39791776831627,27.145345136755576,23.547147021969415,1,1,0.625,0.46875
GILD,2021-04-29,amc,2021-04-29,0,0.3396736966253081,0.3598994998856009,-0.005795635338317284,0.04229325358277847,0.0794171175522358,0.035557742399379144,9.227050088363969,27.614944835340566,23.51894371927493,19.92660213943442,0,1,0.53125,0.59375
GILD,2021-07-29,amc,2021-07-29,0,0.3401991828020762,0.34689454487027355,-0.022053427887301025,-0.0075897786251734045,0.015036690366353023,0.020764544360200254,35.400533817870325,22.78115419638708,19.632413343616914,17.132839130392224,1,1,0.59375,0.5625
GILD,2021-10-28,amc,2021-10-28,0,0.34009236111431906,0.2943443451582267,-0.036530833877544966,-0.012919253270351483,0.00133673443699589,0.04915371564247861,59.076653356600275,33.64978007255194,25.583221436611925,20.30510366575108,1,1,0.5625,0.28125
GILD,2022-02-01,amc,2022-02-01,0,0.4825180456594141,0.4570616453155746,-0.03870310196147386,-0.06966563595842923,-0.10427917476320836,-0.09872923589727223,62.65981102641599,32.8259977435813,27.883052905859845,21.920184431535215,1,1,0.9375,0.8125
GILD,2022-04-28,amc,2022-04-28,0,0.5249333537924956,0.48289539610114973,-0.036062369889992896,-0.003411397658214188,0.014944783407413231,0.052631594099673995,58.30498072200293,35.98684798886787,31.820867516303025,23.63654096669114,1,1,1.0,0.90625
GILD,2022-08-02,amc,2022-08-02,0,0.45177047566464285,0.4665247003454744,0.04585146868812484,0.04131663778239347,0.11404106417600435,0.06600600322504313,71.16757169392307,34.28494349980564,36.846953935550516,28.007127061445647,1,1,0.84375,0.875
GILD,2022-10-27,amc,2022-10-27,0,0.4192975272409016,0.41390205584822376,0.12920271290200191,0.13190920462982048,0.17663849536071807,0.213818085664069,192.8940340757285,89.07667072399487,63.80994708352035,45.06323188139631,1,1,0.75,0.78125
GILD,2023-02-02,amc,2023-02-02,0,0.47196097759752564,0.5248402448067778,0.038210714341076146,0.05086592948447888,0.024572692722075518,-0.0034404553726243847,59.52744315669006,31.070447325212346,27.779513808611107,23.673440244687278,0,1,0.90625,0.96875
GILD,2023-04-27,amc,2023-04-27,0,0.4704614203888213,0.49822589106980797,-0.016038702340472777,-0.06020371987916251,-0.05804903343869838,-0.07731910402490338,25.667038314186026,19.995518191631607,18.720378758071163,15.584242114993724,0,1,0.875,0.9375
GILD,2023-08-03,amc,2023-08-03,0,0.39943472600313357,0.4064040788381666,0.04170513357498029,0.05918171702454589,0.01284271688061911,0.014828373020628893,64.86152798187736,34.43707239331017,28.279203894815012,21.924436429500307,1,1,0.71875,0.75
GILD,2023-11-07,amc,2023-11-07,0,0.390741878260964,0.39309989901021547,-0.0336187228487298,-0.07306785367188362,-0.07343994794611097,-0.031757837694691315,54.285778013526254,38.65304470299821,29.867272552264605,24.14407935530506,1,1,0.6875,0.71875
GILD,2024-02-06,amc,2024-02-06,0,0.42497627953450656,0.46021234705851566,-0.04246012641485197,-0.05391152831660362,-0.058157466531366,-0.05223873455858152,68.87618037430182,33.458364596749014,28.36362070281621,21.432779492263595,1,1,0.78125,0.84375
GILD,2024-04-25,amc,2024-04-25,0,0.2640774328614835,0.24367631757620467,0.0022980744485889826,0.0009192924399523683,-0.010571393105576088,0.006281716795393244,3.643894722311005,10.658302394578396,11.563378821102079,17.61962022986581,0,1,0.21875,0.125
GILD,2024-08-08,amc,2024-08-08,0,0.33595515914854623,0.30295936258644846,-0.02553233521738385,-0.016536762930233206,0.004101131745169351,0.047360781040892475,41.05773495700538,21.833927101608054,17.610241781252604,15.876820858694135,0,1,0.5,0.34375
GILD,2024-11-06,amc,2024-11-06,0,0.45098225108714607,0.3690317296824298,0.06772843003031537,0.010252022184658038,-0.03337320657716436,0.004798846761012054,104.03109374385848,53.25564595895486,43.51503608878707,33.046824720025256,1,1,0.8125,0.625
GILD,2025-02-11,amc,2025-02-11,0,0.3344042558220707,0.3834211477345383,0.07457869674382067,0.11972118322887892,0.1489493791983234,0.17900963232504075,114.18323132501149,58.40871922274352,43.3475833366524,33.269078261873396,1,1,0.46875,0.6875
GILD,2025-04-24,amc,2025-04-24,0,0.5153716757830539,0.5337308286190993,-0.028073575427305153,-0.027319886506985358,-0.07527085602736872,0.011493161877273561,45.2029346208901,42.6487085947373,39.76838791245345,43.496348188164966,0,1,0.96875,1.0
GILD,2025-08-07,amc,2025-08-07,0,0.32649879026247375,0.3203635515386537,0.08278930988240174,0.07925273154572232,0.05313747637288557,0.05077973382034218,126.26648015050628,57.26943275340626,42.22277914052138,30.88659563663039,1,1,0.40625,0.375
GILD,2025-10-30,amc,2025-10-30,0,0.24699821169918454,0.2622465701600604,0.011398226817053603,0.0418777993354682,0.057075347574274016,0.04972987030138132,17.991780617050892,17.30338286778685,30.307377555307944,26.343499946752313,0,1,0.15625,0.25
GILD,2026-02-10,amc,2026-02-10,0,,,0.05820818560314578,0.03742445630307589,-0.0007471882086524939,-0.01372006250698321,89.81334104272312,48.016144156786794,35.60120891682724,31.842138642167384,1,1,,
GILD,2026-05-07,amc,2026-05-07,0,,,-0.02036400289996143,-0.014918670013904012,-0.02655529220044195,-0.04445767330339889,32.66054242939441,23.15128142915979,19.235583766352917,23.06540234582953,0,1,,
GOOGL,2018-02-01,amc,2018-02-01,0,0.3755891743323142,0.3577636751958585,-0.05280162895281493,-0.14715750130999428,-0.07636315621203071,-0.0734856635423965,86.11402152891446,67.17276646377124,52.715088746327424,40.18848190776362,1,1,0.5,0.46875
GOOGL,2018-04-23,amc,2018-04-23,0,0.32082557031491005,0.3496864772077948,-0.04765278831470521,-0.05143360990259005,-0.013363619473274024,0.0013969671999067845,77.50822526580255,39.26669688932782,33.12855932478453,27.176268931259145,1,1,0.25,0.4375
GOOGL,2018-07-23,amc,2018-07-23,0,0.3677155153686773,0.37006489032002965,0.0389348533019791,0.015722695807054432,0.02202321482699099,0.0052931020795563555,60.634284225123295,36.96283755193048,26.50273186973272,21.195477243916294,1,1,0.46875,0.5625
GOOGL,2018-10-25,amc,2018-10-25,0,0.47257796019386455,0.41919467634273977,-0.017977537337047433,-0.01595700941501843,-0.008118867580932831,-0.04317722401224122,28.79809788892806,45.81165984169098,39.360587142588955,34.3640206246018,0,1,0.875,0.75
GOOGL,2019-02-04,amc,2019-02-04,0,0.4030628075853702,0.3868390906086465,0.009155238016565148,-0.03443083215183429,-0.013062630969379874,0.020605995215561057,14.467364302107125,22.165069969465765,20.126578765360325,17.642274988907268,0,1,0.65625,0.59375
GOOGL,2019-04-29,amc,2019-04-29,0,0.4595100120485351,0.47082261634797035,-0.07501929308795585,-0.0792625848058589,-0.12313699078183504,-0.13598206627606224,123.7932207629109,59.294008593477955,44.63766597866313,36.099457125522726,1,1,0.84375,0.875
GOOGL,2019-07-25,amc,2019-07-25,0,0.4579502255655209,0.4748089125959075,0.09620222887317031,0.06676394638074057,0.06184306548322849,0.015528999947825417,145.81003262378798,66.07245955367908,52.50122568008474,41.14298064694455,1,1,0.8125,0.90625
GOOGL,2019-10-28,amc,2019-10-28,0,0.5695101749379583,0.5593089915633518,-0.021970955356626187,0.0004887012614691599,0.007214852457781085,0.01863484073348909,35.26666601026468,19.985003198101474,15.993786041834,14.711968287197461,0,1,1.0,1.0
GOOGL,2020-02-03,amc,2020-02-03,0,0.40613364702225024,0.41055592638207905,-0.025084293197142116,0.017577466520236174,0.024848179834901396,-0.06812348126621137,40.32802249472582,27.134005825461934,19.56036271614271,37.18080541876673,1,1,0.6875,0.65625
GOOGL,2020-04-28,amc,2020-04-28,0,0.5103938006246087,0.5041332908692819,0.08891015664858193,0.09445949326474912,0.11568317987616439,0.15061778567818296,135.2148350147171,64.10307960284587,48.143283690032554,35.64611567195869,1,1,0.96875,0.9375
GOOGL,2020-07-30,amc,2020-07-30,0,0.40664365336386715,0.3669906565731333,-0.03277502314061986,-0.021724263878117767,-0.014118930277937647,0.06569284266880149,52.90045786621528,27.306766706462575,22.32351743843234,22.23934030033598,0,1,0.71875,0.5
GOOGL,2020-10-29,amc,2020-10-29,0,0.49485460360914646,0.517605758120952,0.038043935570813314,0.13207170501264098,0.11943106490132838,0.12686905045943098,59.27241365861781,51.06112972513499,36.87593532099832,29.193103956564347,1,1,0.9375,0.96875
GOOGL,2021-02-02,amc,2021-02-02,0,0.38080681069091354,0.42165326583523033,0.07282514879758706,0.08142789533633876,0.10395400510163166,0.05982457125439167,111.59063870097181,51.48992613526069,36.781261601404,31.647030800605354,1,1,0.53125,0.78125
GOOGL,2021-04-27,amc,2021-04-27,0,0.444517763557399,0.4131572040252328,0.029707767708031296,0.006918532620374229,-0.00913137719807866,0.03899214645789639,46.47268736184728,28.352444896081654,25.109681955492153,25.573982789473572,0,1,0.78125,0.6875
GOOGL,2021-07-27,amc,2021-07-27,0,0.47435032209622,0.46212202217953086,0.03179691931346307,0.028279269206439528,0.03720282625796267,0.0771723881973152,49.690168763326106,23.324127188066313,17.756774036194027,16.236815671760315,1,1,0.90625,0.84375
GOOGL,2021-10-26,amc,2021-10-26,0,0.396647757927363,0.43131363194516875,0.049594904811084195,0.043959883652957554,0.06898375795819378,0.04889497493667583,76.83941995979868,43.33692999548377,31.49323885521766,25.1803513901453,1,1,0.625,0.8125
GOOGL,2022-02-01,amc,2022-02-01,0,0.3162157807210315,0.4148634320355272,0.07523761507208304,0.012750420741740154,-0.007523023363804504,-0.027204163307741336,115.15633813933401,60.42339388560074,47.87836739583719,39.58097983151285,1,1,0.21875,0.71875
GOOGL,2022-04-26,amc,2022-04-26,0,0.292555817117817,0.3073117618045612,-0.036708968085450766,-0.01109146431136876,-0.0358620661022081,-0.10825976271045479,59.37018162188436,48.45802375973929,49.691199480500025,44.197503742285335,0,1,0.09375,0.125
GOOGL,2022-07-26,amc,2022-07-26,0,0.32733176942651404,0.33017842289302707,0.0765568067592115,0.09626731368175268,0.11055038424765984,0.08255576822230992,117.1027621309345,55.186986578784825,41.26180004884432,34.11732741417842,1,1,0.3125,0.28125
GOOGL,2022-10-25,amc,2022-10-25,0,0.33827832720551393,0.3263923988234736,-0.09140500417046127,-0.13409259646981986,-0.14911944404457977,-0.05761859514464307,152.166417870577,84.44604531693574,69.74607777740653,57.35881957520771,1,1,0.375,0.21875
GOOGL,2023-02-02,amc,2023-02-02,0,0.2871961020707615,0.3371111573585212,-0.027473399680058908,-0.11815467192319584,-0.11351386840121458,-0.11704090765429676,44.22296803887901,76.24999883876654,55.754183355842045,41.94955464326084,0,1,0.0625,0.3125
GOOGL,2023-04-25,amc,2023-04-25,0,0.3863784263868053,0.3469777443796265,-0.00134818745868448,0.014154930678780042,0.033702611192298004,0.16417914098297914,2.14162522256367,29.020590380561174,23.702674999390158,30.460034763848842,0,1,0.59375,0.40625
GOOGL,2023-07-25,amc,2023-07-25,0,0.36538790984591446,0.32104624963878176,0.057769475333679265,0.07642578941799472,0.07519839370380255,0.08313527553421451,89.15508175652285,43.901963820381155,35.925346417162736,28.70014774243814,1,1,0.4375,0.1875
GOOGL,2023-10-24,amc,2023-10-24,0,0.41754419233036727,0.3699127745054457,-0.0950940302731611,-0.10611625960286997,-0.05648004634751591,-0.0023053985451635395,158.62481582838166,74.6669461940636,54.42296143127102,39.64427392600502,1,1,0.75,0.53125
GOOGL,2024-01-30,amc,2024-01-30,0,0.3294170991640753,0.30924527766131504,-0.07500345569193112,-0.04859383829801078,-0.04172717515479463,-0.08583135816823939,123.76604087541743,56.35153698438867,42.62576296617305,36.20169590373396,1,1,0.34375,0.15625
GOOGL,2024-04-25,amc,2024-04-25,0,0.36367757057332506,0.2996995848885275,0.102243708602475,0.06807681809650479,0.08948713794033769,0.12173075378354214,154.53490115714854,75.7884573365979,54.79262680141886,39.2686478677248,1,1,0.40625,0.0625
GOOGL,2024-07-23,amc,2024-07-23,0,0.3095308088469886,0.30091216850271923,-0.05038778180282755,-0.06325962383321204,-0.12926998971802206,-0.08768355056083976,82.07369652511441,44.40911192115469,41.037877499829335,32.19682504675818,1,1,0.1875,0.09375
GOOGL,2024-10-29,amc,2024-10-29,0,0.32328373003819033,0.32826950311601677,0.028170895468493162,0.00035385569674195594,0.07036787055433713,-0.002651926721643716,44.1015956713097,25.62164636072099,30.73182458563824,31.641156257228527,0,1,0.28125,0.25
GOOGL,2025-02-04,amc,2025-02-04,0,0.3819154352326981,0.4054800530051278,-0.07292374657200973,-0.10204472806883313,-0.1022869421208007,-0.16489002151684262,120.20091398617556,59.03128131515888,43.00795746858769,35.648663589187706,1,1,0.5625,0.625
GOOGL,2025-04-24,amc,2025-04-24,0,0.3015305581716116,0.3448949991748063,0.016825705696115856,0.012682017968901338,-0.03139137548520887,0.0576969968628247,26.487761799028025,18.418056949010843,42.09602684573252,37.084673527848146,0,1,0.125,0.375
GOOGL,2025-07-23,amc,2025-07-23,0,0.28302358713449094,0.2901519362555937,0.010198329269446305,0.033117944104339214,0.03080485877429573,0.05004485398643821,16.107350685888473,14.592155743438534,23.575069678031547,19.81677973251246,0,1,0.03125,0.03125
GOOGL,2025-10-29,amc,2025-10-29,0,0.30200888964573924,0.33772298055308914,0.025166768008160867,0.03547364341603254,0.04421462569352097,0.16611429984164006,39.45656530195801,29.824640501392842,31.944318077101837,38.24982331529887,0,1,0.15625,0.34375
GOOGL,2026-02-04,amc,2026-02-04,0,,,-0.005374777878328518,-0.0662985306090017,-0.09064986467861935,-0.10365130547031987,8.555207191080685,28.50821907920766,22.087302565348963,23.657438593708292,0,1,,
GOOGL,2026-04-29,amc,2026-04-29,0,,,0.09961702406520634,0.13745213891566554,0.15054010959347353,0.08687198565373833,150.74743689924765,70.42603190257515,55.777239280506826,41.12870358112596,1,1,,
GOOGL,2026-07-22,amc,2026-07-22,0,,,-0.0713262420932762,,,,117.46782994753262,,,,1,1,,
HON,2018-01-26,bmo,2018-01-25,0,0.3864191474094591,0.37441408775203494,0.019463951603917007,-0.013531743286401055,-0.09775081485465165,-0.028296433721140102,30.601211837995645,23.540067010251768,33.76146338201666,26.01314745278767,0,1,0.375,0.3125
HON,2018-04-20,bmo,2018-04-19,0,0.27958529974205887,0.2542989025474609,0.016472335810634897,-0.00897862937960503,-0.03220130698765977,0.006499908619630013,25.935990935260445,16.355482035588338,14.987803956394124,12.030366918690804,0,1,0.125,0.125
HON,2018-07-20,bmo,2018-07-19,0,0.3143533544218623,0.4058421829074866,0.03788775902907604,0.07848705702035774,0.056662316381311806,0.056854547783842024,59.033559388848865,30.68204018863111,26.303973534607756,20.11153532294805,1,1,0.21875,0.4375
HON,2018-10-19,intraday,2018-10-18,0,0.3384088347563107,0.38622519424957197,-0.011083095719108593,-0.049681198025563145,-0.039420110934680674,-0.0066342627259219356,17.69209270754459,30.19609913294038,23.908335911250113,18.903595281880843,0,1,0.28125,0.34375
HON,2019-02-01,bmo,2019-01-31,0,0.49188042363600115,0.4909407023035553,0.007519826126310081,0.031470153382653576,0.04797066157743557,0.08141689778416028,11.892694235596895,17.305191211902052,14.707445037681696,13.767116586562691,0,1,0.78125,0.84375
HON,2019-04-18,bmo,2019-04-17,0,0.2825131814240265,0.29217644026558254,0.037878157922010436,0.04622717951536348,0.052121001723992366,0.043342441390264996,59.01887441417022,30.797273061016323,24.01375335585151,21.390140582352156,1,1,0.15625,0.15625
HON,2019-07-18,bmo,2019-07-17,0,0.5852868331156822,0.5183219952528484,0.031194197852517647,0.031668540921777844,0.02277302017090954,-0.03282411687220299,48.76259260794444,23.136497861069135,17.20638674590501,23.924413299548572,1,1,0.96875,0.875
HON,2019-10-17,bmo,2019-10-16,0,0.44215403465955816,0.4631725954847763,0.0237730412682835,0.038012460930672454,0.06704128348237304,0.10336102067159625,37.29693821989774,23.80103890703472,18.289901765710557,17.43218200187239,0,1,0.53125,0.65625
HON,2020-01-31,bmo,2020-01-30,0,0.488702373742995,0.4845692023270942,-0.02870922567297718,-0.011158608728713881,0.009980909215345113,-0.07407811214431015,46.24148401113033,28.18429858771395,22.545894133766375,28.76382593953189,1,1,0.75,0.8125
HON,2020-05-01,bmo,2020-04-30,0,0.449489116943486,0.4547408267335187,-0.03276949473083235,-0.06419995331493689,-0.09804996937221966,0.03775741212106798,52.891384430772845,27.79380292953464,46.04546226884931,48.715112462157094,0,1,0.5625,0.625
HON,2020-07-24,bmo,2020-07-23,0,0.30418739623111957,0.29656594092140937,-0.027970991935354794,-0.02972737418979754,-0.007480433270473208,0.030316581345156468,45.03539349066676,35.54293035298409,28.78871879287283,23.70025518255097,0,1,0.1875,0.1875
HON,2020-10-30,bmo,2020-10-29,0,0.24324342451805295,0.24021014832205084,0.0021263930204376003,0.11348716014139115,0.20391695764694928,0.2446907125082476,3.371960485566086,46.09507221305012,49.02660453288596,39.701886358497134,0,1,0.09375,0.09375
HON,2021-01-29,bmo,2021-01-28,0,0.3744179054153976,0.34661785667015305,-0.03682699957991564,-0.01109250976698306,-0.0032539720455264654,0.02116329394180072,59.56470296858517,31.882790979202873,23.83458645365858,23.131019131977638,1,1,0.3125,0.25
HON,2021-04-23,bmo,2021-04-22,0,0.2020101470348533,0.23396113685970055,-0.020762437306571346,-0.023379617440126288,-0.002617030108898355,-0.022300565097873815,33.306316647702374,18.51755466718843,15.25769250788582,21.430686281808256,0,1,0.03125,0.0625
HON,2021-07-23,bmo,2021-07-22,0,0.4002805200966682,0.3470777519679154,-0.014694421430747284,0.0006016508056101433,-0.012288406835730292,-0.01775418035838583,23.499754494167316,13.268348884142938,12.057551059450597,12.73448297274805,0,1,0.4375,0.28125
HON,2021-10-22,bmo,2021-10-21,0,0.5848282737564755,0.5652236575435917,-0.031712259156318034,-0.026901956863700227,-0.009041262440168452,-0.02265177647451544,51.15716196636296,26.151137222101056,19.318537388069473,17.048642866603863,1,1,0.9375,0.96875
HON,2022-02-03,bmo,2022-02-02,0,0.48600041776943287,0.4842590862587194,-0.07617444584550859,-0.05266188086445567,-0.08908694716497267,-0.09196800227807023,125.77693147496004,57.37616411125103,44.982319498541784,38.402105151215096,1,1,0.71875,0.78125
HON,2022-04-29,bmo,2022-04-28,0,0.5593260975219628,0.47293255286735336,0.018902623669722507,0.0418595447586414,0.02100669980030001,0.03915979248272361,29.726903453983343,45.591907475857056,34.234080765196964,28.543056948475293,0,1,0.90625,0.6875
HON,2022-07-28,bmo,2022-07-27,0,0.4040948865069742,0.41367021238775115,0.03691627670578246,0.04268762154587824,0.07388653567884762,0.09675955428946303,57.54697996789252,30.24253954231358,23.4109508895397,19.66361042764208,1,1,0.46875,0.5
HON,2022-10-27,bmo,2022-10-26,0,0.45797020307518144,0.407578306644161,0.032690254051701784,0.0536080234697458,0.10186410269208901,0.16217783056705204,51.06399664635287,38.97282946884393,31.26065046443724,25.027300477527938,1,1,0.59375,0.46875
HON,2023-02-02,bmo,2023-02-01,0,0.5214733683701134,0.5313903927064116,0.0031925871192182154,-0.02176865656024174,-0.024235619111091844,-0.042847828921632525,5.060001976288256,21.065694628256878,19.43650280097335,18.56770545059227,0,1,0.84375,0.9375
HON,2023-04-27,bmo,2023-04-26,0,0.4930911476144753,0.48165557912468665,0.04038756091458007,0.036982691008164315,0.03373492492570085,0.012461142380629342,62.85241278644599,29.63268639074591,22.459898566059348,20.170432594513525,1,1,0.8125,0.75
HON,2023-07-27,bmo,2023-07-26,0,0.378565625389244,0.38896548667800884,-0.056900161487640655,-0.07375382313648438,-0.09132803621826402,-0.10605324870345811,92.99783367980325,42.12412237574002,31.371101958066895,22.904192005012387,1,1,0.34375,0.40625
HON,2023-10-26,bmo,2023-10-25,0,0.4848941510645159,0.4789446201090987,-0.011398865777546341,0.0331293329169835,0.03666701975491993,0.09241450574816645,18.199060959832515,19.91958632338126,18.424576538689355,16.053408122854787,0,1,0.6875,0.71875
HON,2024-02-01,bmo,2024-01-31,0,0.39123387175806,0.4308707361692341,-0.02447332173709238,-0.040344036662172456,-0.03653701290093214,-0.012350391065265587,39.3334920599701,21.548290665907437,19.164718420164846,15.742225756877337,1,1,0.40625,0.53125
HON,2024-04-25,bmo,2024-04-24,0,0.45932053103989495,0.44473257165763835,-0.009086735799434975,0.0026182246890609218,0.016735941567209478,0.02903486502802366,14.490682556875385,12.202580230459326,12.657592690434274,13.809818897434667,0,1,0.625,0.5625
HON,2024-07-25,bmo,2024-07-24,0,0.3196430701466606,0.31426797112581945,-0.05242212056226114,-0.041656838758150405,-0.0736250746562983,-0.05810847493248239,85.47811435937685,39.466033344766544,29.867875679969174,21.74016811832078,1,1,0.25,0.21875
HON,2024-10-24,bmo,2024-10-23,0,0.47171845083283886,0.45208749447688723,-0.05101212238053321,-0.07325056535149199,-0.01788137636081999,0.0311473996448397,83.11773942716533,38.422814562442866,34.23494454090847,29.06750039218145,1,1,0.65625,0.59375
HON,2025-02-06,bmo,2025-02-05,0,0.20338572239805078,0.2283655786456343,-0.056352584318731136,-0.07798505017897661,-0.04947151463677146,-0.0300511847210575,92.07640466486434,45.72699770098305,36.01735354479128,27.238629650203556,1,1,0.0625,0.03125
HON,2025-04-29,bmo,2025-04-28,0,0.40582232737978574,0.3883925356880793,0.053971852610475546,0.06772642152629071,0.09309269922392915,0.125075287705106,83.44553239236345,39.1521180066118,34.94034360728139,27.614633025558504,1,1,0.5,0.375
HON,2025-07-24,bmo,2025-07-23,0,0.5533320589690133,0.5266665507556426,-0.0618129299065473,-0.07150918306326337,-0.08375487157924766,-0.08658910112428442,101.28874963002734,46.642261364151835,35.6024077994228,25.46682555662665,1,1,0.875,0.90625
HON,2025-10-23,bmo,2025-10-22,0,0.6101854152942872,0.5768115057163079,0.06805083503525222,0.03039537432470718,0.011906648003153553,-0.02806187820462669,104.51035870439334,49.43685508728589,36.42456002356902,29.116235074242354,1,1,1.0,1.0
HON,2026-01-29,bmo,2026-01-28,0,,,0.048929104516861166,0.08636452012528872,0.12029168884939256,0.1299823250754213,75.8321165107328,37.96503059942205,29.795517649576286,22.695125013315927,1,1,,
HON,2026-04-23,bmo,2026-04-22,0,,,-0.02559444280028067,-0.04396053563531044,-0.014138271588517215,0.023002989422300057,41.15891417199727,21.31644751166223,26.910713137597547,25.179424476991347,0,1,,
HON,2026-07-23,bmo,2026-07-22,0,,,0.05699814784409929,,,,87.99708740200005,,,,1,1,,
IDXX,2018-02-01,bmo,2018-01-31,0,0.379974220457523,0.32435116723915636,0.0369439901098505,-0.05458721033773206,-0.04694182578303063,-0.006789932951553612,57.58940680425641,46.603315751662244,42.261156584462505,32.90597453274886,1,1,0.125,0.03125
IDXX,2018-05-04,bmo,2018-05-03,0,0.591640795862662,0.5362316397395519,0.08386964077702141,0.06803558794192455,-0.0009704895422971704,0.11763203045709814,127.84953711486702,60.839854659441016,50.44127375540579,39.75894945869245,1,1,0.6875,0.46875
IDXX,2018-08-01,bmo,2018-07-31,0,0.6322921056373606,0.5783590745786319,-0.03584697277527438,0.002408898927542591,-0.0063691569233774725,0.03890913454074618,57.95029582238831,30.833088152867045,23.756030761162037,18.75220534703054,1,1,0.84375,0.65625
IDXX,2018-11-01,bmo,2018-10-31,0,0.34817285670256715,0.3891050985449991,-0.03328303658829235,-0.010984357367005648,-0.07274181138490421,-0.03941165756548792,53.73445018923868,37.467510208462095,34.56212115701035,33.312146622282796,0,1,0.09375,0.125
IDXX,2019-02-01,bmo,2019-01-31,0,0.526619615171939,0.4445483743482471,-0.03477767618637839,-0.028057154126104766,-0.02744617149823414,0.0029608275515875526,56.19070468417273,32.00180163407672,25.40209284175518,23.749241955247808,0,1,0.46875,0.1875
IDXX,2019-05-01,bmo,2019-04-30,0,0.43150243667076343,0.4332735258192142,0.0088792998215248,0.05797412477690589,0.0611206580852639,0.07629309029414744,14.033240604720445,39.372364821927306,30.89137357975008,26.620196838534156,0,1,0.15625,0.15625
IDXX,2019-08-01,bmo,2019-07-31,0,0.4536620094554678,0.5725622181047193,-0.048750223701809925,-0.05027475018431726,-0.043396528147909175,0.02566928227370635,79.33857577859122,51.02978928834689,45.45547262917302,36.96878801873619,1,1,0.1875,0.625
IDXX,2019-10-31,bmo,2019-10-30,0,0.6067055621293171,0.6407537163613265,0.0407522490902954,-0.04528023962065264,-0.053094789924619246,-0.08132190533544426,63.4087661218247,52.37057961282752,42.02652722123014,31.66843441447405,1,1,0.78125,0.90625
IDXX,2020-01-31,bmo,2020-01-30,0,0.5690355464850777,0.4745003339785726,-0.0448313563182291,-0.010784892116122324,0.004652228370386258,-0.07662221094052923,72.81218282303973,41.11510811732796,30.503705415280212,36.90800795504405,1,1,0.65625,0.3125
IDXX,2020-04-30,bmo,2020-04-29,0,0.46612149700687483,0.4571321608707689,0.017819227260968296,0.03978150066732722,0.04858106795638517,0.13250720811928285,28.038073295125564,31.616162032809935,41.145183088668055,33.91514533805295,0,1,0.28125,0.25
IDXX,2020-07-31,bmo,2020-07-30,0,0.32721274990135046,0.3576084780530836,0.0632183734579792,0.0419139064954801,0.029804848207885648,0.02641006340983232,97.31154210427714,47.152167052975486,38.46383183784757,28.373461738068944,1,1,0.0625,0.0625
IDXX,2020-10-29,bmo,2020-10-28,0,0.5344895473416071,0.5554282701304709,0.0447160549776795,0.10988665869010172,0.07607174867181543,0.07410909516022657,69.44324225263722,61.936948416105764,66.32749579216268,49.86181120508575,1,1,0.53125,0.53125
IDXX,2021-02-02,bmo,2021-02-01,0,0.5449841336732618,0.5866668396033123,0.02889805467022999,0.0067828200455155585,0.09288810054327623,0.011372355780091326,45.22390077908118,41.73789330410676,38.216474150286885,39.91528409116739,0,1,0.59375,0.71875
IDXX,2021-05-04,bmo,2021-05-03,0,0.47299276369583276,0.45583953446012054,-0.041827307404824876,-0.04477339582921258,-0.04775589134436953,-0.004219115631806214,67.82741231844481,42.48926358652092,36.69742151169103,28.142712859298936,1,1,0.3125,0.21875
IDXX,2021-07-30,bmo,2021-07-29,0,0.7597485616364243,0.7001463866471278,-0.03639789937675941,0.0022722629546074735,-0.04045954232125504,-0.05096846594816984,58.85764020247366,32.587075043747994,30.90061818885846,22.693880048452815,1,1,1.0,0.96875
IDXX,2021-11-02,bmo,2021-11-01,0,0.6448003354360865,0.683885877253916,-0.05871144824979069,-0.04841849634162687,-0.07129990380607065,-0.10057311581148332,96.04957131073427,46.11885193140214,36.22630655736504,36.230956717473866,1,1,0.90625,0.9375
IDXX,2022-02-02,bmo,2022-02-01,0,0.683144967740949,0.7116753889710731,0.04034969194189997,0.01577374429299727,-0.005141116235771959,0.04870403553971614,62.794630257301776,35.67340127138546,31.468708574899956,37.76065025596484,0,1,0.9375,1.0
IDXX,2022-05-04,bmo,2022-05-03,0,0.5418186577354953,0.5899525289227119,-0.056541871684627654,-0.21969905646529075,-0.15964769122784817,-0.11381777247855651,92.39486526168267,84.0863586548205,67.3480777651997,58.97202424343225,1,1,0.5625,0.78125
IDXX,2022-08-02,bmo,2022-08-01,0,0.5589314511308697,0.5233216794015372,0.00200936323099854,0.02227914251225127,-0.01828548135034358,-0.12380380262831514,3.18656482967132,15.275586052132056,30.8026322132863,36.28809022733666,0,1,0.625,0.40625
IDXX,2022-11-01,bmo,2022-10-31,0,0.635534487158669,0.6109945074036977,0.09800378313445601,0.07095201304192078,0.1900300475292962,0.18402469914714015,148.41678819390216,82.50925591205335,81.36523778532239,61.480137976366166,1,1,0.875,0.8125
IDXX,2023-02-06,bmo,2023-02-03,0,0.592430945969179,0.6127999049714414,0.006467517450929217,0.006882127856005615,0.029124578027635017,-0.017454060578793396,10.233807558015101,38.388282475818826,34.51481697623177,31.579438660472203,0,1,0.71875,0.84375
IDXX,2023-05-02,bmo,2023-05-01,0,0.31815114384328946,0.38833968351861314,-0.04538398885559891,-0.00831292335269751,0.000571892924440931,-0.050714903554543556,73.73090104442662,48.86053080361797,35.77672878112953,32.79384926477291,1,1,0.03125,0.09375
IDXX,2023-08-01,bmo,2023-07-31,0,0.5085466097882815,0.46578449356863627,-0.040434073270797066,-0.08362624297258925,-0.08477992882587337,-0.07794781561623365,65.52085084144473,38.521342208554124,30.835765368000544,32.27290917636549,1,1,0.40625,0.28125
IDXX,2023-11-01,bmo,2023-10-31,0,0.6298612520584937,0.5642441555752519,-0.010313653352185592,0.0575762884064297,0.13713169602698527,0.166095090747147,16.457431891492014,46.90282015025356,44.977273935297454,33.50650797928551,0,1,0.8125,0.5625
IDXX,2024-02-05,bmo,2024-02-02,0,0.4651509021034473,0.5092499034942767,0.08532833634105397,0.08549911991461512,0.05387555979381853,0.059149356545387555,129.98452690745987,58.90093789260978,45.40931369714424,34.87308119378418,1,1,0.25,0.34375
IDXX,2024-05-01,bmo,2024-04-30,0,0.4880538383450749,0.5333225871154341,-0.05016641109423814,-0.0184268546754891,0.05753302829793716,0.014225949973864616,81.70367795889352,40.673882212615894,38.40216115019956,35.50087963008518,1,1,0.375,0.4375
IDXX,2024-08-06,bmo,2024-08-05,0,0.47355202222109477,0.5873219148440033,0.031401092042206535,0.054605798621666146,0.09209370857589705,0.035620160083840835,49.08105968375214,33.86942405113506,31.84759563088772,25.06948058254203,0,1,0.34375,0.75
IDXX,2024-10-31,bmo,2024-10-30,0,0.4574039053240523,0.5434541003090565,-0.09789832060628689,-0.06131944215640783,-0.047131284652197514,-0.06502169780384792,163.55194103588914,76.51941272872303,57.12808112785452,42.22816656992485,1,1,0.21875,0.5
IDXX,2025-02-03,bmo,2025-01-31,0,0.684794239399851,0.6289528287497007,0.1113375716409295,0.0893970194943734,0.05326385887103835,0.04634521531650582,167.57814594611975,76.37308595757668,57.36287148267246,43.02407200495467,1,1,0.96875,0.875
IDXX,2025-05-01,bmo,2025-04-30,0,0.6008037931194994,0.5787601610216428,0.08951811286883937,0.12471973238485368,0.17744139746739007,0.18654800090991963,136.10088723745963,63.998902089466206,48.81595186534683,37.591049656632386,1,1,0.75,0.6875
IDXX,2025-08-04,bmo,2025-08-01,0,0.5249870654342926,0.5124169917659994,0.27493755333054404,0.22877847510572646,0.21529680987184485,0.19402852904173296,385.5873506265404,181.53695204748655,129.00012579191912,89.82865472964818,1,1,0.4375,0.375
IDXX,2025-11-03,bmo,2025-10-31,0,0.526820164097108,0.5647232273288232,0.14841700882654196,0.12539912188337832,0.09597938392218963,0.1639687520482085,219.67855170682057,98.6146706754479,70.78648077518575,58.0571900660414,1,1,0.5,0.59375
IDXX,2026-02-02,bmo,2026-01-30,0,,,-0.04602816778832086,-0.038555671887843035,-0.06131617850347437,-0.05208370790337247,74.80248116150119,36.27835196082412,37.73810618729961,33.28643814561829,0,1,,
IDXX,2026-05-05,bmo,2026-05-04,0,,,-0.0002664164216568121,-0.05526352355986097,-0.03077499865057587,-0.004244236875197704,0.4229793049507192,45.27520159148148,36.544083941024596,30.782646514714468,0,1,,
INTC,2018-01-25,amc,2018-01-25,0,0.23240882555585135,0.2944572554418724,0.10551877362859718,0.051876309606959214,-0.04988917273214866,0.09146095887930694,159.24465450013645,74.22847099923922,64.7460075081025,50.61806239618599,1,1,0.03125,0.03125
INTC,2018-04-26,amc,2018-04-26,0,0.42973789981655425,0.4591623804077843,-0.0060319784445188596,-0.014514472060443095,0.042362101625381676,0.0510832403496555,9.6044650994817,31.14486168149052,25.630740294334437,22.99862732450636,0,1,0.4375,0.78125
INTC,2018-07-26,amc,2018-07-26,0,0.484520711022688,0.4392208794193923,-0.08588943543184835,-0.051380314920932535,-0.03288076203769619,-0.08071606132545817,142.5590288899283,65.60078398875156,46.69806919953806,35.937229886841244,1,1,0.75,0.5625
INTC,2018-10-25,amc,2018-10-25,0,0.3697430316204467,0.3932029212371786,0.03114449864376434,0.08824209184633869,0.11257742763974732,0.07760380039931092,48.68608233523251,48.615460268188535,40.80249546482263,34.385477574661834,0,1,0.3125,0.375
INTC,2019-01-24,amc,2019-01-24,0,0.5458455105245562,0.4666305082586163,-0.05466244558483335,-0.05305486545301652,-0.0043802037913129865,0.07388597556250165,89.2357121013029,43.49434537793079,37.01039909375438,29.244099392334057,1,1,0.96875,0.8125
INTC,2019-04-25,amc,2019-04-25,0,0.323930367938926,0.31506850632229294,-0.08991500189684898,-0.12254822132749466,-0.1858095508527563,-0.22161152501310055,149.56529417818672,69.47307242459101,59.32115365312979,45.17925451726299,1,1,0.125,0.0625
INTC,2019-07-25,amc,2019-07-25,0,0.31287438862833705,0.3342363829981386,-0.010927791321670877,-0.050996835101742355,-0.08956127438246964,-0.13221702595914864,17.44281116522246,28.587010712450976,28.983925019785538,30.44760564913843,0,1,0.0625,0.125
INTC,2019-10-24,amc,2019-10-24,0,0.5425778981328286,0.5081194712299304,0.08098787608739233,0.08232811358367087,0.11754702070649459,0.10907658319196645,123.62324296858658,55.76694516598163,40.91929629312673,28.844701013032964,1,1,0.9375,0.96875
INTC,2020-01-23,amc,2020-01-23,0,0.35049382556773384,0.33836817757548027,0.08133314719962104,0.049747558429275474,0.06475670620915297,-0.01983341670193095,124.13019905648093,66.01003958007014,53.31923233049258,42.29109217026236,1,1,0.15625,0.15625
INTC,2020-04-23,amc,2020-04-23,0,0.49909496914219087,0.4562115407837964,0.0037262695589608263,0.015921307064743706,0.007862981273676795,0.06049622901258234,5.904275899905804,42.77208821419738,38.47735242778483,36.21420611237188,0,1,0.8125,0.75
INTC,2020-07-23,amc,2020-07-23,0,0.4652064371080031,0.47067477454639467,-0.1624171375835992,-0.205463581062019,-0.19039952922712566,-0.17856481437529292,281.35196713183166,127.89147276685249,91.09824227939521,64.91496417990503,1,1,0.65625,0.875
INTC,2020-10-22,amc,2020-10-22,0,0.5681505574943608,0.4942390621686218,-0.1057513841505916,-0.18163243145802033,-0.14634038634856217,-0.15175980777278697,177.43167412804,86.88767704445908,62.46875426099186,46.17472073626164,1,1,1.0,0.90625
INTC,2021-01-21,amc,2021-01-21,0,0.3227361186300929,0.3189186579244869,-0.09285937082723084,-0.1023054814424279,-0.05304433413405463,-0.022118053615605593,154.70944886616604,80.70297460713033,60.75798890819387,47.05981162255949,1,1,0.09375,0.09375
INTC,2021-04-22,amc,2021-04-22,0,0.3677982213043564,0.36484596062523245,-0.0532203603879946,-0.06856328776555587,-0.08035416470038093,-0.09820336899818105,86.81594684510688,41.436208830288784,30.87824110696952,28.25294086464496,1,1,0.28125,0.28125
INTC,2021-07-22,amc,2021-07-22,0,0.5406258768215263,0.49857455251807137,-0.05289495753311413,-0.04038603903267657,-0.03073260499471775,-0.06454647833018556,86.27044264632933,45.65250639569422,32.66465351512259,23.951706320424975,1,1,0.90625,0.9375
INTC,2021-10-21,amc,2021-10-21,0,0.4931932601150698,0.4669141512380823,-0.11678576449773048,-0.14142862816471602,-0.09535954439671457,-0.1095647535798685,197.1415215370827,89.91270329229253,64.87866894684996,45.67079508328807,1,1,0.78125,0.84375
INTC,2022-01-26,amc,2022-01-26,0,0.5055275764081832,0.4390788261560544,-0.07041971211810649,-0.04217443641377483,-0.027080673006043554,-0.06996639553077744,115.9189870004478,55.09712085165837,43.00192601021072,41.73154420008235,1,1,0.84375,0.53125
INTC,2022-04-28,amc,2022-04-28,0,0.44083421933327216,0.44131491027982833,-0.06938523212608616,-0.040295691074531126,-0.0781674933805806,-0.0413716871421389,114.15338049450396,64.99789712499454,51.25689795240942,43.73446794065965,1,1,0.46875,0.625
INTC,2022-07-28,amc,2022-07-28,0,0.3733000372853728,0.3585115264488486,-0.08562070785817377,-0.09292362119087072,-0.09470432206494395,-0.15142846681858713,142.09242329216994,68.80349911352461,51.89353937743124,44.701682915976264,1,1,0.34375,0.21875
INTC,2022-10-27,amc,2022-10-27,0,0.45448003505977697,0.40214531934250797,0.10658537175389693,0.04263419448889838,0.14815142392139724,0.10841358391319811,160.77547950019832,77.03016480580432,72.65022002625831,55.59689245858589,1,1,0.53125,0.40625
INTC,2023-01-26,amc,2023-01-26,0,0.4690815466282322,0.5187009786949258,-0.06414107549953063,0.0033232362275741334,-0.06720228657374172,-0.16239939049241792,105.23296280830239,58.54169804782416,50.117639528738444,43.87218606709069,1,1,0.6875,1.0
INTC,2023-04-27,amc,2023-04-27,0,0.5148346715987396,0.4302554198974978,0.04018758446939241,0.05049999204839972,-0.029531720111783177,-0.024823980037098292,62.547254122117,44.12012226396124,38.5764037319316,43.355706195534125,0,1,0.875,0.46875
INTC,2023-07-27,amc,2023-07-27,0,0.37344582601352067,0.4049680128798995,0.06599131402985048,0.009261895327852043,0.007374027915021397,-0.03416435025398956,101.44632432571834,58.30127116425462,43.48841755201376,41.40865353523688,1,1,0.375,0.4375
INTC,2023-10-26,amc,2023-10-26,0,0.45632987608471504,0.44273840442740814,0.09286600211802742,0.15928671649519233,0.16618357378452409,0.3599306640908604,140.97135303190288,67.29569953525775,50.4039193800004,47.02069889454509,1,1,0.5625,0.65625
INTC,2024-01-25,amc,2024-01-25,0,0.44957621928440084,0.44615111529835405,-0.11907162441308106,-0.12492421536030496,-0.1397663410641533,-0.12984839327201703,201.25535239036023,91.46084984415019,65.40393756224243,48.92203088294909,1,1,0.5,0.6875
INTC,2024-04-25,amc,2024-04-25,0,0.35169540820541406,0.35112024258760666,-0.0919965286545188,-0.1310167792676581,-0.13949819187033285,-0.12148172219136089,153.20023580854198,72.55513321796943,53.23528660983292,42.99677234254899,1,1,0.1875,0.1875
INTC,2024-08-01,amc,2024-08-01,0,0.46300977841633717,0.4410283425096647,-0.2605851455985698,-0.29018997449413453,-0.2832615924429376,-0.23649517878222803,479.245269493182,227.6507429952182,166.44996101242359,123.10154426766427,1,1,0.625,0.59375
INTC,2024-10-31,amc,2024-10-31,0,0.3599774686553853,0.3660183181395501,0.07806692701856766,0.21886612380500448,0.16310409638562762,0.11198883811095195,119.32796920405909,86.93061654041941,69.73461781543129,53.0514551064711,0,1,0.25,0.3125
INTC,2025-01-30,amc,2025-01-30,0,0.38332770697110663,0.36112489382958357,-0.028985503102038956,-0.03148431089000736,0.20589699574006404,0.13643175967064347,46.69308843351346,26.816236811364263,63.797803394254714,79.1724676207661,0,1,0.40625,0.25
INTC,2025-04-24,amc,2025-04-24,0,0.35265896209717534,0.38516702909181244,-0.06700793622124324,-0.07026525104533621,-0.022801292523823458,-0.06700793622124324,110.10333921204925,52.989345161540044,46.504447335724194,41.49226056596494,0,1,0.21875,0.34375
INTC,2025-07-24,amc,2025-07-24,0,0.4569597972514372,0.4493681395586682,-0.08528495224927657,-0.1250552376781523,-0.12638085766972895,0.09589041788636266,141.50962611235894,66.80842464554566,54.81035362608667,66.20881861260744,1,1,0.59375,0.71875
INTC,2025-10-23,amc,2025-10-23,0,0.4694971063812221,0.43853460069683514,0.0031446261101832906,0.05241090167707729,-0.024108966787841912,-0.09591194607041698,4.984106716974878,46.71230836118884,52.31475236031533,47.01142435649992,0,1,0.71875,0.5
INTC,2026-01-22,amc,2026-01-22,0,,,-0.1702871879964567,-0.10419734681904669,-0.11192927191670698,-0.19679673576521695,296.33840378913106,159.38894730162102,117.99893595312112,88.15491217596399,1,1,,
INTC,2026-04-23,amc,2026-04-23,0,,,0.2359988383395475,0.41479492488736414,0.6415095050970023,0.7945492442123765,336.3481506503648,172.2091948883169,142.6997805861887,117.6598665507964,1,1,,
INTC,2026-07-23,amc,2026-07-23,0,,,-0.04449772088687309,,,,72.2577913503676,,,,0,1,,
INTU,2018-02-22,amc,2018-02-22,0,0.28419036744690346,0.29903286958817354,-0.0018596520073208556,-0.045089789110762,-0.003660408270208415,-0.012957630080548399,2.954854394706797,20.978605356686366,21.03382987214208,22.749568971667628,0,1,0.15625,0.125
INTU,2018-05-22,amc,2018-05-22,0,0.6151761957012949,0.5509474140784673,0.029862748710233866,0.055421712569906134,0.09950697245125228,0.10108153410767784,46.711596117205254,26.88820468691836,21.67341870573004,18.078454911724002,1,1,1.0,0.90625
INTU,2018-08-23,amc,2018-08-23,0,0.17208014935962418,0.23299082201668728,0.01967510824256058,0.029089338723552904,0.037044092431041786,0.03035991874317956,30.92997879647853,25.486220716464995,19.15938998866878,19.990971894107698,0,1,0.03125,0.0625
INTU,2018-11-19,amc,2018-11-19,0,0.5286710815272195,0.5107001560942296,-0.020377777968600963,-0.002459377219162895,0.04221008731076714,-0.036036895761906274,32.68286439118121,26.539018409732623,36.62933839285405,35.3972851106036,0,1,0.84375,0.78125
INTU,2019-02-21,amc,2019-02-21,0,0.17259837376671075,0.21500643265959574,0.0676931821592015,0.05148244643160327,0.044249553245552464,0.07509633603114874,103.97868792346978,48.22345393553558,35.19631915879815,28.878312699250557,1,1,0.0625,0.03125
INTU,2019-05-23,amc,2019-05-23,0,0.37940747419365534,0.3863267549177392,0.06700929224331031,0.014670097984946562,0.06696792618002867,0.08714956916012762,102.96155168540739,50.420372406607726,44.67767182404148,33.80658583806783,1,1,0.34375,0.34375
INTU,2019-08-22,amc,2019-08-22,0,0.46597209313718907,0.47857440049662514,0.0109897618310697,0.040731516279604696,0.043850446398691956,-0.024337025105204968,17.350540582230373,18.198882455185064,20.200432011193627,23.818034317325427,0,1,0.625,0.65625
INTU,2019-11-21,amc,2019-11-21,0,0.40576815573598707,0.4676154179123165,-0.041821931276777136,-0.04521483802871473,-0.05520929598572766,-0.01796073134178866,67.81850545351236,41.57298292543965,30.680329478858333,25.180216989186487,1,1,0.46875,0.5625
INTU,2020-02-24,amc,2020-02-24,0,0.5269736661637554,0.44703037530471545,-0.0056908589364698114,-0.018329065430927938,-0.09213396161856358,-0.18367499988282143,9.05976192943631,51.56171867215529,64.65667578310736,114.9640061696027,0,1,0.8125,0.46875
INTU,2020-05-21,amc,2020-05-21,0,0.34286712764302135,0.38012886233006676,-0.008241561836020983,0.0011030617580400914,-0.006517622261235867,0.014206608339714322,13.13728435914507,22.83763217360528,23.48917445186792,31.052336368399068,0,1,0.21875,0.3125
INTU,2020-08-25,amc,2020-08-25,0,0.2677717677058794,0.31950199958880526,0.017597245031327313,0.03198380516986332,-0.024403836428656844,-0.08272402222094555,27.691818981810947,14.297287105354325,35.03671707138639,36.42211807397568,0,1,0.09375,0.1875
INTU,2020-11-19,amc,2020-11-19,0,0.3099647466514809,0.3126274743100613,-0.03804262369472189,-0.019920606025429333,0.01980953536760599,0.04008938417783958,61.56949572144808,32.041882848028415,27.377691720698376,25.50997645780571,0,1,0.1875,0.15625
INTU,2021-02-23,amc,2021-02-23,0,0.3625429775484928,0.3709555371284453,0.03530530443530289,0.006665045028296124,-0.03635764648479667,-0.054624297428091606,55.078769293422305,59.384519921268556,54.44490467758637,44.48711674666192,1,1,0.28125,0.28125
INTU,2021-05-25,amc,2021-05-25,0,0.46407974180413436,0.44014696496235406,0.008701919255873936,0.014693002291718882,0.06683514617603037,0.09938741439440824,13.754111401355898,24.24576647778127,24.44606049394527,18.987367230480984,0,1,0.59375,0.4375
INTU,2021-08-24,amc,2021-08-24,0,0.3848219151215791,0.4583522544325054,0.0028697517764695313,0.021822454062261354,0.02449361421669205,0.04214644406732093,4.5490654881356045,17.4453485715533,14.966762103367218,19.024289941482166,0,1,0.40625,0.5
INTU,2021-11-18,amc,2021-11-18,0,0.44077633014788586,0.4728495677423691,0.1008047037725075,0.0603714806147313,0.030241481499352574,-0.038652118667921176,152.4610931905564,79.35641144738563,70.84671055536185,55.9876814955572,1,1,0.53125,0.59375
INTU,2022-02-24,amc,2022-02-24,0,0.5484456755698471,0.5228836075005794,-0.020014764823845677,-0.049141914499563843,-0.09003665291618612,-0.07599622387375349,32.09472057015679,41.22439098586311,51.91794080698462,48.15997632756837,0,1,0.875,0.84375
INTU,2022-05-24,amc,2022-05-24,0,0.3796834706831124,0.43345499952191935,0.08212392343787323,0.13761601423578207,0.15458100039958644,0.16338419912878033,125.29067358995916,72.26904669682725,60.52088754218759,59.85662260578325,1,1,0.375,0.40625
INTU,2022-08-23,amc,2022-08-23,0,0.5715834838992124,0.5804362830332382,0.03605743998625299,-0.03639117355244814,-0.03174215153674642,-0.1175594342998979,56.23161249068905,41.78742059438924,36.76614370639003,39.05794232237761,0,1,0.9375,0.96875
INTU,2022-11-29,amc,2022-11-29,0,0.5518978308361603,0.5527372453046497,0.0734241528800299,0.02651990894324019,0.12820301917206534,0.029390795190971764,112.47673289871392,59.54678664638402,53.82506884836532,47.1766861233888,1,1,0.90625,0.9375
INTU,2023-02-23,amc,2023-02-23,0,0.5837129940786495,0.6004093615561665,0.019253182706189254,-0.027945142821991786,-0.017723620030472453,0.04294941343163261,30.27298066942422,23.081446499809953,26.67150568880886,33.451599380686055,0,1,0.96875,1.0
INTU,2023-05-23,amc,2023-05-23,0,0.4858705891685677,0.5191955902197296,-0.07532214985125552,-0.06820792538982234,-0.06100483488347863,0.006425356036554808,124.31306828785056,64.43028502436931,57.756066881417546,42.932334396385926,1,1,0.6875,0.8125
INTU,2023-08-24,amc,2023-08-24,0,0.4430218411943536,0.4609933805888729,0.041223643066704785,0.08688102714509083,0.10443345893917555,0.01967900775668041,64.1276166659402,37.63329110371454,27.819669499651173,25.258422811199377,1,1,0.5625,0.53125
INTU,2023-11-28,amc,2023-11-28,0,0.5164176397213512,0.5049972413124367,0.02151941428419235,0.01187484370920222,0.05151565502473887,0.11140214857410347,33.7986381437459,17.814361740921335,19.271803619170953,19.203683400780374,0,1,0.75,0.75
INTU,2024-02-22,amc,2024-02-22,0,0.2761744528130635,0.298381336463237,0.002872606618773421,0.0075538949856823745,-0.013041198518893848,-0.021552881525522594,4.553584435091769,13.866638998697853,25.657432890392002,25.093356211613276,0,1,0.125,0.09375
INTU,2024-05-23,amc,2024-05-23,0,0.3950291377992456,0.42133862686416945,-0.08345654451687923,-0.12958641713525432,-0.13342190824934919,-0.04800215660665086,138.33966594293727,77.75567363851798,55.79998214466111,43.512520299988566,1,1,0.4375,0.375
INTU,2024-08-22,amc,2024-08-22,0,0.49800528174765546,0.47634570369940665,-0.06830092650863451,-0.06386679818380858,-0.07541071406562383,-0.03505238712202674,112.30483922111323,52.90061757087581,38.525812016771006,32.26008242070197,1,1,0.71875,0.625
INTU,2024-11-21,amc,2024-11-21,0,0.35791661464329194,0.3594471971834282,-0.05684410701976372,-0.05447195522836468,-0.047488083046237306,-0.05952574142421574,92.90348410920672,42.81022738609753,34.47928767592324,33.76475133343464,1,1,0.25,0.25
INTU,2025-02-25,amc,2025-02-25,0,0.4764573732949554,0.49543706248244357,0.12576721809390623,0.07638178927354922,0.055936457076179114,0.10659973308727233,188.0570000379881,91.64525181550916,72.23453781546738,51.872945781699265,1,1,0.65625,0.71875
INTU,2025-05-22,amc,2025-05-22,0,0.5260286774284313,0.5242641809079279,0.08116256787324638,0.13121734155300402,0.15840681802871548,0.13956487632914083,123.8797603762922,63.53554182699963,45.703884694225415,33.38996889725948,1,1,0.78125,0.875
INTU,2025-08-21,amc,2025-08-21,0,0.43724544548670863,0.48601623805247984,-0.050303858516207334,-0.04236407701764966,-0.03574290428467797,0.006205696421711426,81.93340957616331,37.84087534846214,27.71589550088816,25.816150257546628,1,1,0.5,0.6875
INTU,2025-11-20,amc,2025-11-20,0,0.36370493462951375,0.34099945887093663,0.040333173893936314,-0.005271165048384208,0.05677392405227222,0.05925259617370582,62.76942546644841,37.53059242615253,31.76473410851864,28.40758097646882,1,1,0.3125,0.21875
INTU,2026-02-26,amc,2026-02-26,0,,,0.037041671100426,0.1834845878630762,0.10321479702347602,0.05582880505218579,57.73893895227741,58.247812900256136,52.08807604115243,46.28116802342153,0,1,,
INTU,2026-05-20,amc,2026-05-20,0,,,-0.20019271647030423,-0.18474721551925666,-0.21345037690608704,-0.32860162157121486,354.61186202541256,165.72284607883452,135.51272608689882,98.48901919867117,1,1,,
ISRG,2018-01-25,amc,2018-01-25,0,0.4392840173502915,0.4252694308885884,-0.021275565070659197,-0.05311131439881078,-0.15104151136410238,-0.03959445766131109,34.13837068387328,24.46850245276769,40.868418234802114,33.6139924058336,0,1,0.46875,0.3125
ISRG,2018-04-17,amc,2018-04-17,0,0.5432855498789098,0.49913808949915206,0.08170858497458622,0.0023424844021844304,0.0277873966496891,0.05876678703397098,124.68126470475028,62.26353421648807,46.238942039962986,34.74430169430306,1,1,0.875,0.78125
ISRG,2018-07-19,amc,2018-07-19,0,0.3903785123058974,0.40680173150892873,-0.008651662127580173,0.010876859475538403,0.001170116600692328,0.00696344511832625,13.793844104272724,26.111244618641994,27.726229693954142,20.718661789759835,0,1,0.1875,0.25
ISRG,2018-10-18,amc,2018-10-18,0,0.6143777273280211,0.49657070777908013,-0.034521020414477355,-0.05623308934871418,-0.007045909325998245,-0.00717991929427142,55.76865243954791,46.17439454451466,47.82138768533721,44.83229049389521,1,1,1.0,0.75
ISRG,2019-01-24,amc,2019-01-24,0,0.4305058988489339,0.4428506678992575,-0.03931958755844578,-0.023278391218369276,-0.04991418852226659,0.03221294566468469,63.67817953065425,48.218834072804654,36.321386763370654,29.193109237925125,0,1,0.40625,0.4375
ISRG,2019-04-18,amc,2019-04-18,0,0.5332438139256515,0.5008253169550028,-0.07006785141743677,-0.01694885427752779,-0.038101720692389374,-0.08491461293848535,115.31822570218655,56.0249088733231,43.41847010985174,35.44775075535957,1,1,0.84375,0.8125
ISRG,2019-07-18,amc,2019-07-18,0,0.5491890224496971,0.48947389645200345,-0.01457238126426641,-0.009205602625502407,-0.023628958835219538,-0.07673817850437703,23.303144665102273,21.67647945607931,20.235094455862207,29.049557483223232,0,1,0.90625,0.6875
ISRG,2019-10-17,amc,2019-10-17,0,0.48917542090339766,0.5120574448503797,0.0696071455407512,0.035039674726645265,0.04448435825620578,0.075821715655769,106.82182929058115,60.47479783235129,43.77927474183843,32.83903778036596,1,1,0.65625,0.84375
ISRG,2020-01-23,amc,2020-01-23,0,0.49670815132543034,0.5582771254162693,-0.04195124928544203,-0.07180488400342988,-0.054390214129192094,-0.056634149318788074,68.03276607528304,40.59563309089423,32.03840329752736,30.765032407158955,1,1,0.6875,1.0
ISRG,2020-04-16,amc,2020-04-16,0,0.4824158860600482,0.42806020192644284,0.03112997424743047,0.005446279221848371,0.0008620061893693798,0.019532170623417278,48.66372181563337,44.63186568886878,38.89326917326658,36.61147415455718,0,1,0.625,0.34375
ISRG,2020-07-21,amc,2020-07-21,0,0.4996498431845147,0.5235064812765777,0.03523510962193299,0.032728137967739324,0.03851704182909055,0.050535607496877466,54.97113477347967,30.239731769792076,25.630460488750412,20.64054681955678,0,1,0.75,0.90625
ISRG,2020-10-15,amc,2020-10-15,0,0.4016711623351307,0.40397943972436845,0.015762452654510373,-0.010877169095552919,-0.07384617608568445,0.016707138493958773,24.826960987695408,20.490784340133803,32.900437841366596,37.90810420184233,0,1,0.25,0.21875
ISRG,2021-01-21,amc,2021-01-21,0,0.44351165632681466,0.4123064210041199,-0.0683510924266868,-0.04170683545313714,-0.05211159238507557,-0.07170670018797276,112.3903153929328,54.72635716531238,42.75259455336372,33.81198791684662,1,1,0.53125,0.28125
ISRG,2021-04-20,amc,2021-04-20,0,0.3361254135486828,0.3463439342313787,0.09896321275595743,0.06197686005189462,0.0467014783253743,0.007212383926648469,149.8032882251224,73.44204107189478,53.3562265551251,41.218272030707176,1,1,0.09375,0.0625
ISRG,2021-07-20,amc,2021-07-20,0,0.4344951009258245,0.4748477374306219,-0.010585817661620256,0.02097272226090241,0.04665723962543766,0.08829899422845355,16.894041799379213,24.90047198941825,19.282849556429817,22.67621581556069,0,1,0.4375,0.625
ISRG,2021-10-19,intraday,2021-10-18,0,0.40562924029375147,0.3682453748925966,0.012037316120794062,0.03397535046542299,0.06840208191788899,0.08672888469130591,18.994553208678077,12.658487985222436,18.904605771546468,19.21345898606644,0,1,0.3125,0.09375
ISRG,2022-01-20,amc,2022-01-20,0,0.502258144615155,0.45763821502314406,-0.0792539587207367,-0.10234694376469489,-0.024356931695484807,-0.04082264120021972,131.07743560309262,62.691002843234365,55.28213431888879,43.543173380790776,1,1,0.78125,0.5625
ISRG,2022-04-21,amc,2022-04-21,0,0.45362469150611817,0.49032971614841986,-0.1433615437292216,-0.17418614095666707,-0.20568968357322015,-0.25630579530420716,245.64105641109464,119.67943632408095,90.6623306394167,74.41670398032505,1,1,0.5625,0.71875
ISRG,2022-07-21,amc,2022-07-21,0,0.5863752899746265,0.5321545265945058,-0.05739708074075367,0.02576192785821041,0.07879869505613879,0.00013347621489145922,93.83448184639218,58.47272612768132,47.325915395407534,37.01052346811535,0,1,0.96875,0.9375
ISRG,2022-10-18,amc,2022-10-18,0,0.5085355697683305,0.5202109495025952,0.08986736202996015,0.22784287597738206,0.2742476955274096,0.3577660369892337,136.60966906305796,84.91387994674656,60.96871758821357,57.101592729632,1,1,0.8125,0.875
ISRG,2023-01-24,amc,2023-01-24,0,0.40985440474945206,0.3909355196821242,-0.054965529617415965,-0.04763938298139381,-0.019071297070357596,-0.08946436199301855,89.74474522679678,48.87811744073139,44.97735554860871,34.856570107518316,1,1,0.34375,0.15625
ISRG,2023-04-18,amc,2023-04-18,0,0.4187603410707911,0.4621021827923196,0.10877157114416103,0.09540256446028095,0.1186126061578916,0.1446078528592154,163.90859543397758,74.813965271547,53.837969891360245,37.91123161111427,1,1,0.375,0.59375
ISRG,2023-07-20,amc,2023-07-20,0,0.4014428253396344,0.441451955811321,-0.031640107818358354,-0.06932061741257534,-0.10464247972041729,-0.17750098028260408,51.03887849930238,41.70089722519626,34.21848351590757,28.855955218021567,0,1,0.21875,0.40625
ISRG,2023-10-19,amc,2023-10-19,0,0.5791017843107502,0.547309892162523,-0.023916651135383327,-0.05097824764715009,0.016236980227467335,0.11640148162863073,38.42789391662769,42.79522719659739,37.359428833085595,32.89481362622254,0,1,0.9375,0.96875
ISRG,2024-01-23,amc,2024-01-23,0,0.44210372964797323,0.4443968005311671,-0.003607862805735551,0.015831573799401033,0.04921784173569854,0.04757540921334891,5.737661231349445,13.226262009701593,14.11970581206653,15.286263068117714,0,1,0.5,0.46875
ISRG,2024-04-18,amc,2024-04-18,0,0.4699044481971525,0.44557000666534796,-0.01688003773850688,0.0013149510988228474,0.013471778836625425,0.0702842017503198,27.024967595592507,20.97268064841507,17.873485779319047,22.30396917633289,0,1,0.59375,0.5
ISRG,2024-07-18,amc,2024-07-18,0,0.28525091033979555,0.3727292826769243,0.09340605024495319,0.04950251083962853,0.08362567061081205,0.1510068585713369,141.75561027054079,70.41529758312505,53.92542475093457,41.256788050530396,1,1,0.0625,0.125
ISRG,2024-10-17,amc,2024-10-17,0,0.4992735666875897,0.4873751494764115,0.10009923865495396,0.08000336271196917,0.06355937908360954,0.11373561546808864,151.44342842784587,68.17620737327171,49.54348276503003,36.638757787541394,1,1,0.71875,0.65625
ISRG,2025-01-23,amc,2025-01-23,0,0.2599182255072059,0.32875963142212317,-0.04043306022641746,-0.046791282038168736,-0.033121897338473594,-0.02899806814586625,65.5191749198596,33.393177463277674,27.238849752132825,23.168193423426416,1,1,0.03125,0.03125
ISRG,2025-04-22,amc,2025-04-22,0,0.38932823778837583,0.40195846262960383,0.019196228911036117,0.07551076816533464,0.10803365666812348,0.142728868454026,30.18427466924078,33.07761631351783,26.350266654013776,25.766053187250755,0,1,0.15625,0.1875
ISRG,2025-07-22,amc,2025-07-22,0,0.3732106687653265,0.44982148570090497,-0.017710347931445658,-0.02765167296049409,-0.06653620352250489,-0.059784711923617895,28.36624183963808,25.709116234427675,28.0586472057349,21.088321910851143,0,1,0.125,0.53125
ISRG,2025-10-21,amc,2025-10-21,0,0.4019321320032908,0.4317705296042756,0.13893339762992496,0.1786100751141062,0.16441202121154408,0.220210110568682,206.514978449585,98.41137643708383,71.21758712494928,53.47690773467634,1,1,0.28125,0.375
ISRG,2026-01-22,amc,2026-01-22,0,,,-0.003461340280080827,-0.03472739173923789,-0.09412143257861905,-0.06411059434320021,5.504238877306512,22.136339152195372,25.597876197022767,26.7379120584939,0,1,,
ISRG,2026-04-21,amc,2026-04-21,0,,,0.0716390479738429,0.03401361832274574,0.0001994201869897072,-0.00500788788325246,109.83460390167521,53.02207782195437,40.68584365246265,42.05009402328317,1,1,,
ISRG,2026-07-16,amc,2026-07-16,0,,,-0.14145098561851588,-0.17475704000493342,,,242.1045121183492,112.76698782613109,,,1,1,,
KDP,2018-08-08,bmo,2018-08-07,0,0.5865987956792463,0.5550583450168508,-0.007963025149917757,-0.010477608351112777,-0.03604349414706898,-0.03646286697311074,12.69150927420771,10.820319716095936,14.484451393481896,13.646084286042095,0,1,0.9,0.9666666666666667
KDP,2018-11-07,amc,2018-11-07,0,0.5615940840417586,0.5206555516614176,0.030402090631938883,0.004705323895980218,-0.05320307442535199,-0.060803346720247675,47.542730795706426,26.179602692853866,29.08994720800992,26.659317217169683,1,1,0.8666666666666667,0.8333333333333334
KDP,2019-02-28,bmo,2019-02-27,0,0.5315441408178521,0.5223412026924208,-0.06644427987315005,-0.0159613262752214,0.014847917518924447,0.03823307492766159,109.14458878724054,55.975433501949176,41.25630890868088,30.22795660187348,1,1,0.8333333333333334,0.8666666666666667
KDP,2019-05-09,bmo,2019-05-08,0,0.5261964555763238,0.4621390937997372,-0.0285125905685093,0.014771558533693607,0.00034348272848072625,-0.026451459257317622,45.920141559435415,35.46272078552135,32.0894540737717,23.842779891404415,0,1,0.8,0.7
KDP,2019-08-08,bmo,2019-08-07,0,0.21971911973215058,0.2996037494241533,0.0514306261651194,-0.0068813723180277675,0.004346328779160302,-0.027163938730450754,79.61341580715306,46.142740406413104,33.80545479639145,28.281614127292315,1,1,0.03333333333333333,0.2
KDP,2019-11-07,bmo,2019-11-06,0,0.3579319423941912,0.34877285336427544,0.05892771453720247,0.047213241710899245,0.08377694083335685,0.03975848983604169,90.89236182384413,44.57687389736048,33.710676924200904,27.58915991415255,1,1,0.3333333333333333,0.43333333333333335
KDP,2020-02-27,bmo,2020-02-26,0,0.3527299072457616,0.37688029735036144,-0.01705508067516781,-0.03341434642445318,-0.14688458610219612,-0.1371386471964493,27.307635833894743,26.127760781899717,53.95343388449424,106.57606542181554,0,1,0.26666666666666666,0.5666666666666667
KDP,2020-04-27,amc,2020-04-27,0,0.3949496703031536,0.42393652959941885,0.04833727532705101,0.006186998801192445,0.04137662145962051,0.07385927047939878,74.93618860487643,39.05250066700256,32.09297091106457,29.60630260997597,0,1,0.5333333333333333,0.6333333333333333
KDP,2020-07-30,bmo,2020-07-29,0,0.29916635353420584,0.2855783363892854,-0.01567501607538413,-0.04254643166203964,-0.03678816982274902,-0.04254643166203964,25.080402051385846,19.77551604997847,17.53459082637543,16.89417933817076,0,1,0.2,0.16666666666666666
KDP,2020-10-29,bmo,2020-10-28,0,0.4472569738809803,0.3589491646673525,-0.01947356844926651,0.01803099056616908,0.060223470308628846,0.10926785692268348,31.218293617994934,27.79251088825096,34.87962871621131,26.296247974629587,0,1,0.7,0.5
KDP,2021-02-25,bmo,2021-02-24,0,0.5917456885948271,0.5356073747737893,-0.019071596890863685,-0.026700403129234163,0.066751635880679,0.0979022457664731,30.567643840848596,18.49385978064839,25.615193753910653,19.79382249914915,0,1,0.9666666666666667,0.9333333333333333
KDP,2021-04-29,bmo,2021-04-28,0,0.37667966694999694,0.3460950850738796,0.020732761154893753,0.02215324277390507,0.006248567023978691,0.04089739174616991,32.57570083395063,17.628519926918,17.260129011042153,15.725889641635545,0,1,0.43333333333333335,0.4
KDP,2021-07-29,bmo,2021-07-28,0,0.246456649042345,0.34511788404937166,-0.010755811645625224,-0.027172350051514638,-0.018963988534043463,-0.010189677426581167,17.16680953765442,23.012708030554986,17.083266638600218,15.925366938282837,0,1,0.1,0.36666666666666664
KDP,2021-10-28,bmo,2021-10-27,0,0.40073209481511185,0.37608010987192114,0.03771930867325057,0.05526330698775417,0.04883014297128452,0.022807317948540184,58.775893422478134,30.76060178018043,23.665782032874098,19.671618291717643,1,1,0.6,0.5333333333333333
KDP,2022-02-24,bmo,2022-02-23,0,0.39677272787229967,0.5127178945900723,-0.0370467018958307,0.014451246109758342,-0.011297671361149897,-0.02101923373063186,59.92684600770507,43.59248250225957,35.22442236162108,27.13629388095309,1,1,0.5666666666666667,0.8
KDP,2022-04-28,bmo,2022-04-27,0,0.3484193174588556,0.3229516091402903,0.003433856666314572,-0.016904287904242477,-0.011621570695645178,-0.06154238874998841,5.441740725283782,23.88579480673331,18.260144080854783,23.133621395584626,0,1,0.23333333333333334,0.26666666666666666
KDP,2022-07-28,bmo,2022-07-27,0,0.36184281490714676,0.349372267077305,0.037456077061500004,0.05362403410855632,0.06979245027040704,0.06952294988601326,58.37316386597363,29.14159097567182,23.010230154780555,18.63413618649029,1,1,0.4,0.4666666666666667
KDP,2022-10-27,bmo,2022-10-26,0,0.26149673649246086,0.2419453663332764,-0.016769601183847183,-0.04592358546552233,-0.030701663309591565,-0.013157730799369993,26.846654921288522,40.15115511131258,33.04267916112201,26.23711602627582,0,1,0.16666666666666666,0.06666666666666667
KDP,2023-02-23,bmo,2023-02-22,0,0.3824114945994812,0.4141861893932882,0.009222770598651175,-0.044438387710507454,-0.02794863523339486,-0.046674028934182266,14.57359281841005,22.02815909059575,17.059955710820265,15.78534623768349,0,1,0.4666666666666667,0.6
KDP,2023-04-27,bmo,2023-04-26,0,0.40636690881145,0.4705333809907013,-0.05521111764249198,-0.07633792556790175,-0.08197157582921333,-0.11126739491431714,90.15733289561193,44.58527455065214,34.414477171181254,25.466077973274647,1,1,0.6333333333333333,0.7333333333333333
KDP,2023-07-27,bmo,2023-07-26,0,0.24327425701118205,0.23160449901860963,0.03749223551745762,0.05900405652249141,0.03318978179390153,0.027351057178180094,58.42849032303354,27.39526097641613,22.640367607797295,17.55506648376191,1,1,0.06666666666666667,0.03333333333333333
KDP,2023-10-26,bmo,2023-10-25,0,0.419798348934063,0.3325800517806793,0.014089473325754831,0.04673526140116224,0.0670102203223708,0.12096208280356602,22.210245040276018,15.742250238668875,13.831700792263476,13.704276059936202,0,1,0.6666666666666666,0.3
KDP,2024-02-22,bmo,2024-02-21,0,0.25118096916247334,0.24942950784583165,-0.038923978304203466,-0.04968351959114625,-0.07594932103508123,-0.06392400104313212,63.024600107618454,35.23427550532833,27.425726447808135,22.032162318667762,1,1,0.13333333333333333,0.1
KDP,2024-04-25,bmo,2024-04-24,0,0.36105614654308826,0.3016772006198269,0.04638219847861236,0.03092140261478793,0.04205321598081846,0.05071124401402627,71.9729381830434,33.17670778568346,24.701578398955373,19.198095003147472,1,1,0.36666666666666664,0.23333333333333334
KDP,2024-07-25,bmo,2024-07-24,0,0.3919586377260168,0.34368737558199186,0.013426844044410302,0.046078731979921406,0.055233426473133784,0.08849546252565466,21.172629310765878,17.460267265838343,18.878738503088343,14.359606405030448,0,1,0.5,0.3333333333333333
KDP,2024-10-24,bmo,2024-10-23,0,0.5907616639499511,0.4553392491653147,-0.047956527759460466,-0.10108995499912987,-0.10136244649193127,-0.12152577461206582,78.0146039502485,43.986517775829995,31.773521113019974,30.11540640806598,1,1,0.9333333333333333,0.6666666666666666
KDP,2025-02-25,bmo,2025-02-24,0,0.35514420027888555,0.27874650812526486,0.024032760560136035,0.00029302386451490747,-0.04630708502648051,-0.008499332348463784,37.69960491417001,32.785379937044674,28.074268992515062,22.6013151129241,0,1,0.3,0.13333333333333333
KDP,2025-04-24,bmo,2025-04-23,0,0.46737513837713385,0.5006885331238841,-0.020744506673099905,-0.01705031810033919,-0.032679672924561975,-0.06194950790415754,33.27724940324854,18.696672616004236,17.147893007158917,18.43721391345262,0,1,0.7333333333333333,0.7666666666666667
KDP,2025-07-24,bmo,2025-07-23,0,0.5927904836555511,0.5780944185314888,0.002089496162116289,0.009552217865050894,-0.002686612770409158,0.05074620154739473,3.3135117454992855,20.838691183012354,25.219766077978285,19.973996989709885,0,1,1.0,1.0
KDP,2025-10-27,bmo,2025-10-24,0,0.5167278006664562,0.5264211096786146,0.07621496800233785,0.0,-0.04418262976653797,0.007363771627756366,116.59861931893172,70.95068203735663,52.460834949106264,39.46332656018098,1,1,0.7666666666666667,0.9
KDP,2026-02-24,bmo,2026-02-23,0,,,0.042324492025116456,0.0067180793100889424,-0.05307356213196479,-0.11958354326720899,65.80508567006888,36.82143276136624,33.032241823342154,28.00512039745285,1,1,,
KDP,2026-04-23,bmo,2026-04-22,0,,,0.07498115254912507,0.09005274391091267,0.07611149294972153,0.08440089715024235,114.77765887015995,62.37479665870824,45.75902555425597,33.830445634832216,1,1,,
KHC,2018-02-16,bmo,2018-02-15,0,0.3989654705316542,0.3996065706389208,-0.026268792148637865,-0.05074993483066914,-0.07619323552295654,-0.11225410268298652,42.25790934059049,34.4839181923198,29.17093076948803,23.065499157361316,1,1,0.22580645161290322,0.1935483870967742
KHC,2018-05-02,amc,2018-05-02,0,0.18929490206797375,0.22999169782275614,0.013837433823084444,0.07896702865173233,0.09391134292749626,0.07498488261333391,21.815654577052324,41.070748148503036,29.629939574072516,25.777002525893288,0,1,0.03225806451612903,0.03225806451612903
KHC,2018-08-03,bmo,2018-08-02,0,0.3094967338303447,0.3345837440883111,0.0855217130226178,0.010100801712632945,0.021409344313698897,-0.00853699455040946,130.26734327809595,65.38507862516065,48.468525376071966,35.790208116772966,1,1,0.06451612903225806,0.16129032258064516
KHC,2018-11-01,amc,2018-11-01,0,0.3464878132411794,0.2643514465273159,-0.09733080365548108,-0.05142334331986753,-0.0637952259405512,-0.07405929893830443,162.55358133074037,77.61993673394592,55.84250117889552,39.70791695632987,1,1,0.16129032258064516,0.06451612903225806
KHC,2019-06-07,amc,2019-06-07,0,0.3989331305210566,0.4006301233588707,0.054627593438609345,0.054627593438609345,0.09533766633668472,0.061238763473586255,84.43287622284737,38.51966644810491,30.283880848680788,26.508293331217576,1,1,0.1935483870967742,0.22580645161290322
KHC,2019-08-08,bmo,2019-08-07,0,0.34091509371217577,0.31945643275063346,-0.08584391844584038,-0.1733075334661306,-0.16846892075387954,-0.10232791238009464,142.47998574224258,79.45358697984474,57.80271905057091,43.33719387842056,1,1,0.12903225806451613,0.12903225806451613
KHC,2019-10-31,bmo,2019-10-30,0,0.4160757635331068,0.4124079326710497,0.13438594916401336,0.16280706180925986,0.16842111451146535,0.0831867029671105,200.16403590983467,91.63231859858949,65.42076385545715,52.03433851030176,1,1,0.3225806451612903,0.2903225806451613
KHC,2020-02-13,bmo,2020-02-12,0,0.410731225326922,0.4051522161014217,-0.07556605356187318,-0.08721730120887428,-0.16877516009838645,-0.1883418951793544,124.73184787732097,61.593203710602836,49.02530928256697,96.03349859754229,1,1,0.2903225806451613,0.25806451612903225
KHC,2020-04-30,bmo,2020-04-29,0,0.48212936724126126,0.4743375400112032,-0.006550983112795672,-0.03701292767944775,-0.05797590442992995,0.011068056448610752,10.433575821305299,27.88650784141369,27.816187569833474,32.32274605980771,0,1,0.5806451612903226,0.6451612903225806
KHC,2020-07-30,bmo,2020-07-29,0,0.48614453480664405,0.4439229278396157,-0.03317371595437146,-0.022209856413172968,-0.006747139363297183,-0.01157487036628324,53.55494437603588,26.76579790581232,24.451284726473965,19.797841265392517,0,1,0.6129032258064516,0.5161290322580645
KHC,2020-10-29,bmo,2020-10-28,0,0.4055987203005863,0.41817220178785536,0.028062857903021543,0.08898002480788048,0.07289536330052138,0.1373354631738939,43.93478164233925,34.14039192875121,31.91504061307095,29.92836304377013,0,1,0.25806451612903225,0.3225806451612903
KHC,2021-02-11,bmo,2021-02-10,0,0.4581050765787872,0.43099882367337167,0.0486872754027774,0.1496017981743356,0.09973480162676562,0.13602184799458428,75.4660897932071,59.363692486839405,47.060169517087495,37.717690594586664,1,1,0.5161290322580645,0.41935483870967744
KHC,2021-04-29,bmo,2021-04-28,0,0.32531377720808474,0.2833114736385771,0.03900814639780026,0.05857444829876557,0.06979061101947703,0.09239281313498249,60.74626918590552,31.118146621050606,24.39997226790993,19.311551190188805,1,1,0.0967741935483871,0.0967741935483871
KHC,2021-08-04,bmo,2021-08-03,0,0.5348744337606469,0.563438475503738,-0.051361382799219646,-0.037750441286189984,-0.026451130338966733,-0.06255150953447997,83.7020838533833,37.94240041707675,28.589578873286637,23.309485812408262,1,1,0.7419354838709677,0.8387096774193549
KHC,2021-10-27,bmo,2021-10-26,0,0.44984069602885784,0.42938846266380815,-0.0010976622307709016,0.017563325124130946,0.024972628071811442,-0.02339745326182341,1.7434418019564975,21.263253109729625,20.24100857543634,20.3405620855869,0,1,0.41935483870967744,0.3870967741935484
KHC,2022-02-16,bmo,2022-02-15,0,0.49439809719553135,0.4728878820445649,0.05593995957269815,0.15628587495867774,0.12658604264558093,0.10004854638508576,86.40705318529129,58.27492681722452,45.908474476938665,35.805413872174775,1,1,0.6774193548387096,0.6129032258064516
KHC,2022-04-27,bmo,2022-04-26,0,0.5851897992586058,0.5488372267306966,0.013472056204445249,0.0016545708861912534,0.027180272114545767,-0.057433414530695504,21.24344890518802,25.662057546773028,24.476062382224132,41.792504276815414,0,1,0.8387096774193549,0.8064516129032258
KHC,2022-07-27,bmo,2022-07-26,0,0.5285010458592225,0.5751842303218138,-0.059523986205276436,-0.04011394197897744,-0.00621109057634972,0.00698743903807908,97.42048042486279,48.87576786399771,36.733269477635424,26.549206479750314,1,1,0.7096774193548387,0.8709677419354839
KHC,2022-10-26,bmo,2022-10-25,0,0.42570841362966727,0.4382321313909152,-0.004047634466702643,0.03130021880929834,0.028062398781008913,0.060537364231843416,6.438459591799621,28.889892856974274,20.661472022056806,19.409359298933676,0,1,0.3548387096774194,0.4838709677419355
KHC,2023-02-15,bmo,2023-02-14,0,0.48047381297006825,0.5127677752446924,0.006268830466069852,-0.0075225275674228875,-0.03711112450064269,-0.032528972557107405,9.92039759574171,10.29031789318125,13.95850480728008,11.596403933545716,0,1,0.5483870967741935,0.6774193548387096
KHC,2023-05-03,bmo,2023-05-02,0,0.44164386215978874,0.4325634393951307,0.020278692844679647,0.03624826698361816,-0.011406707211936262,-0.03193926330426888,31.869373481679542,20.193622974165525,21.617683612344297,16.824134617528237,1,1,0.3870967741935484,0.45161290322580644
KHC,2023-08-02,bmo,2023-08-01,0,0.4941977458296227,0.42086450934472275,0.012263200866641899,-0.03957636374479567,-0.059085819439630205,-0.06159416730116396,19.348829578184574,21.95317178260579,17.92903462524128,13.597083239567597,0,1,0.6451612903225806,0.3548387096774194
KHC,2023-11-01,bmo,2023-10-31,0,0.4523292280253449,0.4708619522170306,0.02352203837496325,0.05181199746173526,0.0673872192249152,0.12889260654936052,36.907688280884535,33.44270307692303,25.040128592811172,19.540218690095507,0,1,0.4838709677419355,0.5806451612903226
KHC,2024-02-14,bmo,2024-02-13,0,0.62223459317435,0.606486282025914,-0.0545253250968859,0.007196186802298277,-0.01632978749882985,-0.03922531612434177,89.00547027880683,48.6723130065819,35.06322187541776,25.55867539556743,1,1,0.9354838709677419,0.9354838709677419
KHC,2024-05-01,bmo,2024-04-30,0,0.4519476813375275,0.45440897495758714,-0.060347118737892225,-0.072520077364155,-0.06267808572018463,-0.10256400751534933,98.8104728592432,47.15844386983785,34.689595440377424,26.866683426534223,1,1,0.45161290322580644,0.5483870967741935
KHC,2024-07-31,bmo,2024-07-30,0,0.61001946102889,0.5480078366256059,0.04048449335094517,0.028959790097390137,0.02157200063773468,0.04580369922818783,63.000307965444826,36.516033547753885,31.92888198717808,24.500210224074483,1,1,0.9032258064516129,0.7419354838709677
KHC,2024-10-30,bmo,2024-10-29,0,0.6723830222843821,0.6746592350114156,-0.030747235858152644,-0.03706915434916436,-0.08045980091321747,-0.08247133704124543,49.5758509005754,23.185809247914605,21.925193720778186,20.301104924334016,1,1,1.0,1.0
KHC,2025-02-12,bmo,2025-02-11,0,0.6417684548627013,0.626873616813587,-0.03245430580723285,0.007099386027726862,0.035158907932174355,0.03384247486021752,52.37417018214416,32.787239231874985,34.58729523367888,32.846611264163045,1,1,0.967741935483871,0.967741935483871
KHC,2025-04-29,bmo,2025-04-28,0,0.5668357234126957,0.5428639840471469,0.00208267272795859,-0.007636132034165466,-0.022908682932509916,-0.0787920612909846,3.302702428724774,16.31939908080946,15.239986925230884,23.427247584938215,0,1,0.7741935483870968,0.7096774193548387
KHC,2025-07-30,bmo,2025-07-29,0,0.6035976326734592,0.590885574742997,-0.002450923625209045,-0.053221287716926025,-0.042366942861168266,-0.02345944106940423,3.895496371296034,31.359851380459652,24.521007760180765,22.698148921141236,0,1,0.8709677419354839,0.9032258064516129
KHC,2025-10-29,bmo,2025-10-28,0,0.5767186992980994,0.5487210871104016,-0.04467091359865272,-0.05289979299291592,-0.03330725669200685,0.003134620313701042,72.54555605035104,35.508157989856834,29.751314809280156,23.193941847221428,1,1,0.8064516129032258,0.7741935483870968
KHC,2026-02-11,bmo,2026-02-10,0,,,0.0036144705380725117,-0.038152603594773016,-0.01385545717965353,-0.08815982365450159,5.727449474483597,38.54735595339115,29.480526441647747,29.84332474975451,0,1,,
KHC,2026-05-06,bmo,2026-05-05,0,,,0.023513745873963376,0.0368234637419238,0.03283055699696469,-0.003105603707667104,36.894826818142704,33.43512822705436,27.28922710631393,25.071639232476233,0,1,,
KLAC,2018-01-25,amc,2018-01-25,0,0.2683856256407854,0.2745809645760907,0.00309440345115064,-0.017154961918344647,-0.1286587718051736,0.01974435765524185,4.90462865037349,21.40964793232151,48.041551319774264,42.03507738726805,0,1,0.03125,0.03125
KLAC,2018-04-26,amc,2018-04-26,0,0.38387041472740624,0.43282718980968965,0.013388735980124356,0.02142195623870613,0.10145799881578665,0.14149740292094615,21.112935002875926,12.199392182893003,23.86902732769155,25.237298654372537,0,1,0.125,0.125
KLAC,2018-07-30,amc,2018-07-30,0,0.4675044171329631,0.48371372248132083,0.10460971155705945,0.11260583316377915,0.09266235120056865,0.11122036256948586,157.93876537050465,72.29861876134952,53.30533208481526,39.41320254912692,1,1,0.21875,0.21875
KLAC,2018-10-29,amc,2018-10-29,0,0.3310355447268668,0.3550229168558975,0.07600133702529832,0.08669105746846606,0.08410675684544544,0.1692546757087272,116.28347565714141,59.61467897613654,48.68056782121785,42.54827353738115,1,1,0.0625,0.09375
KLAC,2019-01-29,amc,2019-01-29,0,0.4235096028881854,0.3123312740908203,0.04941065037842307,0.05733232556670709,0.06149113469005241,0.1515840744802348,76.56072146460203,34.60549943049027,28.278268971044728,25.671595991710134,0,1,0.1875,0.0625
KLAC,2019-05-06,amc,2019-05-06,0,0.5795760321834779,0.5578787362514901,-0.06139153451491364,-0.12663509642105275,-0.14659429041349048,-0.14093825298147744,100.57589152215726,57.816037490795104,44.498476322552555,34.89750668404607,1,1,0.5625,0.5
KLAC,2019-08-05,amc,2019-08-05,0,0.5873058273811275,0.5241608683074455,0.07259179328240717,0.061204933837883724,0.11610668120528356,0.19793006935146784,111.24530685396866,54.36782161659865,46.22562324468693,35.929269653128046,1,1,0.59375,0.40625
KLAC,2019-10-30,amc,2019-10-30,0,0.6614553779909278,0.6022449573874964,-0.022663983417313682,-0.0025434329553019053,0.019600178021208503,-0.048031170064505524,36.39192697353123,24.0928099775133,19.15406997525232,32.77804985943704,0,1,0.9375,0.71875
KLAC,2020-02-04,amc,2020-02-04,0,0.568995292588519,0.4952432796014897,-0.04205855017733007,-0.03221496191402484,-0.032550386007747734,-0.11933059738812757,68.21056957904206,47.68786292426871,43.09507224236208,48.529396828700605,1,1,0.53125,0.28125
KLAC,2020-05-05,amc,2020-05-05,0,0.47498373768552044,0.46919935483130504,0.052560421518039746,0.06386905279563893,0.1138835954202424,0.20279000318702867,81.31826592625521,51.86027644650568,59.8687376590952,47.98696255277651,0,1,0.28125,0.1875
KLAC,2020-08-03,amc,2020-08-03,0,0.6066964163369291,0.586612068332227,-0.01324346079810379,-0.021959979677754204,0.047736994473113414,0.005755977253586675,21.163794594585863,10.435340105566498,25.12774469898923,27.831592787181304,0,1,0.71875,0.625
KLAC,2020-10-28,amc,2020-10-28,0,0.5973842764533763,0.6138043537225804,0.059827108787541494,0.15733395906969694,0.22545253540180732,0.33883135015733434,92.24008189059033,64.84684415859563,57.19822876142271,43.102526653870676,1,1,0.65625,0.78125
KLAC,2021-02-03,amc,2021-02-03,0,0.3836231090898167,0.4676557187081757,0.02769815708174317,0.03950407571104053,0.13883484832154602,0.03624996378563372,43.37154048008368,43.20687900338125,56.18208668524968,60.7096310623315,0,1,0.09375,0.15625
KLAC,2021-04-29,amc,2021-04-29,0,0.47047619329090784,0.49447787607297283,-0.03373571887170235,-0.03208113351492459,-0.0906974869728383,-0.02606338868824809,54.47797614125024,30.023138171126895,48.48861152235282,41.012096788128105,0,1,0.25,0.25
KLAC,2021-07-29,amc,2021-07-29,0,0.593729961070467,0.5837424718243472,0.08994139263167811,0.10731580765727577,0.028425515876755014,0.07701096139954133,136.71749497826798,62.92581572720889,51.244022218741215,39.723192390791255,1,1,0.625,0.59375
KLAC,2021-10-27,amc,2021-10-27,0,0.6225916593374621,0.5917912156989256,0.04336836689868373,0.15591537914007247,0.1872742179112823,0.17443544200316197,67.39410211654258,50.8753450403115,45.21390786592389,37.705057201622964,1,1,0.8125,0.6875
KLAC,2022-01-27,amc,2022-01-27,0,0.687332940568098,0.7098032195252875,0.013404979483929713,0.032835307006563896,0.07714176943082385,-0.03415871098687784,21.138379884313697,60.82383425233986,50.79278427257623,52.796951432997695,0,1,1.0,1.0
KLAC,2022-04-28,amc,2022-04-28,0,0.5422048456979105,0.5808909446482164,-0.040569779903044,0.0019235261720640384,-0.051568678344987795,0.11945348657205934,65.74537198061154,59.19533792383792,50.554386318558976,58.013967695606375,0,1,0.46875,0.5625
KLAC,2022-07-28,amc,2022-07-28,0,0.6213522548405861,0.6234713519367523,0.036650433113318615,0.0741120257752994,0.007486851486409485,-0.025793308571545603,57.13993868940969,35.88454479898669,53.062688274152215,46.657564259114494,0,1,0.78125,0.8125
KLAC,2022-10-26,amc,2022-10-26,0,0.5333343443974455,0.5478998768679351,0.008191873627308555,0.019647571944290343,0.1015665661966414,0.24452938841758232,12.951220982033623,38.21674672548016,38.50103763485767,46.30363537212292,0,1,0.40625,0.46875
KLAC,2023-01-26,amc,2023-01-26,0,0.6105733775228227,0.6445419505865428,-0.06854652575455333,-0.03381844788758137,-0.058354297294305524,-0.11298951059390061,112.72335215379235,63.71019163277829,50.08875755696114,40.22353780057822,1,1,0.75,0.84375
KLAC,2023-04-26,amc,2023-04-26,0,0.5330448207489251,0.5756073311292386,0.07633764488806927,0.058232740460225196,0.08120686179349468,0.2192619765256747,116.77956125531136,53.65619479454625,45.42052863485567,43.23249406517287,1,1,0.375,0.53125
KLAC,2023-07-27,amc,2023-07-27,0,0.5352528458881237,0.5089791550934163,0.05941753117355675,0.041422186673459205,0.028900116853939783,0.0014326674294689035,91.62648183579346,46.21287359100255,35.83490078727812,35.20413679267938,1,1,0.4375,0.34375
KLAC,2023-10-25,amc,2023-10-25,0,0.6033283459657227,0.5886986243858637,0.007475170773720841,0.04768709396709192,0.12382376304712439,0.22497878974986185,11.82233358982167,19.50528683440179,23.635190991315543,29.588355422698964,0,1,0.6875,0.65625
KLAC,2024-01-25,amc,2024-01-25,0,0.5139013167673933,0.5149154754145814,-0.0659509578228058,-0.0663715896438214,-0.036154627071320666,0.06802337005169345,108.30594828802309,49.16307809926345,38.99826357102138,38.950559986855595,1,1,0.34375,0.375
KLAC,2024-04-25,amc,2024-04-25,0,0.5540889819680453,0.5442692160401166,0.04949859213441665,0.013522664327917377,0.056051860228951256,0.1600341580502216,76.69374599656626,52.29412112807144,41.84426152256428,36.53078224196295,1,1,0.5,0.4375
KLAC,2024-07-24,amc,2024-07-24,0,0.6772776726494165,0.6548864186038402,0.009314924706289807,0.08904819041503487,-0.07680900815299452,0.0584980717045549,14.718539441012146,65.31332516549534,77.12090384426531,66.39185843692972,0,1,0.96875,0.90625
KLAC,2024-10-30,amc,2024-10-30,0,0.48587474803154473,0.6110508924495146,-0.036961727049195314,-0.03200343159087582,-0.06830004189967087,-0.06212048341507703,59.78676918779554,28.67953525707392,32.47097208984859,32.05505124861908,0,1,0.3125,0.75
KLAC,2025-01-30,amc,2025-01-30,0,0.6346697448255402,0.6886226012718708,-0.005643656803654085,0.0261169533937482,0.02943047425046519,-0.06696763952916396,8.984403792558373,13.673349175473357,17.953316225891058,30.93899958598188,0,1,0.84375,0.96875
KLAC,2025-04-30,amc,2025-04-30,0,0.6609484707928168,0.6505651899141682,-0.03754148711736005,-0.011868656441758163,0.14559760070278904,0.07971101963559257,60.742720515113966,41.42663019593424,55.82443700022134,43.52827590221295,0,1,0.90625,0.875
KLAC,2025-07-31,amc,2025-07-31,0,0.6591099933602951,0.6567359100386537,0.0086573544579025,0.03757547603525868,0.08689133381418102,-0.005838481830500952,13.68397572990658,39.650593447687484,32.40308794393629,39.553065611463474,0,1,0.875,0.9375
KLAC,2025-10-29,amc,2025-10-29,0,0.4010485890620739,0.505364412579031,-0.0168949527269191,-0.006622033496400559,-0.029394154923318094,-0.04682165899855162,27.049051116016905,28.477544469964933,27.41356002200408,36.489584753879,0,1,0.15625,0.3125
KLAC,2026-01-29,amc,2026-01-29,0,,,-0.15241182976011602,-0.20993520926297504,-0.13881313932283146,-0.08770971904642089,262.5015120723553,124.42219723964168,98.8576633120822,69.6605609412274,1,1,,
KLAC,2026-04-29,amc,2026-04-29,0,,,-0.03626233244854149,4.399563845924881e-05,0.018444940089380912,0.05943844404503462,58.634321168902225,44.62428114837186,48.1040096666952,50.03875227833051,0,1,,
LIN,2019-05-10,intraday,2019-05-09,0,0.30487529873249297,0.3852571894678696,0.047533564516185844,0.08249171629580698,0.0676665971056074,0.16169980474615242,73.71869810190961,42.250906709568184,33.38385072930019,30.559212408627356,1,1,0.07407407407407407,0.1111111111111111
LIN,2019-08-05,intraday,2019-08-02,0,0.5127714705505239,0.49035590676405727,0.015555622327450003,0.02269447744055575,0.005753258338500267,0.0021149197879628545,24.503690131623557,16.664030844636855,23.53166621817224,19.074476571916346,0,1,0.7407407407407407,0.5925925925925926
LIN,2019-11-12,amc,2019-11-12,0,0.4918330130642028,0.5427905771889432,0.010011480388500082,0.008116244202420075,-0.0030130505893521953,0.024565450059166327,15.813704548275028,10.389989541176405,9.178124660246151,13.814075651049313,0,1,0.6666666666666666,0.8888888888888888
LIN,2020-02-13,bmo,2020-02-12,0,0.49101803722823034,0.42753006937797383,0.018692672621514417,0.018416115723303816,-0.10244025053327166,-0.18355957470187878,29.399765912569258,15.136694507628434,37.864352392226124,71.871520556953,0,1,0.6296296296296297,0.25925925925925924
LIN,2020-05-07,bmo,2020-05-06,0,0.6816429072901771,0.6425419004776878,0.032634853728875646,-0.0009497895252262856,0.09522200853069807,0.2423764566138975,50.97883302175933,35.202719164779516,40.33879706278913,36.68669551187752,0,1,1.0,1.0
LIN,2020-07-30,bmo,2020-07-29,0,0.6560819147854602,0.631785073189604,-0.010992926590013052,0.014547586464269235,0.01601900588500005,0.025417606813585847,17.547356047665478,17.677980393899652,16.114777602814755,14.368789066430685,0,1,0.9629629629629629,0.9629629629629629
LIN,2020-11-05,bmo,2020-11-04,0,0.4907732384301511,0.5997236469423679,0.06149867601093573,0.10340432166823121,0.06379374483527034,0.06913048889978435,94.74184873085512,49.03895473873076,36.91710419224526,30.427195206827463,1,1,0.5925925925925926,0.9259259259259259
LIN,2021-02-05,bmo,2021-02-04,0,0.4848132492322808,0.5067248943895764,0.032867968610071685,0.01577190418601071,0.006822496221025043,0.022437482465608838,51.33715584669065,24.831121942899166,18.52208376426983,26.444399634444842,0,1,0.4444444444444444,0.7777777777777778
LIN,2021-05-06,bmo,2021-05-05,0,0.4457853389409058,0.4584753649469692,0.016425998885828186,0.008127363077622629,0.01529474474800141,0.0319098853697688,25.86362372781887,18.702975397892356,16.838825602081187,12.941724579555569,0,1,0.25925925925925924,0.4074074074074074
LIN,2021-07-30,bmo,2021-07-29,0,0.47814752374804803,0.4754399419443097,0.026515261398854406,0.017966243210897348,0.02407738982628671,0.050392421637271756,41.543308931237156,26.634136247999123,20.933113032200627,15.941600959083202,1,1,0.4074074074074074,0.5185185185185185
LIN,2021-10-28,bmo,2021-10-27,0,0.4493006409599121,0.4278543855885141,-0.003166742055569105,0.029595339649538976,0.055334263985780785,0.0050160745194047784,5.035023692217737,13.649079916192994,14.010057798720304,13.391823931964076,0,1,0.2962962962962963,0.2962962962962963
LIN,2022-02-10,bmo,2022-02-09,0,0.5156219298931711,0.49542447834081915,0.015452996557764775,-0.0010521347991051533,-0.06214037174007525,-0.07319893240047248,24.34326406800148,40.64120583316221,36.04094427686794,46.210424883808585,0,1,0.7777777777777778,0.6666666666666666
LIN,2022-04-28,bmo,2022-04-27,0,0.6225899954770803,0.5008138286233879,0.02654388053764789,0.049504879649004074,-0.021462879258611123,0.043284267637001994,41.587566277229186,27.359036159540846,29.04806744155256,27.918347933815635,0,1,0.9259259259259259,0.7407407407407407
LIN,2022-07-28,bmo,2022-07-27,0,0.5329162580644582,0.4872732648024612,0.022309930910566766,0.03308652149809843,0.06524328706017801,0.022964051727634827,35.026633334163655,21.83871912098473,21.477726703776963,21.24547928208361,0,1,0.8888888888888888,0.5555555555555556
LIN,2022-10-27,bmo,2022-10-26,0,0.3897525748209872,0.3974231921977271,-0.005358906007722153,-0.0016957310872326437,0.066476768560215,0.1681590934123196,8.529875426020638,25.082108210441888,27.478013261629698,25.939635121009726,0,1,0.18518518518518517,0.18518518518518517
LIN,2023-02-07,bmo,2023-02-06,0,0.48665240025447315,0.5191012583226453,0.044167522229460854,0.03469006990416368,0.005265570121451679,0.09923792904462192,68.60952535986729,31.794831105093373,27.077425346819613,28.541668844416545,1,1,0.5185185185185185,0.8518518518518519
LIN,2023-04-27,bmo,2023-04-26,0,0.5049828860564278,0.4730945705769633,0.001753613738300519,-0.004109582590925753,0.010684827539661823,-0.023040955090362858,2.7813375246087255,16.272189725152124,15.533333294493943,18.06507880603318,0,1,0.7037037037037037,0.48148148148148145
LIN,2023-07-27,bmo,2023-07-26,0,0.4864501484225965,0.4356384802511363,-0.009221912752072625,-0.011411394092590954,-0.022281769085892522,-0.026454796518656898,14.707251862662005,14.339414854845211,15.756530392649374,11.913692532462301,0,1,0.48148148148148145,0.3333333333333333
LIN,2023-10-26,bmo,2023-10-25,0,0.5190790770283007,0.45987623813645173,0.016301970864931903,0.06235254685061142,0.07651368752102439,0.13678039957190347,25.669905352796945,22.415941738135125,17.690947577621227,16.157327993902136,0,1,0.8148148148148148,0.4444444444444444
LIN,2024-02-06,bmo,2024-02-05,0,0.5266428922018125,0.49694793214209626,0.03726624244600263,0.04737517888329634,0.08818585694291348,0.15720234586345527,58.082664161304834,28.074354695559872,24.549870297387958,20.155101559030904,1,1,0.8518518518518519,0.7037037037037037
LIN,2024-05-02,bmo,2024-05-01,0,0.27218687656328716,0.30627059782399824,-0.05196326939024287,-0.03368569618167783,-0.02665942572807878,-0.016040770525395542,84.70959984768649,39.38592070650376,28.66484292893517,21.6871126416287,1,1,0.037037037037037035,0.037037037037037035
LIN,2024-08-02,bmo,2024-08-01,0,0.45772018868923536,0.5125769196064154,0.0014558624975000711,-0.012793974559882182,0.006176380073024568,0.05494773919924456,2.3094293687033796,20.201471766439376,15.748068745759811,12.867771572321956,0,1,0.37037037037037035,0.8148148148148148
LIN,2024-10-31,bmo,2024-10-30,0,0.3662239470897163,0.4368239821504124,-0.036438648389287676,-0.02275033584608044,-0.036248488964718106,-0.026214759576947744,58.9247720816393,29.530360660299298,22.365760766241213,17.677260410112414,1,1,0.14814814814814814,0.37037037037037035
LIN,2025-02-06,bmo,2025-02-05,0,0.33603065947090177,0.3942651598729522,0.015384525657629489,0.010711860917893778,0.018073606477232662,0.03321564759462414,24.236220364964836,16.91677741800304,16.702529032824323,16.689592706604987,0,1,0.1111111111111111,0.14814814814814814
LIN,2025-05-01,bmo,2025-04-30,0,0.4573036828249962,0.35244836927430384,-0.011429123783150086,-0.007876930314465236,-0.01601838057656857,0.03166140844275933,18.24764863409457,17.027537762028206,14.488716204514873,15.47969637826013,0,1,0.3333333333333333,0.07407407407407407
LIN,2025-08-01,bmo,2025-07-31,0,0.39561027693129514,0.4243590364047802,-0.0018467919960385437,0.019923420256357627,0.037739590568976356,0.03917352043119893,2.934401856587339,13.450431194824237,11.198957030156322,9.728245607885682,0,1,0.2222222222222222,0.2222222222222222
LIN,2025-10-31,bmo,2025-10-30,0,0.4880053389633677,0.4926293750208658,-0.027005668249391546,-0.033937353298074124,-0.0029539925979508164,-0.05296454513268545,43.459675668577916,24.680188107681957,20.028845078952205,17.223870150075612,1,1,0.5555555555555556,0.6296296296296297
LIN,2026-02-05,bmo,2026-02-04,0,,,-0.02881710194785969,-0.01229578570934442,0.035450963585535344,0.024105829769389242,46.417803803807786,32.7054683165382,26.02459670843022,23.317468687045455,1,1,,
LIN,2026-05-01,bmo,2026-04-30,0,,,0.013529109338827672,-0.014546850037557402,0.020972117081476505,-0.007443068831526123,21.33281150114375,27.104955330323328,24.176325145137405,19.951362265137686,0,1,,
LITE,2018-02-06,bmo,2018-02-05,0,0.4193438698007751,0.41189574628785286,0.212441393800884,0.3356808348348854,0.3791080306185881,0.5328639763080427,305.80018188171425,143.08738264788806,102.25197738111898,72.81120709038146,1,1,0.25,0.21875
LITE,2018-05-02,bmo,2018-05-01,0,0.38440086301893517,0.3934783533498785,0.11111107890938343,0.20702749088856143,0.20702749088856143,0.11585941685344081,167.25458745488834,83.98041400715076,60.93750635310891,47.15891987001419,1,1,0.125,0.125
LITE,2018-08-08,bmo,2018-08-07,0,0.518961393647389,0.5452162037383855,-0.023336188586504658,0.030250649026081655,0.06914434063104391,0.12186695311516038,37.48414064870232,33.510996537500574,29.41796391479049,31.007869259056836,0,1,0.53125,0.65625
LITE,2018-11-01,bmo,2018-10-31,0,0.4913372150133677,0.5109964221868645,0.030558062622459525,0.04153699139407108,-0.28911258207881096,-0.18627630413432206,47.783005076727555,66.33489841387444,208.544309134538,149.35349620680174,0,1,0.375,0.5
LITE,2019-02-05,bmo,2019-02-04,0,0.39555578080881537,0.38658815689669723,-0.048146644219073664,-0.1085817779194499,-0.05539887255867826,-0.05539887255867826,78.33163848691815,80.20761993286035,58.951061281220596,52.784318644286834,0,1,0.1875,0.09375
LITE,2019-05-07,bmo,2019-05-06,0,0.6008462740718354,0.6327141801251035,-0.01840692424417545,-0.09659554266383807,-0.2764294085261809,-0.29858280173640495,29.49235863500645,48.0382621377016,85.60185621156606,68.66347937818995,0,1,0.84375,0.9375
LITE,2019-08-08,bmo,2019-08-07,0,0.4978148698521814,0.5097554609523843,0.1033478966483552,0.053857335039674714,0.08642649343387587,0.049126652254662506,156.12435618073107,80.92974413995213,60.94199285723486,50.06716186635561,1,1,0.4375,0.46875
LITE,2019-10-31,bmo,2019-10-30,0,0.5627752279623891,0.5924716006378938,0.09545452817564049,0.1437062464399772,0.18548945199540334,0.2877622846088239,144.72689029076085,71.99558390580684,51.94058793907145,41.018711685619905,1,1,0.65625,0.78125
LITE,2020-02-04,bmo,2020-02-03,0,0.4432241629542027,0.44545429494138933,0.12043505925081366,0.15229217754891122,0.09660708322382927,0.10321161738814277,180.52022943176362,83.00929285731067,66.4365405988957,61.63259378085224,1,1,0.28125,0.25
LITE,2020-05-05,bmo,2020-05-04,0,0.31100993962240536,0.33477249251886054,0.04723008361754477,0.031401670013575966,-0.09037521741925059,-0.0028081899616095862,73.25873117907742,39.10808527881387,63.888137803629974,53.86519755971166,0,1,0.03125,0.03125
LITE,2020-08-11,bmo,2020-08-10,0,0.5910849670181152,0.5139435925331595,0.02067711615809964,0.02590327761471234,-0.03999087454343464,-0.17496017364024152,32.48915898369603,37.9054798888205,36.97373172500005,54.57874012460074,0,1,0.71875,0.53125
LITE,2020-11-02,bmo,2020-10-30,0,0.5418825140952094,0.5158690340422808,-0.015358619361038883,0.07219737627814737,0.01209336038789699,0.051759567697795994,24.57022145466244,47.90703696791586,46.262502018487815,36.12610168777929,0,1,0.5625,0.5625
LITE,2021-02-02,bmo,2021-02-01,0,0.6200227376689721,0.5782454589935411,-0.07822634534698303,-0.07822634534698303,-0.014536701001068741,-0.09464550085553425,129.3067236467781,59.01856114625995,48.75615913612902,42.435574299452114,1,1,0.875,0.75
LITE,2021-05-12,bmo,2021-05-11,0,0.6899179971406408,0.6140698877190784,-0.16922329716538365,-0.09094230918200519,-0.025444318887516526,-0.010469936897271825,294.30421501203614,138.41653379110477,100.37130247487738,71.12807716162595,1,1,1.0,0.90625
LITE,2021-08-18,bmo,2021-08-17,0,0.5421263147324027,0.573574393457525,0.017821539671569075,0.08113163396742684,0.07976073898636882,0.07764211768189244,28.04167986273429,34.01184907330476,26.862770708644675,25.02503629979178,0,1,0.59375,0.71875
LITE,2021-11-04,bmo,2021-11-03,0,0.600247652866569,0.5968750428199565,0.01762468404937101,0.052067784812574125,0.0536804952559069,-0.010482617881663048,27.734623248175875,45.686493842387364,34.94666885922106,28.2792432738616,0,1,0.8125,0.8125
LITE,2022-02-03,bmo,2022-02-02,0,0.4660018930156272,0.49570219749856576,-0.14442788154947073,-0.03100542197165934,0.0062407617816522265,-0.07548286624609135,247.61833543906081,119.82491550644947,91.1624126238533,71.499056396799,1,1,0.34375,0.34375
LITE,2022-05-04,bmo,2022-05-03,0,0.5950033333541895,0.5077817093310453,0.08960312472657628,0.08753350979830121,0.10214267655212295,0.07170683507931352,136.22474646858242,65.9293189824372,56.54105671922218,45.23929947778893,1,1,0.78125,0.4375
LITE,2022-08-16,bmo,2022-08-15,0,0.6348557709045496,0.5998821265687334,-0.06851027965509648,-0.04802996807694526,-0.10874310031174317,-0.18026825581845418,112.66158011557982,57.40535183166966,44.90416586576673,37.98240644794598,1,1,0.9375,0.84375
LITE,2022-11-08,bmo,2022-11-07,0,0.5444858599826327,0.5699701668997174,-0.16169363025749917,-0.1959363120060419,-0.22080133144755676,-0.2654162719446729,279.9813128865843,136.1595252195479,99.22383131314582,71.49090304983483,1,1,0.625,0.6875
LITE,2023-02-09,bmo,2023-02-08,0,0.36314614436456116,0.4063257573131581,-0.014222641130083313,-0.020271340540909955,-0.05345752396517989,-0.15743007261208175,22.739839211572363,17.030111608684003,22.23685982956325,37.142620613618774,0,1,0.09375,0.1875
LITE,2023-05-09,bmo,2023-05-08,0,0.5918335800239973,0.6091777387350595,-0.03967420620999906,-0.057840895658111346,0.007934873104161522,0.06076424899769606,64.26426786491743,65.49277631388631,55.92366891946292,63.203488909645124,0,1,0.75,0.875
LITE,2023-08-17,bmo,2023-08-16,0,0.6886477815974367,0.6367703912975036,-0.013031416202854862,0.1360820069430584,0.12433239743814695,0.030762627311748503,20.82270316609483,54.49695605247549,44.51307854415458,39.85254529601608,0,1,0.96875,0.96875
LITE,2023-11-08,bmo,2023-11-07,0,0.6214486391245294,0.6430228900786995,0.0202284261033141,0.03664923604832593,0.021894292216156686,0.03641120329912306,31.79116157308367,76.68087768255837,61.442278312963296,52.28800911075496,0,1,0.90625,1.0
LITE,2024-02-08,bmo,2024-02-07,0,0.4566026945293231,0.5266749180680608,-0.22434917935327736,-0.15620214792703957,-0.1471839622001605,-0.18870171969043903,403.2963703250317,199.1853177865609,143.3875609632097,102.27280694368555,1,1,0.3125,0.59375
LITE,2024-05-06,amc,2024-05-06,0,0.33792700130487413,0.4010829098244839,-0.06143729419574495,-0.0024937793885622117,0.0698253904724413,0.02924508949620397,100.65328589349303,52.281516742219495,43.8236209137481,41.687852296454075,0,1,0.0625,0.15625
LITE,2024-08-14,amc,2024-08-14,0,0.4943008284685372,0.5419317694025958,0.14781462162692938,0.2385240698774136,0.24247751398024175,0.2251262963938585,218.84565659019458,107.49691685891518,86.82736868694144,74.59453028041462,1,1,0.40625,0.625
LITE,2024-11-07,amc,2024-11-07,0,0.40259878285173756,0.44908829080242807,0.13864746291548546,0.15602930416896066,0.1625475464409869,0.21944600483498888,206.1163912489179,98.87575299873191,76.85545484872836,65.11044749770878,1,1,0.21875,0.28125
LITE,2025-02-06,amc,2025-02-06,0,0.5087203152230068,0.49836281798736887,-0.07305489130067888,-0.15690084388498293,-0.2084817101172508,-0.3804898998406282,120.42549155285238,67.50371562075371,57.77001363864288,68.15310745662013,0,1,0.46875,0.375
LITE,2025-05-06,amc,2025-05-06,0,0.5662429760482339,0.5048623610892153,0.02825209168822318,0.156628442317299,0.19698855638160606,0.26730831589815685,44.226954125047705,79.53412296242992,61.78672786239963,53.30827894632543,0,1,0.6875,0.40625
LITE,2025-08-12,amc,2025-08-12,0,0.3862388426772895,0.36134080204244257,0.004763493877484315,-0.014206957426118105,0.04145076828242855,0.3779040601435495,7.543858771283815,40.171912679532646,36.107656729915206,54.08237153218144,0,1,0.15625,0.0625
LITE,2025-11-04,amc,2025-11-04,0,0.5119234726480024,0.4493322070081386,0.23566574243899696,0.34035888937467074,0.3136015707900959,0.7405500373814409,335.92028243825587,163.04956526157898,131.03816478978123,131.73413168173954,1,1,0.5,0.3125
LITE,2026-02-03,amc,2026-02-03,0,,,0.06996093315191598,0.28965754311966796,0.36580096858064226,0.49579406617930655,107.3468141530473,105.07777544948816,84.45727991777244,93.65252037807498,0,1,,
LITE,2026-05-05,amc,2026-05-05,0,,,-0.05055498751723775,-0.0022019812246442116,-0.10504139615465502,-0.049750623984688214,82.3532361190453,128.8003383668476,106.12638762061364,103.37542046392203,0,1,,
LRCX,2018-01-24,amc,2018-01-24,0,0.3244638074273308,0.3470405784099936,-0.04996917040043969,-0.0868258316002426,-0.1816622029517797,-0.07929215770338216,81.3740650743078,48.36804278895242,59.06210722753741,54.80983946030782,1,1,0.0625,0.0625
LRCX,2018-04-17,amc,2018-04-17,0,0.5065031154671688,0.4303896594767814,-0.04031460098151096,-0.12485282566672085,-0.10332996264206395,-0.02552624632416256,65.32321504741466,61.03983222260514,47.69556408627581,38.19746180118131,0,1,0.5625,0.25
LRCX,2018-07-26,amc,2018-07-26,0,0.4599694144102148,0.49810908996201136,0.071984905297654,0.05551130002261018,0.04078766099410802,-0.027078872947908117,110.34684998352611,53.765618003217575,42.83495205049132,35.07059387965299,1,1,0.34375,0.5625
LRCX,2018-10-16,amc,2018-10-16,0,0.48184088265157216,0.5008987835875508,0.01314774538602026,0.00770973047750112,-0.04130248027507777,-0.017416026113509564,20.735383733995008,17.816830206719903,37.06091313573066,41.03659552966336,0,1,0.4375,0.59375
LRCX,2019-01-23,amc,2019-01-23,0,0.4050914438487509,0.44743241831381314,0.15696544192003503,0.2267995816647146,0.27108279898430077,0.2862987373541406,231.4512439379955,108.2549643617362,77.85775658094273,54.85156771103836,1,1,0.25,0.34375
LRCX,2019-04-24,amc,2019-04-24,0,0.3731176615188107,0.34746999270529055,0.04932450432747748,0.04359403338796408,0.021848059828094346,-0.05111559618167516,76.43040238540793,36.787003844847206,30.402748128317782,35.345611569767115,0,1,0.15625,0.09375
LRCX,2019-07-31,amc,2019-07-31,0,0.43434518014994766,0.41696760771022445,-0.013661642889111647,-0.05838668638233924,-0.0484634709000108,-0.0045538478763880175,21.836690257646485,40.15797288605,45.6743314219824,39.31445117332804,0,1,0.3125,0.1875
LRCX,2019-10-23,amc,2019-10-23,0,0.5255526683839309,0.5113013097923914,0.13903400565450275,0.190325053504659,0.18153334253425557,0.13174348229225963,206.65520019958285,98.32126404751594,71.90159763218786,53.3708256547219,1,1,0.75,0.75
LRCX,2020-01-29,amc,2020-01-29,0,0.32332708590607784,0.37317747288896513,0.042686245553035906,0.09187821819311481,0.12205745055130102,-0.016062314317153548,66.35593744063966,61.48470933766911,48.78852475444187,48.787049588721345,0,1,0.03125,0.125
LRCX,2020-04-22,amc,2020-04-22,0,0.5451584380346132,0.484779405927226,-0.028773157148596074,0.030208232195532814,-0.10015467236754971,-0.04076833164684879,46.34597528616587,53.17559305160952,74.8755734152121,72.07466256210253,0,1,0.78125,0.4375
LRCX,2020-07-29,amc,2020-07-29,0,0.5134415499309186,0.470579473043711,0.049081658168265596,0.06274484902995958,0.057340255446277855,-0.05370953492799524,76.06297463468543,35.748540395378605,33.602075586022885,30.32292990274549,0,1,0.625,0.375
LRCX,2020-10-21,amc,2020-10-21,0,0.48402910749224626,0.5034676195944041,-0.023484252861523114,-0.07560923435940392,0.03742345420795856,0.19382538613274303,37.72481974988659,26.06251077060751,45.98063707476184,43.314223216021276,0,1,0.5,0.625
LRCX,2021-01-27,amc,2021-01-27,0,0.5253209249107331,0.4939371074354635,-0.01493054317428133,-0.020794297216672142,0.033900401133691416,0.10125457628221124,23.880221808843547,50.566336894876244,46.047879113092144,60.75786705631485,0,1,0.71875,0.53125
LRCX,2021-04-21,amc,2021-04-21,0,0.48095761517557245,0.5050140761552336,-0.041652938685829866,-0.00499017205296437,-0.04717345505507742,-0.02265881335113873,67.53855355731618,38.719302103446616,33.52978488921428,49.17464439065985,0,1,0.40625,0.65625
LRCX,2021-07-28,amc,2021-07-28,0,0.4026471820060712,0.38126858415111714,-0.02420471794555057,0.023275651159944344,-0.04170092947180071,-0.07818899753560937,38.89645982075841,27.71908857936389,28.78352322917775,29.977657137008645,0,1,0.1875,0.15625
LRCX,2021-10-20,amc,2021-10-20,0,0.4836399170411621,0.5094463834228427,-0.017825139842616355,-0.021007972677258624,0.028116677406069268,0.12431457446800964,28.55176467169786,15.962197405076035,18.985408439707314,23.284025891592247,0,1,0.46875,0.71875
LRCX,2022-01-26,amc,2022-01-26,0,0.5570006408953028,0.48484017754145414,-0.06933452069087154,0.025307166418697236,0.01805042220508768,-0.039334771408870206,114.06687884289646,67.92248663481597,59.23297045046109,55.383454302898,1,1,0.875,0.46875
LRCX,2022-04-20,amc,2022-04-20,0,0.35461751428842275,0.41703291779756413,-0.024799918444421754,-0.05124105180526606,0.05082540655016832,-0.019358021452396512,39.86504390565882,40.8520522281365,52.72714749477605,63.62251038839548,0,1,0.125,0.21875
LRCX,2022-07-27,amc,2022-07-27,0,0.6174499423866141,0.5941697218370044,0.03694992361171301,0.12194756993479383,0.058354533419663124,0.022516276058262452,57.598490337542664,45.886397308381035,61.12029845858062,52.95097138875826,0,1,1.0,0.96875
LRCX,2022-10-19,amc,2022-10-19,0,0.5175236756042717,0.5378602396861705,0.07813280713019721,0.1682016623271776,0.19825515427616303,0.3971159762129288,119.42497453562055,62.12504124213714,54.185153473284096,69.63889422407884,1,1,0.6875,0.875
LRCX,2023-01-25,amc,2023-01-25,0,0.56561807203307,0.5666903392533922,0.019144009565625675,0.08570845577286934,0.06042169048275792,-0.02004506657760796,30.102938256993134,58.163637746616835,48.27329634888764,39.898074386935555,0,1,0.90625,0.9375
LRCX,2023-04-19,amc,2023-04-19,0,0.5959462914252716,0.6038611320138343,0.07229836055918204,0.012993551199875109,0.04792081733884079,0.2193800432267432,110.81096292322566,55.354798984153895,45.40771851196065,42.57248103813442,1,1,0.96875,1.0
LRCX,2023-07-26,amc,2023-07-26,0,0.40359852519379313,0.44592297584901,0.09274998389530587,0.06773341558114532,0.0679981669929901,0.021109410900047365,140.80282093818,72.63039063400697,53.70060117764231,45.42794901364503,1,1,0.21875,0.3125
LRCX,2023-10-18,amc,2023-10-18,0,0.5148283294788613,0.47674228602851176,-0.0627334280068289,-0.09171014824239132,-0.05539981099771851,0.09062017628249475,102.84703453554323,52.52618812712978,40.48996652389184,37.66519317153488,1,1,0.65625,0.40625
LRCX,2024-01-24,amc,2024-01-24,0,0.4226485240259558,0.4357891801110781,0.020562147927146723,-0.027105785437705476,0.00044779413156326164,0.09472260742970762,32.31033976140439,29.742287941083458,26.453044132094522,35.120933084945925,0,1,0.28125,0.28125
LRCX,2024-04-24,amc,2024-04-24,0,0.5072278480044655,0.48570622786999945,0.0187369977764138,-0.0189740748567806,0.03208317205267197,0.08276749267262229,29.468837255786784,41.14425251988794,35.004345971023234,33.65815806461468,0,1,0.59375,0.5
LRCX,2024-07-31,amc,2024-07-31,0,0.3409572449635769,0.3101449667229609,-0.0986821204321755,-0.18799659744424158,-0.08239984478387818,-0.13451426427229685,164.93181264960813,97.5685288231026,78.92991559195957,62.28132530923074,1,1,0.09375,0.03125
LRCX,2024-10-23,amc,2024-10-23,0,0.4747673934913128,0.5061962598859054,0.05091964006848948,0.049272610705616504,0.053801861804795514,0.0037057895168901567,78.84174106764007,52.57447395097565,42.80283615227691,44.004142696760624,0,1,0.375,0.6875
LRCX,2025-01-29,amc,2025-01-29,0,0.4963443954554701,0.5316555793694557,0.07425153167238907,0.09035252971911989,0.08542917056425758,0.021157695612529892,113.69984418055455,54.53543808393994,41.367995403812664,46.139205187920325,1,1,0.53125,0.84375
LRCX,2025-04-23,amc,2025-04-23,0,0.5759616875251571,0.5512142620490978,0.062490787111187274,0.07402984751235575,0.12483151722491836,0.23722466932428143,96.22483881947134,44.546215410674215,39.6002503197384,43.335510134559115,0,1,0.9375,0.90625
LRCX,2025-07-30,amc,2025-07-30,0,0.5545537220216239,0.5152789034866253,-0.042890307683898565,-0.03178918212590809,0.07720263125174287,0.05045919006462918,69.58951363130812,38.82100127269765,38.69225584697761,39.779024113273174,1,1,0.84375,0.78125
LRCX,2025-10-22,amc,2025-10-22,0,0.5461163312267961,0.5316325788466932,0.04453096576088855,0.13748679016516152,0.16849559007253534,-0.011752253965335524,69.16197343124266,49.67390236181408,51.410244089273306,55.09224320280526,0,1,0.8125,0.8125
LRCX,2026-01-28,amc,2026-01-28,0,,,0.03585436218480331,-0.12438442356393575,-0.0186159566856251,-0.02374993196155495,55.9204254832558,86.42116819597928,76.13864164559565,57.962135912182156,0,1,,
LRCX,2026-04-22,amc,2026-04-22,0,,,-0.026322716897878462,-0.06326493600019412,0.11907364534673848,0.13816600169951587,42.345824008747215,45.30746121202579,61.82654349806336,57.14567055120477,0,1,,
MAR,2018-02-14,amc,2018-02-14,0,0.42969361948435425,0.4066007045485011,-0.027196320436818522,-0.02969140191136277,-0.05080918804114909,-0.02651691969375003,43.77075725475912,27.68443204845476,29.24871192526676,25.93619060320937,0,1,0.09375,0.03125
MAR,2018-05-08,amc,2018-05-08,0,0.5686553955082931,0.5027856963893339,-0.010121608445101238,-0.0032302756204826144,-0.008087062435423786,0.00386366759514134,16.149422929830067,10.798847410553757,12.057972342033255,18.05058490828368,0,1,0.65625,0.25
MAR,2018-08-06,amc,2018-08-06,0,0.5906324589318925,0.5988237000089585,-0.03751569308492653,-0.06822415725039577,-0.03774755800134588,-0.029851300953669613,60.700177166128334,32.23497121948288,25.88474296010917,20.765661643560783,1,1,0.78125,0.84375
MAR,2018-11-05,amc,2018-11-05,0,0.587060519425458,0.5291375813381082,-0.050795440268534775,-0.04648679427106528,-0.03463704254517208,-0.041040085164058326,82.75531864846116,40.41447594813762,31.92684728707058,39.2096572819832,1,1,0.75,0.5
MAR,2019-02-28,amc,2019-02-28,0,0.5429518134751009,0.48290269240318606,-0.006545890999424042,-0.02434753788183508,-0.04510256814547142,-0.0014369515620927809,10.425439058851218,18.99828171186307,15.389896335943451,18.453796392138347,0,1,0.5625,0.21875
MAR,2019-05-10,bmo,2019-05-09,0,0.4932323953822505,0.5063898919605365,-0.027755097522847993,-0.02184983359569692,-0.08188321205414162,-0.016382926759016425,44.68284876482955,44.39641116001234,37.74644276987591,30.605228672072876,1,1,0.375,0.34375
MAR,2019-08-05,amc,2019-08-05,0,0.5864130891271786,0.5181263616309041,-0.014193604442117924,-0.0025318124917004248,0.0017648187933483328,-0.032120749591993514,22.69308054555024,24.81410940016417,31.169803643250532,24.770321155795042,0,1,0.71875,0.40625
MAR,2019-11-04,amc,2019-11-04,0,0.4405103040652955,0.41402693864088136,0.027120439055876577,0.012215820242795328,0.04240936517118388,0.07371845257259957,42.47890795232114,21.527800479192035,16.82424947726059,18.10422338651082,0,1,0.125,0.0625
MAR,2020-02-26,amc,2020-02-26,0,0.42331280768041707,0.44905885260666983,-0.0005847494633162142,-0.011527804259794383,-0.16372892092295144,-0.3082450337760153,0.9285325014346577,63.19845761637297,84.56411722615576,124.27505667550751,0,1,0.0625,0.125
MAR,2020-05-11,bmo,2020-05-08,0,0.5685643326439813,0.5843823138416654,-0.0557529326326095,-0.08500605281266971,0.04451120086946947,0.23115794993918026,91.06796104536838,71.46866706798184,97.25149591098867,85.64130193378888,0,1,0.625,0.71875
MAR,2020-08-10,bmo,2020-08-07,0,0.5087264036789898,0.5561960592512442,0.03572184100820941,0.023779105030732106,0.015888220557576105,0.10876509186596217,55.71732327924944,26.43275788366757,21.137393435709733,31.528480571138427,0,1,0.4375,0.625
MAR,2020-11-06,bmo,2020-11-05,0,0.5220755406116175,0.5052891384883581,0.02953097009912442,0.14299844899424663,0.20017804258461913,0.31760972753786443,46.200103616338964,95.5637608185119,73.0008726140029,58.41248259569848,0,1,0.5,0.3125
MAR,2021-02-18,bmo,2021-02-17,0,0.4813005444090462,0.5039613067962901,0.004872986522688416,0.19917772320684324,0.11397885665527263,0.1747370233838894,7.7168394945400065,63.716641090442906,52.40652250484834,42.026579910126884,0,1,0.3125,0.28125
MAR,2021-05-10,bmo,2021-05-07,0,0.47712585616848147,0.46658211135773514,-0.041107128014762795,-0.023178538317456643,-0.05235557931023882,-0.006612678662733518,66.63470465713218,49.90109103198882,37.37958156476024,30.61858305007296,1,1,0.28125,0.1875
MAR,2021-08-03,bmo,2021-08-02,0,0.5121811552567335,0.58581240208189,-0.015461891400664007,-0.05356484414925278,-0.0810380138134168,-0.06716336169528314,24.736726622512567,39.52688748415736,31.108978869100355,27.234124720468827,0,1,0.46875,0.75
MAR,2021-11-03,bmo,2021-11-02,0,0.2848421666243566,0.42161087356265964,0.02792722897630484,0.02942660358357374,-0.037923192007675355,-0.055854061003875466,43.72534070379237,29.3587744603148,27.825856646594527,40.49104238968141,0,1,0.03125,0.09375
MAR,2022-02-15,bmo,2022-02-14,0,0.5087156299149772,0.46260463187857503,0.05760823452364794,0.010447701140473997,-0.037471380606230564,0.005603078397299122,88.91308067083162,47.64590638478238,45.14870054772097,49.936024103398864,1,1,0.40625,0.15625
MAR,2022-05-04,bmo,2022-05-03,0,0.45258574496489395,0.5298491423065822,0.04738789474766403,-0.02860626279597811,-0.04551907610467665,0.009829863059167776,73.49793222261818,58.17485407070847,46.307381406550924,51.324871265228644,0,1,0.1875,0.53125
MAR,2022-08-02,bmo,2022-08-01,0,0.547859357299673,0.526674250103724,-0.008334835311340716,-0.008147046660809787,0.022623365717105326,-0.037305358057315496,13.28658887651197,13.163669084035673,15.44004779405625,23.51533669186297,0,1,0.59375,0.46875
MAR,2022-11-03,bmo,2022-11-02,0,0.530959004106907,0.5867021019573191,-0.04255186650738829,-0.022354455374259397,0.05627824836256212,0.08532427868531611,69.0282783317153,35.03193775623007,43.804156550508,34.0840446687477,1,1,0.53125,0.78125
MAR,2023-02-14,bmo,2023-02-13,0,0.6644820436588976,0.590913398649153,0.03957109330538566,-0.02116195848655722,-0.027139114920927132,-0.08985417078226143,61.606135883371174,36.98094958904268,27.17105270529131,27.673830694969826,1,1,1.0,0.8125
MAR,2023-05-02,bmo,2023-05-01,0,0.6505044878968889,0.6227541590914762,0.049782611271481425,0.04590332773970518,0.03150359241261125,-0.010754743599047933,77.12328959899088,35.81608965579941,27.722982368459803,27.32598933598494,1,1,0.96875,0.90625
MAR,2023-08-01,bmo,2023-07-31,0,0.4737027596490833,0.5147093782465891,0.014518652289897238,0.01432049349398068,0.024924517603534202,0.024090570162062397,22.881937602087092,17.384760736243734,14.726825401641062,18.630354988990344,0,1,0.25,0.375
MAR,2023-11-02,bmo,2023-11-01,0,0.46478103490251116,0.5228449849316792,-0.016419456947400657,0.020021154446120848,0.0655191404104587,0.11126681221443224,26.28143867439493,28.002042955693334,25.034719648423508,22.8852115540804,0,1,0.21875,0.4375
MAR,2024-02-13,bmo,2024-02-12,0,0.599962314583824,0.5500401420416262,-0.05585922263752141,-0.023709930389656853,0.002910323940688464,0.012495157359830644,91.24666390300156,43.87031811618612,33.957958605852326,24.578295955462544,1,1,0.8125,0.59375
MAR,2024-05-01,bmo,2024-04-30,0,0.6196242197864208,0.6493961147247113,-0.009613247953245252,-0.0005927656839963547,-0.001101095761596671,-0.027770996375804602,15.33438330442748,11.548829218341547,13.356437031527868,17.223462053120564,0,1,0.84375,1.0
MAR,2024-07-31,bmo,2024-07-30,0,0.636582247090353,0.604774398397697,-0.04803787793746617,-0.09850485389860275,-0.09356279256807742,-0.04524343200700298,78.1502541862912,49.67086571245856,36.61623589827697,28.077562603143274,1,1,0.90625,0.875
MAR,2024-11-04,bmo,2024-11-01,0,0.6425149533841591,0.6435267523163455,-0.01588819865724922,0.07763749440441159,0.06988518007382716,0.0959515189419442,25.42424530927973,47.1156718059622,35.888390928862755,26.808101500623703,0,1,0.9375,0.96875
MAR,2025-02-11,bmo,2025-02-10,0,0.6326809091530466,0.633947734671372,-0.05403181736060314,-0.05265212074753589,-0.08865165495513094,-0.19738674609253626,88.17708758796645,43.65762934271514,35.471854426862976,34.33780232399254,1,1,0.875,0.9375
MAR,2025-05-06,bmo,2025-05-05,0,0.5788454264293178,0.5825584917863216,0.018967157904775878,0.09985036538583247,0.10482462091711398,0.06201691281833255,29.82744463984503,42.5092827176178,30.699955417454134,27.57209712782867,0,1,0.6875,0.6875
MAR,2025-08-05,bmo,2025-08-04,0,0.48924830985988554,0.5605219476724244,0.0022767803571703826,-0.004476571011713615,0.02751514546657785,0.025530046775996906,3.6101685463165585,11.560853970454415,19.29628732348852,22.36384564030434,0,1,0.34375,0.65625
MAR,2025-11-04,bmo,2025-11-03,0,0.4504256624503503,0.5334177096773713,0.03164201218550011,0.10072390099851458,0.0719999059717702,0.16478319277974918,49.45182156647024,43.596073315137275,32.31907049136072,29.240524164054072,1,1,0.15625,0.5625
MAR,2026-02-10,bmo,2026-02-09,0,,,0.08496136278284161,0.08674263376876135,0.03604971685774072,-0.012678871722959006,129.4476838588591,59.63671604891636,44.18687987001603,36.738193093721264,1,1,,
MAR,2026-05-06,bmo,2026-05-05,0,,,0.012806077888733336,-0.012100800877969387,0.011762436965381928,0.08896685241175062,20.199951646403914,17.935255640538163,15.973315080082266,23.165848090637773,0,1,,
MCHP,2018-02-06,amc,2018-02-06,0,0.5255381044614789,0.4957346097747083,-0.0980197667029068,-0.12086584171061687,-0.08052832570629298,0.04174003604282772,163.76566714283425,82.55174703397465,60.4232454191561,46.413664350666544,1,1,0.6875,0.5625
MCHP,2018-05-08,bmo,2018-05-07,0,0.5448620422030117,0.5502140675018812,0.021523662022483236,0.053189087248339595,0.06127065106417029,0.1687435825843273,33.80523915531482,20.8412680726978,15.794043182080806,20.06851539611436,0,1,0.71875,0.71875
MCHP,2018-08-09,amc,2018-08-09,0,0.4137411531753298,0.4653850996042744,-0.10878876471391952,-0.16608901327498893,-0.12268248698605899,-0.1395795725690646,182.8327441244787,86.81881220697551,63.72299846528132,45.93014392133239,1,1,0.15625,0.3125
MCHP,2018-11-07,amc,2018-11-07,0,0.4688259102731969,0.479866946242158,0.05903327179268558,0.024466523777066485,0.04356243304799401,0.027837706138022833,91.05059604012264,55.27201074857484,46.82734085757112,45.47323817440239,1,1,0.34375,0.375
MCHP,2019-02-05,amc,2019-02-05,0,0.5526669217967076,0.43417721167898093,0.07292168271608834,0.09935160470099524,0.08135883848020709,0.018636123245278302,111.73347274151651,56.41079261275598,40.39476179800983,31.865558095635578,1,1,0.8125,0.1875
MCHP,2019-05-07,amc,2019-05-07,0,0.4491044938527729,0.386080814202225,-0.027722081066013704,-0.10079660094113652,-0.1257374427554684,-0.11314917982135264,44.62894145162913,53.90536328861547,47.83428238175452,40.87367731811536,0,1,0.28125,0.09375
MCHP,2019-08-06,amc,2019-08-06,0,0.5030970463577267,0.5556751789935194,0.03950129328953089,0.06254384249459544,0.049291468388920734,0.0485834287567406,61.499545953331705,47.82892131866353,41.42830967197775,37.866283232638196,0,1,0.5625,0.78125
MCHP,2019-11-05,amc,2019-11-05,0,0.629218634701753,0.5485118587610046,-0.04399107651632028,-0.0633872742608298,-0.07378541761507762,-0.029247604969343532,71.41628644856992,35.46168400306266,28.358795379482483,29.846350118778176,1,1,1.0,0.6875
MCHP,2020-02-04,amc,2020-02-04,0,0.46788317048050504,0.41694503195273447,0.06685670968781499,0.07029789137276965,0.07973643966516719,-0.12518571709779225,102.73452965315076,50.229732291829585,40.08239902682704,54.46196025314675,1,1,0.3125,0.15625
MCHP,2020-05-07,amc,2020-05-07,0,0.38610070775404515,0.43604155713473264,0.04912293860555117,0.0035090117595797388,0.02920947077303815,0.2739741052735789,76.12543819305432,46.56103565607941,55.81902121737793,62.91810073609516,0,1,0.125,0.21875
MCHP,2020-08-04,amc,2020-08-04,0,0.4920093656919298,0.49199689875667696,-0.08218418701402075,-0.062243656050874896,0.00027961340727089556,0.07232285558871299,136.1374743903465,61.8503328100785,51.26738519106888,41.359506223337114,1,1,0.46875,0.53125
MCHP,2020-11-05,amc,2020-11-05,0,0.3828796446203091,0.3655259113501669,0.05828695214959101,0.04291305484534336,0.08031774344575382,0.2284155332054878,89.93149677475604,56.740703108377964,47.341076665517285,38.39830102701866,1,1,0.09375,0.0625
MCHP,2021-02-04,intraday,2021-02-03,0,0.49221134943019546,0.4607131356191059,0.027668675439720403,0.08414998239856497,0.11918211286858504,0.04241973297406454,43.326000525771754,39.69440211782886,41.207288048817794,53.157188766855924,0,1,0.5,0.28125
MCHP,2021-05-06,amc,2021-05-06,0,0.5644954794657264,0.5518029362774718,0.022114256274557764,-0.029964015308127645,0.034576731571666075,0.05114090891775547,34.72275915995503,50.67776784943562,44.3796953508126,35.021798514894265,0,1,0.875,0.75
MCHP,2021-08-03,amc,2021-08-03,0,0.4694611926673174,0.4881225631642373,0.004699372704298765,0.025064553823089808,-0.007696533064165956,0.06310262610372508,7.442548905306973,12.339968830977266,18.821787429082185,22.4090382883649,0,1,0.375,0.46875
MCHP,2021-11-04,amc,2021-11-04,0,0.42513883675843733,0.4686593543232635,0.034249797523771885,0.006994661155777182,0.0075243634494197575,0.015264361531760695,53.459517483496,40.376647030652094,30.725528380511964,33.878950141779704,1,1,0.1875,0.34375
MCHP,2022-02-03,amc,2022-02-03,0,0.5833940402296279,0.6452969876040363,-0.013347914929871085,0.010246387967430826,-0.040447782528762244,-0.11861424494011819,21.331844730535053,47.05459031478419,57.34118815021684,47.222365000024325,0,1,0.9375,1.0
MCHP,2022-05-09,amc,2022-05-09,0,0.43450530001670506,0.4851129795884425,0.06126598668855743,0.025190432771517335,0.04619465746670137,0.07601896414661269,94.39382819346658,62.141647197968695,55.39943429188733,46.121327521736426,1,1,0.25,0.40625
MCHP,2022-08-02,amc,2022-08-02,0,0.5593167206850539,0.5998237184324767,0.05702305664258711,-0.01833400047386513,0.06958277760104159,-0.054062124657936916,88.03449619588604,51.42058871942889,44.75839937630369,46.16590884817518,0,1,0.84375,0.9375
MCHP,2022-11-03,amc,2022-11-03,0,0.5467135893418467,0.5856054420875834,0.07399923105376605,0.24318870761947786,0.24100241098143815,0.2936452326524903,113.32696888657739,96.36421472501652,74.26534320919022,59.379108935369075,1,1,0.78125,0.90625
MCHP,2023-02-02,amc,2023-02-02,0,0.5458695449147513,0.5352573699528989,0.009582462705283179,0.004258915939612251,0.0013013899586840072,-0.026165908667710625,15.139267519705415,24.389946780325076,26.40772839078691,25.236317912735867,0,1,0.75,0.65625
MCHP,2023-05-04,amc,2023-05-04,0,0.5230616418240684,0.49841705668183345,-0.011179442362364345,-0.037879742044968356,0.029856655063116744,-0.005129498594283577,17.84675990447258,25.71830801820075,30.867748739496115,38.180813458781074,0,1,0.65625,0.59375
MCHP,2023-08-03,amc,2023-08-03,0,0.5168630484500993,0.584982629092725,-0.06769430084410888,-0.06936980732364317,-0.11639851797167367,-0.07599321494728484,111.27159248647567,51.64974655689966,41.49409217444058,33.82944575616678,1,1,0.625,0.875
MCHP,2023-11-02,amc,2023-11-02,0,0.6021971608033814,0.619415713172564,0.038451100485785705,0.0013584927132157532,0.11630415745001677,0.1539418737597531,59.89495718665512,33.49046262185332,46.83681309768824,35.47866502007953,1,1,0.96875,0.96875
MCHP,2024-02-01,amc,2024-02-01,0,0.42842548293536986,0.5319400248801839,-0.01587863312156823,-0.015178080041846953,-0.0366607577886654,0.020327914703149874,25.408815412673402,25.469607266372325,31.395134249867144,27.54667227403066,0,1,0.21875,0.625
MCHP,2024-05-06,amc,2024-05-06,0,0.3158795722284237,0.3467995184963825,-0.01813139447491985,-0.013011973397896726,0.028796905404088413,0.010494429093786728,29.046829235590348,15.780254477675108,19.986403974025794,24.776277584898757,0,1,0.03125,0.03125
MCHP,2024-08-01,amc,2024-08-01,0,0.5150578774313364,0.43613756000444914,-0.10596186458235668,-0.0840344863603355,-0.03638726904818412,-0.020825786824401726,177.8053584136098,98.986308683865,75.65216675723251,57.3163950072639,1,1,0.59375,0.25
MCHP,2024-11-05,amc,2024-11-05,0,0.49854045586800727,0.5611321210946723,-0.01784529878065111,-0.10374222217385776,-0.13597026484109465,-0.21892088800069043,28.584347108648856,44.65914773365839,43.5877435814472,53.2793465222829,0,1,0.53125,0.8125
MCHP,2025-02-06,amc,2025-02-06,0,0.3202684775031381,0.3911814885400745,-0.022971152206916257,0.02165329736360122,0.1498776373950188,0.013956273045981016,36.89092831108986,25.392437310719163,61.65823591287548,62.7510883703665,0,1,0.0625,0.125
MCHP,2025-05-08,amc,2025-05-08,0,0.4842537605631068,0.4868656802794436,0.1259666637552488,0.23728123486119568,0.1904605715930403,0.3955357918396678,188.33821459479668,111.4959672014726,80.42109051245258,65.96784013301509,1,1,0.40625,0.4375
MCHP,2025-08-07,amc,2025-08-07,0,0.5746346429114044,0.5628050500346444,-0.06569020054743169,-0.003473220699211965,-0.0018122283402974837,-0.007058152483264024,107.86284353172215,65.17375120620507,49.42263072599305,42.076592357374274,1,1,0.90625,0.84375
MCHP,2025-11-06,amc,2025-11-06,0,0.4878003521493487,0.4902554854969977,-0.051727014817839034,-0.07649531459363101,-0.17405215809567554,0.1450291722087056,84.31405000092138,43.32280436981442,42.02768125318995,57.152799876601954,1,1,0.4375,0.5
MCHP,2026-02-05,amc,2026-02-05,0,,,-0.02601223794867047,0.011276315083346367,-0.0039722484208899456,-0.16218953590456164,41.8397102315782,50.995629535062584,38.512380863900276,36.74210007438456,0,1,,
MCHP,2026-05-07,amc,2026-05-07,0,,,-0.024512743735697118,-0.044693901320845386,-0.10307150551680155,-0.09599735140989041,39.397643813678265,21.468372709434064,31.060651160644216,49.68555141963592,0,1,,
MDLZ,2018-01-31,amc,2018-01-31,0,0.45340599036255147,0.4793817027320963,0.033108585614183506,-0.007882653693322195,-0.0324320552355446,0.0004506672861930294,51.70692543909264,36.622691960885376,31.591331607142862,26.716356892642914,1,1,0.59375,0.75
MDLZ,2018-05-01,amc,2018-05-01,0,0.4323699660472968,0.46699073819365744,-0.02821243356930947,-0.010515452925636937,0.010772411511049018,0.007181347817042383,45.429748306598654,32.830220898658766,23.911827347395256,17.626528781887547,0,1,0.53125,0.65625
MDLZ,2018-07-25,amc,2018-07-25,0,0.3556099737768385,0.3368183026444211,0.04265050629488121,0.03204828834571938,0.0214456220950765,0.014216648639343354,66.30152482509791,32.25140085784576,25.914398740683648,19.245667898120452,1,1,0.375,0.21875
MDLZ,2018-10-29,amc,2018-10-29,0,0.3105233605360119,0.39140261498291073,0.05011212690257261,0.06482186714345195,0.10820211519656087,0.10745383409921105,77.62149538289947,38.034169893336475,28.869850507715732,22.100899020586134,1,1,0.21875,0.34375
MDLZ,2019-01-30,amc,2019-01-30,0,0.17789091177135588,0.23564323044723406,0.05592302158884355,0.054553739246913535,0.08673785047625548,0.07806429608874876,86.38158920771852,41.12935383934854,30.176639476138707,23.054677168134543,1,1,0.0625,0.03125
MDLZ,2019-04-30,amc,2019-04-30,0,0.21863030110897957,0.28971253628901306,0.015535883104196957,0.0031467855028974867,0.015142310274308679,0.00786624490276,24.472834756178656,14.524056670944866,14.272114647440649,14.788042613763544,0,1,0.125,0.125
MDLZ,2019-07-30,amc,2019-07-30,0,0.17193425298768455,0.23827351734028407,-0.024083159849956348,-0.036124947191693235,-0.004378650742369428,0.001277106466524458,38.698718061071844,28.277658738165417,25.74245261511757,22.770653036739375,1,1,0.03125,0.0625
MDLZ,2019-10-29,amc,2019-10-29,0,0.5087978298581926,0.48603789890331583,-0.015143128045204679,-0.021389137422653803,-0.014385851752996559,-0.0018928910056505988,24.222841750467165,14.090975002803924,12.380934624752962,11.453261208115299,0,1,0.78125,0.8125
MDLZ,2020-01-29,amc,2020-01-29,0,0.46414728042836123,0.47388712992222554,0.07771235547671451,0.061583277980655104,0.08046167598340515,-0.03225790751367652,118.80577763956836,56.277357786928484,40.18228406521327,34.45582241715469,1,1,0.65625,0.6875
MDLZ,2020-04-28,amc,2020-04-28,0,0.21675380772092537,0.2761714291401514,-0.002345168146597576,-0.016611330829151005,-0.015047914542919094,0.004690336293195152,3.727211197858112,15.252897495121234,13.776976495883217,18.376584845047823,0,1,0.09375,0.09375
MDLZ,2020-07-28,amc,2020-07-28,0,0.5562304448950338,0.48082196152646023,0.019386100044493704,-0.0023335186967365917,-0.009154886614771263,0.047567512577508575,30.479981226446125,19.116840533920588,14.708585776374333,13.95264767293643,0,1,0.9375,0.78125
MDLZ,2020-11-02,amc,2020-11-02,0,0.36267661848646027,0.4182302934690595,0.0014721913531248187,0.029076165935985054,0.07986762245533474,0.06993002552297689,2.3353127294727742,11.618139258997056,16.373706021308465,14.567742563459824,0,1,0.40625,0.4375
MDLZ,2021-01-28,amc,2021-01-28,0,0.4293843154488207,0.43181618109826836,-0.029411846270533837,-0.019607820480407323,-0.025209988874853373,-0.06057419683944765,47.39024323896706,28.27957560083129,21.177499337129117,21.878861093923447,1,1,0.5,0.46875
MDLZ,2021-04-27,amc,2021-04-27,0,0.45637126678903217,0.4434905244915157,0.03678463765892648,0.03440055930390251,0.05500673971936565,0.08361717082063413,57.345436430617916,27.720419187213917,20.56135391848452,15.954962405535172,1,1,0.625,0.5625
MDLZ,2021-07-27,amc,2021-07-27,0,0.3480059744848373,0.3839163344125316,-0.02805452825262955,-0.028361061053508663,-0.0489037663273284,-0.05151006296908833,45.171825109526786,20.375326057370476,19.774908980172444,17.623472676555366,1,1,0.34375,0.3125
MDLZ,2021-11-02,amc,2021-11-02,0,0.3751959260068526,0.35302134906570803,0.015971355362445205,0.014341651141978273,0.01809015429484706,-0.030964874081395144,25.153404115138976,13.202092121335038,11.079067113287845,18.77935348001023,0,1,0.46875,0.25
MDLZ,2022-01-27,amc,2022-01-27,0,0.5394577714065933,0.44088301401119223,-0.015562407445077864,0.006965957660565181,-0.010375023401024697,-0.029494450422667295,24.898805081702815,18.595113919839367,18.12273317181676,20.528853704092658,0,1,0.84375,0.5
MDLZ,2022-04-26,amc,2022-04-26,0,0.4484072327035428,0.4588109129754055,0.0001560162034830448,0.010149880546959533,0.02935652511188791,-0.026077576766759814,0.24764872684224426,32.77380258547259,27.621148574044923,33.701666593637086,0,1,0.5625,0.625
MDLZ,2022-07-26,amc,2022-07-26,0,0.5156852085717574,0.499650873975355,0.010962659140012265,0.028916403448913774,0.01572912975156915,0.026374276768545313,17.307983509378364,13.8848204496966,12.929446674443223,14.206544291648632,0,1,0.8125,0.84375
MDLZ,2022-11-01,amc,2022-11-01,0,0.2822763701993677,0.29575853294652615,0.011475773882827056,0.03313408699889986,0.044933049895132804,0.10053331998734327,18.11349076862885,22.29840021717661,21.698007592917214,18.82537812374957,0,1,0.15625,0.1875
MDLZ,2023-01-31,amc,2023-01-31,0,0.48436943279363964,0.4508519591301442,0.019712646259984146,-0.005501260402911212,0.0033618242297235312,-0.0012226451307855157,30.988417663893536,20.099722383462833,19.124140719956408,17.28074561182141,0,1,0.6875,0.59375
MDLZ,2023-04-27,amc,2023-04-27,0,0.487327652596688,0.5120224509804443,0.03928463286762418,0.0470061846753862,0.0615007810169812,0.017745698513846664,61.168643425939564,28.57050409653043,20.854489350860444,15.879912535537827,1,1,0.71875,0.875
MDLZ,2023-07-27,amc,2023-07-27,0,0.34634079655577377,0.3933255458927495,0.0370371861122627,0.04049215780191906,0.01879494019091288,-0.011884766809823644,57.73207354505065,28.91946161488273,23.460401162221707,19.499068566095485,1,1,0.28125,0.40625
MDLZ,2023-11-01,amc,2023-11-01,0,0.34762079380602884,0.378113416917634,0.017210210404986048,0.032923929210129765,0.04744064040433238,0.05986238713804459,27.087930463701582,17.244878565220183,13.64809388009367,11.898601631905983,0,1,0.3125,0.28125
MDLZ,2024-01-30,amc,2024-01-30,0,0.5061319136919841,0.47919444049173343,-0.014015962204766419,-0.014277902542899956,-0.057112579523180274,-0.04283446156881798,22.407047805541218,21.396699586297167,21.891006852167994,17.20229479531676,0,1,0.75,0.71875
MDLZ,2024-04-30,amc,2024-04-30,0,0.2875833182923787,0.2952936795000539,-0.017375636484712964,-0.014595625526889422,-0.00013915958741961276,-0.05629720989003206,27.825416184837664,17.04174870236308,15.029423808021141,16.4042190972031,0,1,0.1875,0.15625
MDLZ,2024-07-30,amc,2024-07-30,0,0.6004553490752396,0.5652951692830069,0.019388466542499927,0.021028857683443203,0.04906785939068525,0.06263968908502271,30.4836664785418,33.056446967780744,26.79114093950623,20.047222260046535,0,1,0.96875,0.9375
MDLZ,2024-10-29,amc,2024-10-29,0,0.5409350261699283,0.578418211900059,0.009255227141509614,-0.0014463115612977084,-0.03803344334402636,-0.05914696672468245,14.624644318157692,16.646323394750336,24.122155984739475,19.005352561761,0,1,0.875,0.96875
MDLZ,2025-02-04,amc,2025-02-04,0,0.6340887375370589,0.6144169402629454,0.02334281763901136,0.07715601775557879,0.10352813603652455,0.18959360984028462,36.62969816525964,29.596614288720836,22.690738375048618,27.26024201567643,0,1,1.0,1.0
MDLZ,2025-04-29,amc,2025-04-29,0,0.33664515315755195,0.3919905671421768,0.0377758909300856,0.02833197874244875,-0.02300088056480143,0.02772253393419688,58.86244775241559,26.672791413782825,24.288613997811918,20.79400000191112,1,1,0.25,0.375
MDLZ,2025-07-29,amc,2025-07-29,0,0.5536689560104607,0.5415023414407825,-0.06613108951045421,-0.106297451034151,-0.11935150012677953,-0.11404380174732709,108.61211825628578,51.59773119188922,37.009060054686664,28.40786255854998,1,1,0.90625,0.90625
MDLZ,2025-10-28,amc,2025-10-28,0,0.3731924747011541,0.44228271564055904,-0.039196195198031525,-0.06859319527002417,-0.05132035631615872,-0.04982561454379064,63.47429620117837,31.228303692241443,26.34771898093594,22.56481287259737,1,1,0.4375,0.53125
MDLZ,2026-02-03,amc,2026-02-03,0,,,-0.0011770416528298355,0.01984190414427478,0.010257245027046391,-0.02169166219211205,1.8695962099739234,14.12397657104545,26.354288520135476,27.788661389143744,0,1,,
MDLZ,2026-04-28,amc,2026-04-28,0,,,0.04270582080957941,0.04817218322068739,0.0539801727480651,0.06576693250587606,66.38573975637783,30.060554525601802,22.37550109993776,19.109879101606143,1,1,,
MELI,2018-02-22,amc,2018-02-22,0,0.49908239446252783,0.5153993382608284,0.04806497906799723,0.04297700915510827,0.07529095351615367,-0.06703650612631085,74.52380886033387,52.6479744126068,46.73703706716979,43.08771290154455,1,1,0.6875,0.78125
MELI,2018-05-09,amc,2018-05-09,0,0.37938057185326646,0.38258534445873027,-0.026682219239873906,-0.062033115573543074,-0.0630782612513342,-0.11223144090137882,42.932052800671144,52.84259237020167,44.040836170355036,53.05725396757906,0,1,0.15625,0.1875
MELI,2018-08-08,amc,2018-08-08,0,0.5244913633747423,0.4994413764264799,0.11601783474841398,0.0010452512173628747,0.0014516738107377414,-0.052057001588299845,174.24946410681108,93.60407752484599,75.4538685276583,68.87541758765454,1,1,0.8125,0.59375
MELI,2018-11-02,amc,2018-11-02,0,0.4479672985164355,0.4869609943624451,0.009114197170465355,-0.08098425751499316,-0.027596797010708718,0.0012979808574302698,14.402803721345583,65.66317405513962,50.19402769977349,55.7379930283448,0,1,0.4375,0.53125
MELI,2019-02-26,amc,2019-02-26,0,0.2998960987908521,0.3788796438069891,0.20890959019605115,0.26598825780626933,0.30850638383910467,0.3124577532771564,301.1692395492176,137.90554893229364,104.1679144665646,76.19604303436688,1,1,0.125,0.125
MELI,2019-05-02,amc,2019-05-02,0,0.2662763606960549,0.35438214365692494,0.20024877187865475,0.12499224169592571,0.23505747471868443,0.17916453267171328,289.7555589082833,135.6331108185972,101.77135937031969,74.12606646604394,1,1,0.0625,0.09375
MELI,2019-08-07,amc,2019-08-07,0,0.2994136866626166,0.3814336165572937,0.12152426936924199,0.010529097049920999,0.026550900749574335,-0.02567069883634876,182.06269059355196,111.53149627020069,82.99977981917355,60.90082496397613,1,1,0.09375,0.15625
MELI,2019-10-31,amc,2019-10-31,0,0.5125403422493674,0.5103525095363266,-0.06043875278187916,-0.05662300236032558,0.028800348852559665,0.1121337211969593,98.96528707984913,46.69485204063486,42.247375061915484,36.957288826853045,1,1,0.75,0.71875
MELI,2020-02-10,amc,2020-02-10,0,0.5756267081805599,0.5349367431000145,-0.010042060598417724,0.10668008723679678,-0.042887716005652554,-0.1633319857127491,16.021858555052155,57.17062087404512,69.54318480760693,87.68899009885546,0,1,0.96875,0.8125
MELI,2020-05-05,amc,2020-05-05,0,0.5158834117092042,0.5564660641904033,0.19637968557664776,0.22731668737573707,0.2979676277962282,0.3527715832958256,284.6300339981247,131.8894573023452,94.63836305713883,68.90687933309384,1,1,0.78125,0.9375
MELI,2020-08-10,bmo,2020-08-07,0,0.45830724665687866,0.43968321597632487,-0.05834310227111705,-0.0314329758852927,0.00696002311419619,-0.14358815180694162,95.42848999239737,54.09009627730118,42.21073596372023,50.91810638984733,1,1,0.53125,0.40625
MELI,2020-11-04,amc,2020-11-04,0,0.6062494177240879,0.5795168386005437,0.09281070226269272,-0.00851260682277788,0.001824156542153954,0.1836983440173121,140.8910247759483,126.3599110412498,90.05528987136405,67.92960562373077,1,1,1.0,1.0
MELI,2021-03-01,amc,2021-03-01,0,0.4873903422882453,0.4811859127158928,-0.04136509730185345,-0.20063269538923234,-0.0770218999529041,-0.1664935066785701,67.06183124752503,84.75569695768681,81.6802831495023,65.17091599596854,0,1,0.59375,0.5
MELI,2021-05-05,amc,2021-05-05,0,0.39975174076358255,0.49523468258711595,-0.055013309742463545,-0.14899972755225155,-0.13605000532772527,-0.13401805237504893,89.82500739389508,77.13343242541318,56.5792677812282,43.64033357005751,0,1,0.25,0.5625
MELI,2021-08-04,amc,2021-08-04,0,0.5024576799874525,0.5571024804599591,0.13764967219844748,0.20227385113953034,0.13638853814191876,0.23014646882464174,204.72470671382362,104.11658768245084,76.7704070288709,55.808469630859015,1,1,0.71875,0.96875
MELI,2021-11-04,amc,2021-11-04,0,0.5644369089930901,0.5508137309467291,0.04707387775761873,0.013228460156825106,-0.07092240575977948,-0.285482064371662,73.02192781122623,66.31550327000008,61.055050761847404,65.8895021129274,0,1,0.9375,0.875
MELI,2022-02-22,amc,2022-02-22,0,0.5431666037031468,0.5517148797353946,0.03684141926917017,0.26655107571491476,0.030320145506560925,0.36558688439122067,57.432374007014495,100.83771907975769,93.89016381420305,94.83136763421783,0,1,0.875,0.90625
MELI,2022-05-05,amc,2022-05-05,0,0.4517024872566098,0.5039129154282052,0.01569174738788348,-0.2083725544031103,-0.1222596602798145,-0.1196097150445028,24.71645775196379,166.91714197139225,145.48712401477536,119.25260113363055,0,1,0.46875,0.625
MELI,2022-08-03,amc,2022-08-03,0,0.5508521878920113,0.5357866825904163,0.16159480252622394,0.1945962781345647,0.12014101932212462,-0.036009762665341394,237.7904295764088,118.37079850266032,93.28988870069041,73.16518026675854,1,1,0.90625,0.84375
MELI,2022-11-03,amc,2022-11-03,0,0.39950795196023564,0.4303020998366726,0.07772598068836678,0.0742352839100513,0.06458983979953592,0.012653889708643451,118.82584720276894,68.0427103596981,70.21852537130846,60.45121480007795,0,1,0.21875,0.375
MELI,2023-02-23,amc,2023-02-23,0,0.4941752812179403,0.4564140220619503,0.018147250576424634,0.07239541043303332,0.05767168494330077,0.044901711837745495,28.54959534652533,31.124074628055205,33.25552100299888,35.12178102119925,0,1,0.65625,0.4375
MELI,2023-05-03,amc,2023-05-03,0,0.4526261613962608,0.4588432858953896,-0.052039458011203465,0.006976659020046183,0.031375272061568094,-0.007281264978764357,84.83717986912454,56.685530225129035,45.52676087154681,38.815946623377926,1,1,0.5,0.46875
MELI,2023-08-02,amc,2023-08-02,0,0.5419206829849914,0.5088922249180114,0.13590192288425507,0.12693054502330936,0.07093850383834877,0.17818349457625993,202.2840613586143,99.24883189744217,80.9333758317501,63.34818930008343,1,1,0.84375,0.65625
MELI,2023-11-01,amc,2023-11-01,0,0.43543604943620184,0.4223867176411714,0.01499218474316888,0.05179187510012029,0.10964533964488332,0.27076714591102347,23.62271657736434,38.98046521857896,37.006558228919374,33.4584642102491,0,1,0.375,0.28125
MELI,2024-02-22,amc,2024-02-22,0,0.42320924393778236,0.3427130386691723,-0.10377453888741017,-0.12248755983727,-0.15843960998307116,-0.13530951543864012,173.92629431424746,79.54428692283936,59.894600702869404,45.312228177886155,1,1,0.34375,0.0625
MELI,2024-05-02,amc,2024-05-02,0,0.24909178388996128,0.33714882799111856,0.08271639862625402,0.12577111096881177,0.15482176886408205,0.12427043049930009,126.15958315132958,60.99167068955682,45.04100771782306,34.79513520672282,1,1,0.03125,0.03125
MELI,2024-08-01,amc,2024-08-01,0,0.4889070270389044,0.5094559438831789,0.10589887666069453,0.16396644970480767,0.24306680234256794,0.2836754771889063,159.7903631437935,75.29662240333448,59.54055296508001,44.221602809039695,1,1,0.625,0.6875
MELI,2024-11-06,amc,2024-11-06,0,0.45955132443320323,0.5124569981202287,-0.16211684318903252,-0.08801307956299831,-0.08786663900823533,-0.08034760836629884,280.7829283420109,136.50472495391662,98.14469370292935,73.16792739847018,1,1,0.5625,0.75
MELI,2025-02-20,amc,2025-02-20,0,0.4007721716971317,0.39332762584957626,0.07085153135207012,0.009159134407659808,-0.030903055531937396,-0.007202164154371249,108.66760326317497,58.262223135780566,47.823477556815334,44.82706489281419,1,1,0.28125,0.25
MELI,2025-05-07,amc,2025-05-07,0,0.4405898257931441,0.4286247912666334,0.06538639327459306,0.13346502587388231,0.15025037447975143,0.09738772379880212,100.54523396404211,50.979775635761584,36.60454824989743,32.893619392167686,1,1,0.40625,0.34375
MELI,2025-08-04,amc,2025-08-04,0,0.3941977735535909,0.4258118907214444,0.005087982456497997,-0.043321118642824286,-0.013281437882388447,-0.009478953096403675,8.056443567275522,34.26801688946238,32.42271245557929,30.892255550473397,0,1,0.1875,0.3125
MELI,2025-10-29,amc,2025-10-29,0,0.411445456046612,0.3909920171251663,0.028241441381662957,0.0025958923395867917,-0.08363096985055862,-0.09762530933355795,44.21051173195827,22.739625304855704,42.99853771547904,48.08275672773704,0,1,0.3125,0.21875
MELI,2026-02-24,amc,2026-02-24,0,,,-0.08054369847333387,-0.1084751802139634,-0.09386967755142162,-0.1472464210546901,133.30262429287077,66.59649199483168,50.71624952655671,45.20310002021332,1,1,,
MELI,2026-05-07,amc,2026-05-07,0,,,-0.12699931497379546,-0.14044845389964256,-0.10273206258165446,-0.13797788149999723,215.60588070225424,104.804343910541,79.982695284169,58.67368452729763,1,1,,
META,2018-01-31,amc,2018-01-31,0,0.2742992196709668,0.29162260289110664,0.033174669613937446,-0.03590343191008749,-0.039434819800876375,-0.05495205578400253,51.80846533897328,49.77073892026038,49.29267847263146,37.2642216835729,1,1,0.03125,0.03125
META,2018-04-25,amc,2018-04-25,0,0.3828575573257731,0.35599696804762104,0.09061307213508085,0.10257363792325336,0.14384112264662186,0.16431818037230705,137.69546476255604,63.07787374480818,46.997874369470026,34.168089387429255,1,1,0.40625,0.25
META,2018-07-25,amc,2018-07-25,0,0.33003312403100826,0.3376246170482894,-0.1896092539587414,-0.21080458904588506,-0.1485977066094003,-0.2050575244324202,333.74366131359136,150.36263308746126,109.65128352455567,76.74080524656067,1,1,0.21875,0.125
META,2018-10-30,amc,2018-10-30,0,0.32196552824819047,0.35207759903705727,0.03809309256357474,0.025441258288150026,-0.0277663879956902,-0.05156604386343977,59.347586256365695,29.095214542311336,29.136972285045594,35.58357700775453,1,1,0.1875,0.21875
META,2019-01-30,amc,2019-01-30,0,0.3416434560890115,0.33815455605539874,0.10816372141457231,0.13342622352261202,0.09074578760456276,0.0788456988622317,163.0380859889679,75.03476409808596,54.8526794517625,39.268648028114015,1,1,0.25,0.15625
META,2019-04-24,amc,2019-04-24,0,0.5708792610229821,0.5534415211632377,0.05849486076729038,0.05723522878958387,0.03812011751394295,-0.009365757046743473,90.24333307055447,42.953711329237024,33.39098995270632,30.50710509190935,1,1,0.96875,0.96875
META,2019-07-24,amc,2019-07-24,0,0.2976955171880023,0.32765097335572246,-0.019300248746995208,-0.05096263575393778,-0.09532877165555331,-0.11052472882681563,30.937717618307868,22.576883612006778,28.56816944090244,30.010218379635074,0,1,0.0625,0.09375
META,2019-10-30,amc,2019-10-30,0,0.577965084374629,0.5745205759869157,0.01806094904918787,0.017530030852618728,0.02624165191848471,0.07112881074651045,28.415032066200897,18.34099754446378,19.004665367497697,16.04480676682602,0,1,1.0,1.0
META,2020-01-29,amc,2020-01-29,0,0.38973984630251657,0.3762477790158381,-0.06137171818166143,-0.05877356961850744,-0.055861814546018684,-0.13779516971504424,100.54237688543859,56.14278194023474,43.181631439256954,38.9603329323679,1,1,0.46875,0.28125
META,2020-04-29,amc,2020-04-29,0,0.49726949092048656,0.5099411861456394,0.05417390734317351,0.07353636741161718,0.05618236525128428,0.15912261033895292,83.74983008509524,40.56509839828871,32.82339515551541,33.60894495948742,0,1,0.84375,0.90625
META,2020-07-30,amc,2020-07-30,0,0.47584577583305754,0.41283014603161206,0.0817484891111635,0.13125798767395658,0.11428562051303603,0.25228164398883846,124.7398245474825,71.87776263023869,54.42077149320077,50.643114515296325,1,1,0.6875,0.5
META,2020-10-29,amc,2020-10-29,0,0.39134847916858934,0.4276372990584136,-0.0630987430458958,0.04931819111126545,-0.020475040316785598,-0.01374492429455354,103.46589016258494,76.25322658249296,61.375115443917295,44.65504267183828,1,1,0.5,0.59375
META,2021-01-27,amc,2021-01-27,0,0.3811961247323491,0.4025868074239226,-0.02623673663499304,-0.020173742629547076,-0.0009923237446035627,-0.05335510517873765,42.205650860674105,31.161698336904763,23.49360432836605,25.68030018885991,0,1,0.34375,0.40625
META,2021-04-28,amc,2021-04-28,0,0.5020395441778153,0.48498594134518197,0.07297282639695668,0.025789505499148824,-0.014816269496733647,0.08352312421300567,111.80914102445962,52.593615319613896,43.990622076037816,35.85960353706986,1,1,0.875,0.78125
META,2021-07-28,amc,2021-07-28,0,0.5462176692662595,0.5392437566780698,-0.04007723773092686,-0.03846991899984509,-0.035683811894636985,-0.023842815460939804,64.93063234394567,34.25211757387682,25.078035150437877,21.044113798515937,1,1,0.90625,0.9375
META,2021-10-25,amc,2021-10-25,0,0.38973888155326347,0.44445830852907314,-0.03918596989441081,0.0039246943476740626,0.030210770969269163,0.026042650599362727,63.45740193013084,37.35026529380709,29.163311667382995,28.657558304429465,1,1,0.4375,0.65625
META,2022-02-02,amc,2022-02-02,0,0.3088457848329177,0.4171734143411453,-0.26390111256937476,-0.2817338182774761,-0.3295976526721013,-0.3806193426757517,486.3803345066559,224.33211374766776,160.56497144303518,114.74161137093502,1,1,0.09375,0.53125
META,2022-04-27,amc,2022-04-27,0,0.3956967022156192,0.39879529644559036,0.17593580130557562,0.27699359670672696,0.07882250072454755,0.09534139254251861,257.26903267302464,127.73056634315321,102.11459919083757,80.88458176122771,1,1,0.53125,0.34375
META,2022-07-27,amc,2022-07-27,0,0.4111137753287289,0.4074810651801578,-0.05224678560568585,-0.004599681397132627,0.05165714337582883,-0.00471777322918987,85.18440777012663,53.846158077570806,50.02947878704466,42.17253624039329,0,1,0.59375,0.46875
META,2022-10-26,amc,2022-10-26,0,0.45796287941010255,0.433560705880834,-0.24557092857781437,-0.30257284301233767,-0.21837940141492196,-0.14181180252559278,447.33412694963295,208.80338528700108,153.77542849024312,112.93343852329801,1,1,0.625,0.625
META,2023-02-01,amc,2023-02-01,0,0.483727512121966,0.5068094289733364,0.23282425481899205,0.19794951825159157,0.15700130565258696,0.2098356011691762,332.2656403251358,153.47231470164365,111.32998849099103,81.0721333703149,1,1,0.75,0.875
META,2023-04-26,amc,2023-04-26,0,0.47863247839371476,0.46241594444062156,0.13925516998039145,0.13194852164197068,0.11308508116313298,0.20673357211509313,206.96340294045132,94.03417837673474,66.94319774536136,48.33507000084476,1,1,0.71875,0.6875
META,2023-07-26,amc,2023-07-26,0,0.5523099400032838,0.4958077428777468,0.04400985154831116,0.05271801231835349,0.022239501178238807,-0.039588698064232264,68.3698000851487,50.39973277517979,39.50865478638293,35.15138055735187,0,1,0.9375,0.8125
META,2023-10-25,amc,2023-10-25,0,0.4698882427442349,0.48470969757922067,-0.03732512823295775,0.0411313648574787,0.06760594880055182,0.12920268320513628,60.38590463375645,44.17432574642153,32.29226147315074,26.71321384617468,0,1,0.65625,0.75
META,2024-02-01,amc,2024-02-01,0,0.4953308223578949,0.5031428020399016,0.20317640813875038,0.19053645167118827,0.2260753094640553,0.26328219327251334,293.62294019508425,135.568345733232,98.03952174257812,70.2854592034802,1,1,0.8125,0.84375
META,2024-04-24,amc,2024-04-24,0,0.49489761434351714,0.4773860866060621,-0.10561290150508085,-0.11005048592767708,-0.04235038739362351,-0.056170143608460066,177.18586176588317,82.58842327693104,61.69658027507784,44.39308677869156,1,1,0.78125,0.71875
META,2024-07-31,amc,2024-07-31,0,0.3506621051561766,0.4007069296456042,0.04824877648575132,0.029673746787547195,0.10936535131875558,0.09138001537318807,74.80217306547115,49.2232595211669,43.13838642416907,32.348531827065806,1,1,0.28125,0.375
META,2024-10-30,amc,2024-10-30,0,0.3823109705440949,0.4059194736790698,-0.04092593966030067,-0.033372871044651364,-0.019939142697253276,-0.029537107965958542,66.33477498490676,34.11605705470806,30.34149966471478,27.026363217764782,1,1,0.375,0.4375
META,2025-01-29,amc,2025-01-29,0,0.3968016749329014,0.42263140323369497,0.015536084637202352,0.04195184411272801,0.07227018927567785,-0.012254401946559912,24.473149785613117,15.610207330991113,13.12942655391098,23.205993227314732,0,1,0.5625,0.5625
META,2025-04-30,amc,2025-04-30,0,0.37571259377929656,0.39317138122997475,0.04227687126215551,0.0870855169576199,0.20102005472097617,0.17939889528861785,65.73255802140785,45.97663617168322,52.11986220894062,38.323110134645525,0,1,0.3125,0.3125
META,2025-07-30,amc,2025-07-30,0,0.3207295968490419,0.34460555210206434,0.11252713022888616,0.11044144640178355,0.12207825678794126,0.08040729981412142,169.2764200315164,83.74441616885875,62.149417815200756,45.20370025443224,1,1,0.15625,0.1875
META,2025-10-29,amc,2025-10-29,0,0.31781292192819616,0.3206994255897485,-0.11334755956283815,-0.15395052222452166,-0.18979072104872474,-0.1379860680426468,190.97383888779981,89.69518945873659,67.13456646475649,50.42275116767363,1,1,0.125,0.0625
META,2026-01-28,amc,2026-01-28,0,,,0.10404808940544918,0.0003889562750607478,-5.970579398562048e-05,-0.030729831556514542,157.13144470254574,79.2304015339105,57.86674416653012,44.0912853015083,1,1,,
META,2026-04-29,amc,2026-04-29,0,,,-0.08550038433407037,-0.08405069758528272,-0.07844633168902204,-0.05471366860679516,141.88354377319394,64.56965163457373,48.449853934423075,36.380788551980494,1,1,,
MNST,2018-02-28,amc,2018-02-28,0,0.24735527453141976,0.20410510495185644,-0.14439005626332424,-0.12340223807214812,-0.07322075852701038,-0.09720687945779172,247.5481549695647,112.59006721498876,81.23938245947268,58.00935239799817,1,1,0.09375,0.0625
MNST,2018-05-08,amc,2018-05-08,0,0.315409832101836,0.3098727273994644,-0.0747927860541342,-0.09193671627306099,-0.06405428426134152,-0.0047098717290121606,123.40453724945677,59.12972134823568,43.40991510521159,38.09845062498107,1,1,0.3125,0.1875
MNST,2018-08-08,amc,2018-08-08,0,0.3520832995310389,0.3363531432723856,0.02659929252138249,0.032659908701581086,0.027104322462902175,0.015824892299025395,41.67325323598012,25.20705837995532,19.837195872768877,16.10434320004814,0,1,0.375,0.28125
MNST,2018-11-07,amc,2018-11-07,0,0.2696536598830624,0.34299671100162427,-0.03165803009469337,-0.02539792832804022,0.002146287465788932,0.018601339981500375,51.06825909961501,53.60653064319578,42.05103540463878,35.2973056262972,1,1,0.125,0.3125
MNST,2019-02-27,amc,2019-02-27,0,0.43706970834260117,0.39267309157981306,0.08665304744881897,0.051072521523263026,0.017534878274858112,-0.07286350820046239,131.92092835780323,66.36926710821578,48.67696187505625,42.532370972248486,1,1,0.6875,0.5625
MNST,2019-05-02,amc,2019-05-02,0,0.30119249168065254,0.27737067829146744,0.08829106369531203,0.06777024274406651,0.10243142705261654,0.0831177712590756,134.31204329020792,61.505685557867395,45.543626609356316,33.191044206617605,1,1,0.25,0.15625
MNST,2019-08-07,amc,2019-08-07,0,0.2696968037644748,0.2665978327759148,0.029640684444752097,-0.07087264153923001,-0.03907932826964222,-0.053320106859531924,46.369264962409424,60.91307127332139,44.12571778122404,35.983141162269085,1,1,0.15625,0.09375
MNST,2019-11-07,amc,2019-11-07,0,0.40716829003754657,0.39344348322907824,0.026836166563262154,0.040430807560104975,0.031073484378464356,0.06797320498421455,42.039494000081284,20.51073428057155,16.69806037955507,16.739288503067385,0,1,0.5625,0.59375
MNST,2020-02-27,amc,2020-02-27,0,0.18719887481183362,0.16457366191302872,-0.02086604637639977,0.05318474248011218,-0.09962350363356787,-0.11531223870835572,33.474287125401865,56.99057445228114,80.5460811265031,83.15524549064051,1,1,0.03125,0.03125
MNST,2020-05-07,amc,2020-05-07,0,0.3839478844094699,0.33492341480671467,0.05942983761701903,0.04670635696657777,0.10098245196255395,0.13383799891881076,91.64492193076418,43.064900064649464,36.881346765800146,30.686744938900713,0,1,0.46875,0.25
MNST,2020-08-04,amc,2020-08-04,0,0.3139297150468573,0.3506732997912517,0.06524799639156353,0.03320082382984246,0.06370979470073479,0.10921672105825309,100.33900595776623,47.825790442730145,37.01467601797966,27.871986154732177,1,1,0.28125,0.375
MNST,2020-11-05,amc,2020-11-05,0,0.217886174241106,0.2684483276129749,-0.005019098558957991,-0.008604221057329386,0.0005975508075459768,0.041706475275355315,7.987634127594122,32.89450638457274,28.169503711211153,21.643472015125386,0,1,0.0625,0.125
MNST,2021-02-25,amc,2021-02-25,0,0.321142780297064,0.35046932765475164,0.028002336641788084,-0.007850007978013718,0.04686584735221566,0.07381374533554363,43.84132689777586,27.81031832730142,30.674719453952836,25.034231895732788,1,1,0.34375,0.34375
MNST,2021-05-06,amc,2021-05-06,0,0.37506655298725644,0.36393056961073683,-0.039675823787155506,-0.05840870993935421,-0.02652069808560964,-0.007577284958377617,64.26694177653025,32.06021128728713,29.217105077931375,22.143035394686873,1,1,0.4375,0.4375
MNST,2021-08-05,amc,2021-08-05,0,0.2991424739878452,0.32000585554723177,0.05459493680338734,0.06166401290400736,0.05687877684082476,0.06122898390069098,84.38371991000419,40.146220664550555,30.94294201533629,21.696109768711533,1,1,0.21875,0.21875
MNST,2021-11-04,amc,2021-11-04,0,0.39752444084821187,0.4760782674697504,0.04385963234974577,0.051150580157315995,0.01834131502324965,-0.02358167832775626,68.14137049490682,32.05604932088659,26.54653656259331,29.554413558499622,1,1,0.53125,0.8125
MNST,2022-02-24,amc,2022-02-24,0,0.2761374418397676,0.37417952803367793,0.0525202402096161,0.0373366528558956,-0.06172992132750521,-0.020535178061146242,81.25766411575684,38.10405173998566,60.73591240862064,50.0258977238779,1,1,0.1875,0.46875
MNST,2022-05-05,amc,2022-05-05,0,0.435369631576632,0.4514785238321264,0.04371383927500916,0.03179189981384978,0.04479770206755296,0.1001926734476768,67.91964001720184,41.19993180465556,37.60795160015988,30.876000781109,0,1,0.65625,0.6875
MNST,2022-08-04,amc,2022-08-04,0,0.4580603045338876,0.4172584845496564,-0.05168123002687708,-0.07326688993228714,-0.052926509358834695,-0.08271068047136299,84.23740609245229,41.94670606296901,31.91048325041767,24.36026719441445,1,1,0.75,0.65625
MNST,2022-11-03,amc,2022-11-03,0,0.594748008822633,0.4750219948269746,0.07520042132953986,0.09013071735575506,0.08639810147086768,0.12163796549024286,115.10142538680176,58.2511845688087,42.89641598033364,34.646687957599845,1,1,1.0,0.78125
MNST,2023-02-28,amc,2023-02-28,0,0.553190116164243,0.5365199054888888,-0.02525549961549378,0.014347474978607888,-0.0011792722490451268,0.024960700296831062,40.60682160360289,31.273658113307018,25.407315257063594,21.402026825845663,1,1,0.9375,0.96875
MNST,2023-05-04,amc,2023-05-04,0,0.4289486223834821,0.4522023500417066,0.03268764094818244,0.025250762576592534,0.035108937910952376,0.024904853585426157,51.05997978023981,25.16353780158514,18.32709896231191,16.6968172683149,1,1,0.625,0.71875
MNST,2023-08-03,amc,2023-08-03,0,0.549057837786769,0.48674448569496553,-0.049499809495411884,0.0020696607939321154,-0.012590540669193184,-0.024663682588235925,80.58998173636598,57.56569852142515,42.88050745062969,31.575759921273473,1,1,0.90625,0.84375
MNST,2023-11-02,amc,2023-11-02,0,0.4153350952656461,0.3805487859457255,0.05507029119411255,0.04595522200255964,0.04633495316709335,0.047664229563353366,85.09909569972174,39.732834042343576,28.526764143205362,20.972602915005083,1,1,0.59375,0.5
MNST,2024-02-28,amc,2024-02-28,0,0.5593231728378629,0.5540019238547094,0.058191586191464806,0.04404660638101543,0.08952551721763835,0.06141451027550371,89.78843955720725,41.477366354865076,32.417115574024685,23.184247942722962,1,1,0.96875,1.0
MNST,2024-05-02,amc,2024-05-02,0,0.3968055380727482,0.36380309607842426,0.030155471600618045,0.03390150578727957,0.013111083928485145,-0.028095149225471405,47.162740850931165,27.231548765996738,20.821316094774538,18.64601017292207,1,1,0.5,0.40625
MNST,2024-08-07,amc,2024-08-07,0,0.4441565354780515,0.4533342306501254,-0.10924204613330257,-0.08490000404646303,-0.06966159791806459,-0.037205566966849846,183.64034727010886,84.40018925071794,60.39950925557097,43.36906835187791,1,1,0.71875,0.75
MNST,2024-11-07,amc,2024-11-07,0,0.49594726044947385,0.4892438534484409,-0.010780196556233745,0.022473954915477545,-0.013703636146044751,-0.027772710953352986,17.205940748219266,23.414576110083367,42.471059555304876,31.902499763155966,0,1,0.84375,0.875
MNST,2025-02-27,amc,2025-02-27,0,0.4604956104588829,0.4985297259818564,0.05258096019283909,0.07261172170107288,0.046610209341071185,0.11440683071824753,81.34924164669964,38.140684194956584,29.683139889741184,23.73322452672672,1,1,0.78125,0.9375
MNST,2025-05-08,amc,2025-05-08,0,0.48917845865833665,0.4078896735216528,0.014299977038237044,0.03641507255790244,0.045394073327946094,0.047555713990310444,22.53973234372325,24.677825629148415,18.09167577591098,15.107259148193172,0,1,0.8125,0.625
MNST,2025-08-07,amc,2025-08-07,0,0.514424942162427,0.4963562286393941,0.06398031666379622,0.05592101568825636,0.0585526549007096,0.0365131784302708,98.44876299369878,45.686621017984905,32.90453369143497,25.862492587658476,1,1,0.875,0.90625
MNST,2025-11-06,amc,2025-11-06,0,0.3659059708432137,0.3911447482580678,0.05157602057393862,0.0719349185354139,0.08912688704123539,0.11506567883780083,79.83291722373545,43.3269141293631,32.041285914732256,25.67316809439059,1,1,0.40625,0.53125
MNST,2026-02-26,amc,2026-02-26,0,,,-0.015693521265637833,-0.11493199045665436,-0.11158556877107417,-0.17112856224744033,25.110246214076433,45.71813963816421,34.329462943739045,29.730070590492424,0,1,,
MNST,2026-05-07,amc,2026-05-07,0,,,0.13584308975911719,0.12965642116426346,0.13623796640535724,0.164538631027342,202.20183849444447,90.54816205813131,66.33720037345249,47.47827428715107,1,1,,
MPWR,2018-02-08,amc,2018-02-08,0,0.3493361180939428,0.4376851561286429,0.06029677443533599,0.11895613086557733,0.1370639411061756,0.20891948362873314,92.94340976698989,49.87208888731415,38.90051394779088,32.48016780930894,1,1,0.0625,0.125
MPWR,2018-04-30,amc,2018-04-30,0,0.42549048148270874,0.4259551535986425,0.01725039795034089,0.05755772151072058,0.07745541260851785,0.14295480469120148,27.150645613095257,27.15879849591975,24.629174520652498,19.344856056324733,0,1,0.1875,0.09375
MPWR,2018-07-25,amc,2018-07-25,0,0.563686920190853,0.5468090249104931,0.0049449822395142284,-0.02605385566204188,0.04657171352964529,0.07424858051800443,7.830570846469769,23.172444733424125,26.82931829943583,21.331606730262713,0,1,0.65625,0.5625
MPWR,2018-10-25,amc,2018-10-25,0,0.5108284223619217,0.5207630541101235,0.03855001856507578,0.14654606889293387,0.19173647935961013,0.17098565695407464,60.04616325145695,54.86948871677125,42.788862769121856,44.984737962157666,1,1,0.375,0.46875
MPWR,2019-02-12,amc,2019-02-12,0,0.5301529424505086,0.5126111025078479,0.017272791155165335,0.035227195661416966,0.02219682830272518,0.04507563786586588,27.185590518915504,22.553795012872218,19.11784242313233,17.930260494883008,0,1,0.5,0.40625
MPWR,2019-05-02,amc,2019-05-02,0,0.5124649176022567,0.5525797098427934,-0.0717166452576794,-0.1244794897974264,-0.17557762150543366,-0.23698513917598707,118.13531528184372,58.168038311258606,55.826901754440684,44.39987431632637,1,1,0.40625,0.59375
MPWR,2019-07-31,amc,2019-07-31,0,0.396262063100458,0.48606783825589517,0.010731549874806845,-0.012621935115054272,-0.028145530667528562,0.015253292291546039,16.945045746770244,31.494558108924153,46.766648426406555,40.959008333896904,0,1,0.125,0.34375
MPWR,2019-10-22,amc,2019-10-22,0,0.3602925548206903,0.3956105913640461,0.044934558960930016,0.05596035485816486,0.12738373515919843,0.10359905403505865,69.77522533061652,34.40697156543329,36.10613902751172,28.529219879433633,0,1,0.09375,0.03125
MPWR,2020-02-05,amc,2020-02-05,0,0.5991360555376957,0.5736507076436265,-0.027434899813158387,0.020000971162053682,-0.015669280097438176,-0.11193096562197657,44.16012612351825,33.21076791998065,30.278618582156287,45.35989509937423,0,1,0.875,0.65625
MPWR,2020-04-28,amc,2020-04-28,0,0.30576965969159087,0.41254492524554964,0.0639796841571374,0.029428581871454806,0.09508105859079863,0.07234322972967777,98.44781929814634,66.2674025598312,52.205844239996765,51.71556518564022,0,1,0.03125,0.0625
MPWR,2020-07-28,amc,2020-07-28,0,0.5689324886156742,0.488692653408484,0.0662681645051113,0.1137057727352071,0.0917245395699271,0.0891787668965105,101.85855042824292,53.96180423892631,41.73649633524864,34.55007468150979,1,1,0.6875,0.375
MPWR,2020-10-29,amc,2020-10-29,0,0.5509707865794925,0.47838819215996686,0.003044192590342165,0.11916603774112167,-0.024731095655832758,0.0041738632981673796,4.82516527664339,64.12277373228493,77.91022637043073,63.57650425196623,0,1,0.53125,0.25
MPWR,2021-02-04,amc,2021-02-04,0,0.4327743859487703,0.47770185406580634,-0.02200751531756273,0.04643657345126262,0.07113713947134648,-0.17831874334781928,35.326008034762104,38.58794822881927,37.850592129668435,67.2695217140353,0,1,0.21875,0.21875
MPWR,2021-05-04,amc,2021-05-04,0,0.5545181526972109,0.48158348631851633,0.011073833176017178,-0.04103301002633408,-0.07398525835449565,0.005447071314472307,17.48254347578554,50.50311256563991,46.24571931199957,39.43999754081634,0,1,0.59375,0.3125
MPWR,2021-07-27,amc,2021-07-27,0,0.5088194499135713,0.4620044040707076,0.05829217722121194,0.12100374883074894,0.1255217578045984,0.18663746721686714,89.93933446335355,46.14051877578954,34.65371999615045,27.85042486627653,1,1,0.34375,0.15625
MPWR,2021-10-28,amc,2021-10-28,0,0.5986132709199501,0.5583820210169448,-0.04411420199084681,-0.02663244892783967,0.008877444641038679,0.02657736166513036,71.62074920424912,34.29971420016383,34.339488760005516,36.62463421079358,1,1,0.84375,0.625
MPWR,2022-02-10,amc,2022-02-10,0,0.5719983817892664,0.6119181019302103,0.04173960294654555,0.13403255525160596,0.13295228955709582,-0.05470279128066835,64.91405486684938,88.38124964002849,72.23684025413651,71.30371941825284,0,1,0.71875,0.875
MPWR,2022-05-02,amc,2022-05-02,0,0.6273800151214426,0.58018755313922,0.11344209817992934,-0.010051937349852436,0.014919500560499843,0.09097752552940563,170.58143957706648,113.1846872921533,103.1921643489975,89.68057707083899,1,1,0.9375,0.71875
MPWR,2022-08-01,amc,2022-08-01,0,0.4522335829868867,0.5181496786959875,0.09392192015594736,0.15838196477844613,0.16132380987385098,0.001882230907138016,142.5043942867236,70.09497011540584,61.29232279540189,56.13093533474325,1,1,0.25,0.4375
MPWR,2022-10-27,amc,2022-10-27,0,0.5244483950398634,0.5880331110124815,0.05256755898943499,0.014325767356850427,0.17418355716858347,0.07894255262731997,81.32903048279117,53.1127158271459,76.86805794017488,64.01743161825011,0,1,0.46875,0.75
MPWR,2023-02-08,amc,2023-02-08,0,0.4885998623935648,0.6055535416525876,0.10244044659395057,0.14490264587282708,0.0688984588430499,0.034449195583112546,154.81821782128122,80.79288881416731,65.02342045503597,49.74034008336198,1,1,0.3125,0.84375
MPWR,2023-05-04,amc,2023-05-04,0,0.40274818085438663,0.4795013521422883,-0.10385032493619561,-0.13143610514828452,-0.05983492085642306,0.06149094528578147,174.06053699637823,93.10891949460893,73.2878152105373,84.68727472808204,1,1,0.15625,0.28125
MPWR,2023-07-31,amc,2023-07-31,0,0.5510732788108607,0.5406612799332687,-0.016443788262336168,-0.03176127437378662,-0.06225332504589165,-0.08341530960924848,26.320708709832303,29.9995157223056,37.31752343693713,44.312280029504876,0,1,0.5625,0.53125
MPWR,2023-10-30,amc,2023-10-30,0,0.6264161657250418,0.6262670686802112,0.09341584432776351,0.22163365325048523,0.2552476543849549,0.3674752839700548,141.7698296493562,77.98735315066459,60.82242586747274,49.16280431917506,1,1,0.90625,0.90625
MPWR,2024-02-07,amc,2024-02-07,0,0.5584030968046425,0.5390946527379165,0.14201834827028725,0.1545839844766157,0.14857204519046774,0.13448817729338924,210.8089845070142,104.42567672649629,77.66448622928412,62.05025014323259,1,1,0.625,0.5
MPWR,2024-05-01,amc,2024-05-01,0,0.5230118311597332,0.4725393823657765,0.09240111029054066,0.09313648518003692,0.13599661035164745,0.1272468665487645,140.29592721856392,75.31819551749834,57.329489905379916,43.21666735118116,1,1,0.4375,0.1875
MPWR,2024-08-01,amc,2024-08-01,0,0.5899366823846643,0.6052616431800416,0.013771583107967444,0.07461620052035123,0.1729283157192092,0.1907509960371674,21.7125432092521,88.1146329649733,76.10355118199499,60.24024793880748,0,1,0.78125,0.8125
MPWR,2024-10-30,amc,2024-10-30,0,0.6696842830220124,0.6429474869054023,-0.1745034353075171,-0.14624763064839563,-0.3460932712432909,-0.38287248440998267,304.42571851920525,137.87710724682978,132.08943363557907,97.08679939994201,1,1,1.0,1.0
MPWR,2025-02-06,amc,2025-02-06,0,0.45502248724510475,0.5759507561262909,0.08980170519644881,0.059146519638895834,0.0002722101982293168,-0.12000311364359939,136.51403345157397,63.15533183140769,50.92317214421599,65.15742890846302,1,1,0.28125,0.6875
MPWR,2025-05-01,amc,2025-05-01,0,0.5790860980483646,0.6043810547557504,0.05860747884952566,0.06366037371929556,0.18065911223597864,0.11141389531756474,90.4122201952409,45.005935108203914,67.31986866080871,51.2944957750085,0,1,0.75,0.78125
MPWR,2025-07-31,amc,2025-07-31,0,0.6401391883569353,0.6298830397334224,0.10457792756868023,0.12189976428413352,0.19342276945965087,0.17507466092890045,157.89308747835616,84.81096028298376,67.39388774611946,51.75461638037851,1,1,0.96875,0.9375
MPWR,2025-10-30,amc,2025-10-30,0,0.5936770772637339,0.640094736818635,-0.07591313259345422,-0.11906476366467755,-0.1501251441529987,-0.14639203139260515,125.3279687151899,78.26369137603898,60.08449060151088,49.68653449712005,1,1,0.8125,0.96875
MPWR,2026-02-05,amc,2026-02-05,0,,,0.06386723319983867,-5.192561369715687e-05,0.041617955495722114,-0.08130692742791457,98.2800343326661,73.05811215141918,54.17694720482324,53.77237240178619,1,1,,
MPWR,2026-04-30,amc,2026-04-30,0,,,-0.019158737027169304,-0.023816786516843713,-0.00027254625448447367,-0.04461072534259114,30.70867026246054,46.64051317709474,47.17032368858033,49.8001980109186,0,1,,
MRVL,2021-06-07,amc,2021-06-07,0,0.22608887770430855,0.24883323806436208,0.050963273808386944,0.11456382182120373,0.1356949884261749,0.17422819741775686,78.90764998604605,47.0792309060135,36.16983653116358,31.491058488936837,0,1,0.05263157894736842,0.10526315789473684
MRVL,2021-08-26,amc,2021-08-26,0,0.2687341306845073,0.24410596950123087,-0.030044457117117673,-0.030360686745547927,-0.032732716216477775,-0.0026883820024414806,48.425250719987325,26.028590325421813,21.23274871651189,22.3854052714355,0,1,0.10526315789473684,0.05263157894736842
MRVL,2021-12-02,amc,2021-12-02,0,0.2888408660441152,0.37613759249661977,0.17682653126594028,0.26749252189100114,0.17682653126594028,0.2590456094136826,258.4710155713779,126.81845195467001,97.05999290333374,70.57593221414875,1,1,0.21052631578947367,0.42105263157894735
MRVL,2022-03-03,amc,2022-03-03,0,0.3547439770419588,0.31823257912510217,-0.027453891736102798,0.0007667900298491404,0.06457078978659014,0.09003076562014845,44.19112562924074,56.13943054050505,69.97828534703898,58.9706191759906,0,1,0.3157894736842105,0.2631578947368421
MRVL,2022-05-26,amc,2022-05-26,0,0.40585451026847974,0.37214815931551026,0.06720472819053147,0.034567350215789494,-0.06878400662101203,-0.20477287746584139,103.25228630344583,71.94919278673521,67.34663184776618,68.00673650469756,0,1,0.47368421052631576,0.3684210526315789
MRVL,2022-08-25,amc,2022-08-25,0,0.5156676904580448,0.4342563646206412,-0.08930826218769683,-0.1655473739225215,-0.09711370593030755,-0.22653817144741073,148.50731771656876,73.40222869373343,59.74586436885158,49.41610666798863,1,1,0.8947368421052632,0.7894736842105263
MRVL,2022-12-01,amc,2022-12-01,0,0.4725075736469638,0.48424402617503226,-0.014977957362063976,-0.0814978519402707,-0.1185021821227985,-0.2072688375798768,23.95663215803622,50.64251704470081,51.89827241827653,47.159221908028414,0,1,0.8421052631578947,0.8947368421052632
MRVL,2023-03-02,amc,2023-03-02,0,0.4175020796957222,0.4133448453314255,-0.04737170535367352,-0.11507673641510219,-0.12697372364938353,-0.06337865654123487,77.03976216026012,70.99127326266753,69.82023629178241,57.34914700757932,0,1,0.5263157894736842,0.631578947368421
MRVL,2023-05-25,amc,2023-05-25,0,0.5662119503988142,0.5781298264399062,0.3242367622312774,0.21649474094825827,0.21305830412243876,0.22478249884560064,445.8137497359063,211.2855198363813,150.8777753750021,107.3803642918231,1,1,1.0,1.0
MRVL,2023-08-24,amc,2023-08-24,0,0.36188682952841994,0.3937560895603183,-0.06615494192255256,0.016756684682815104,-0.02705560775971738,-0.08134061811012028,108.65266464720938,57.81208023062162,42.92660176599638,33.56806410207883,0,1,0.42105263157894735,0.5263157894736842
MRVL,2023-11-30,amc,2023-11-30,0,0.4305604396380933,0.41334713635058895,-0.05257491485430943,-0.06352058633814084,0.06387936691479967,0.04378254791625369,85.73410701391609,50.20035832290722,50.58895197271889,42.999436886104334,1,1,0.631578947368421,0.6842105263157895
MRVL,2024-03-07,amc,2024-03-07,0,0.5265426388992849,0.488379514372681,-0.1136444824750148,-0.22341046684290922,-0.217416949698631,-0.15477727735230173,191.5055347697006,101.40705969730037,74.32770497527437,59.423877984612126,1,1,0.9473684210526315,0.9473684210526315
MRVL,2024-05-30,amc,2024-05-30,0,0.35878766417257985,0.3521621758087472,-0.10461945771765735,-0.11385819333523539,-0.05178900666284658,-0.07612214259626437,175.42357346894573,90.2471220160759,68.36025911140148,53.39905701719114,1,1,0.3684210526315789,0.3157894736842105
MRVL,2024-08-29,amc,2024-08-29,0,0.3226855907710927,0.30754522172478527,0.09163793215176397,-0.052119288088435134,0.06643763261133317,0.03264608472143915,139.1865076866663,95.80711934672581,76.75178743402338,59.46948677414417,1,1,0.2631578947368421,0.21052631578947367
MRVL,2024-12-03,amc,2024-12-03,0,0.4474716996647222,0.4489093136675767,0.23188396068518347,0.11229273670657225,0.1703679339007822,0.23219674158064785,331.0544050759382,156.6098426318863,136.30233050673604,100.10117539166596,1,1,0.7368421052631579,0.8421052631578947
MRVL,2025-03-05,amc,2025-03-05,0,0.43604339735158487,0.4157506599501035,-0.19813619775605718,-0.2250941406761573,-0.22553802047626104,-0.382737928453851,350.5353396061713,169.4241278605478,122.1370896688556,101.15282892849429,1,1,0.6842105263157895,0.7368421052631579
MRVL,2025-05-29,amc,2025-05-29,0,0.4206311444400752,0.39686823402108473,-0.055546870666310255,0.022438351894582542,0.09273492605397138,0.21449883426373706,90.7215712558539,63.37816323641358,52.39622832007635,58.65326856183584,0,1,0.5789473684210527,0.5789473684210527
MRVL,2025-08-28,amc,2025-08-28,0,0.27561055427111564,0.2910921873825988,-0.18593819469049677,-0.1799820040666572,-0.1279297222074549,0.06681314473341748,326.5687692689024,151.1133742126628,109.26389471264464,83.7058998617885,1,1,0.15789473684210525,0.15789473684210525
MRVL,2025-12-02,amc,2025-12-02,0,0.4593440003606722,0.38633791571239307,0.0786952052476193,-0.04295395485084563,-0.09495101640255266,-0.03767891209306695,120.2528378135597,79.75951700232788,68.47975653574322,54.88593877396865,0,1,0.7894736842105263,0.47368421052631576
MRVL,2026-03-05,amc,2026-03-05,0,,,0.18353601449538548,0.15843028534763492,0.18300746964322467,0.4470138577821898,267.4959029871105,126.0465863006772,93.98295065545071,90.43064472292492,1,1,,
MRVL,2026-05-27,amc,2026-05-27,0,,,0.030850560547442507,0.5181177729944355,0.27121289526807835,0.3425767415730079,48.23349903411355,208.40524842743662,187.6669561577903,151.23979966486075,0,1,,
MSFT,2018-01-31,amc,2018-01-31,0,0.2817245906164255,0.24716885713687278,-0.007893921937941473,-0.056836115175208146,-0.039715867219834,-0.016028839492972624,12.580934637874227,46.46452193675641,47.14093884943599,35.742326209175204,0,1,0.03125,0.03125
MSFT,2018-04-26,amc,2018-04-26,0,0.44908639529872224,0.4630951135164699,0.016549785598531486,-0.0020158673891481627,0.038722391252304034,0.04801973494757572,26.056941637652344,26.485620297526168,21.893716100365253,16.96740616000302,0,1,0.71875,0.8125
MSFT,2018-07-19,amc,2018-07-19,0,0.45227222626546126,0.37108354704940627,0.01791163347377389,0.049999968362109515,0.03036375348135434,0.03442510947501032,28.182188922725132,27.840922537348927,25.206253849561772,19.14232477105539,0,1,0.78125,0.375
MSFT,2018-10-24,amc,2018-10-24,0,0.42070068306836017,0.44041820480188126,0.0584439550997331,0.04388208659364756,0.09421428351495642,0.01168170033629301,90.16698675254247,50.745906196161094,41.5126134186664,35.98374362084544,1,1,0.65625,0.71875
MSFT,2019-01-30,amc,2019-01-30,0,0.4492652646284486,0.4417962634852424,-0.018330582907963078,-0.0032899624846803865,0.0040422552800236655,0.062329278964581514,29.368902790741735,29.4409923204893,22.6811770609998,18.84294032168489,0,1,0.75,0.75
MSFT,2019-04-24,amc,2019-04-24,0,0.37993891788289585,0.3470184527287767,0.033117328865367224,0.022958129518912962,0.0039995229669369525,0.013095379603365709,51.72036006003319,28.206949707853457,25.891788144106307,24.588193901079734,1,1,0.5,0.28125
MSFT,2019-07-18,amc,2019-07-18,0,0.45394926860840423,0.4098396259759324,0.0014657188097562113,0.027634946434076824,0.012021657949070619,0.0011969719278632773,2.3250529565578617,12.94129649880528,19.23243521812671,26.31695826967093,0,1,0.8125,0.625
MSFT,2019-10-23,amc,2019-10-23,0,0.5326789430903573,0.5143546970998868,0.019673328379614663,0.053701386128517825,0.04969387812908055,0.09289272775854296,30.927207867508184,25.04345913692365,18.551729819237718,14.498321926035858,0,1,0.96875,1.0
MSFT,2020-01-29,amc,2020-01-29,0,0.37269769177953443,0.3457209476848228,0.02820739009066986,0.07057822565623884,0.09920252388888451,-0.03325130617609062,44.157940768021305,36.37565319788937,32.682855696048755,41.00389164807526,1,1,0.375,0.25
MSFT,2020-04-29,amc,2020-04-29,0,0.49716222470234694,0.4667863761069224,0.010032309019760044,0.028800392680251363,0.013075853158635464,0.03567837600222834,15.846440895134641,28.235518308281137,25.249846229308755,20.362742404886053,0,1,0.90625,0.84375
MSFT,2020-07-22,amc,2020-07-22,0,0.48890473533131873,0.4764558246597967,-0.043494906913706055,-0.036316489912157746,0.005619915461696934,0.015814579180323918,70.59261160297555,34.458632330219906,37.603984855848914,32.11753566391323,1,1,0.875,0.9375
MSFT,2020-10-27,amc,2020-10-27,0,0.5513662980536469,0.508280043750388,-0.04956629287215031,-0.03198129618063017,-0.010504301549522088,0.00553298292710247,80.7010209354429,40.220860883662546,45.40866754043712,34.124071916263624,1,1,1.0,0.96875
MSFT,2021-01-26,amc,2021-01-26,0,0.3633552379143718,0.37537558465960746,0.0024533250171638876,0.03090423631011774,0.04924016638389217,-0.012105884308716397,3.889763250218331,36.19888288968994,26.828890141424385,23.1854756599399,0,1,0.3125,0.4375
MSFT,2021-04-27,amc,2021-04-27,0,0.32300435041561515,0.34435116606776967,-0.02828556587161124,-0.05412833884912427,-0.06008323964609796,-0.03778779663256415,45.54921711171371,24.152624716007885,22.101473282141608,23.262113809330216,0,1,0.125,0.21875
MSFT,2021-07-27,amc,2021-07-27,0,0.5179152055855212,0.4759693730439409,-0.0011169776947378418,0.0020239879976780006,-0.00034890987305069565,0.05600647125716196,1.7741381410957546,7.026636545366472,8.253382235451134,14.244612773646859,0,1,0.9375,0.90625
MSFT,2021-10-26,amc,2021-10-26,0,0.3506466444582753,0.44478047167574647,0.04211413922539031,0.0742317622991926,0.08332548682790075,0.09163913225564646,65.484687925061,34.64512626436258,24.897036566979814,19.586039146995553,1,1,0.25,0.78125
MSFT,2022-01-25,amc,2022-01-25,0,0.4131178979728835,0.39767252519298435,0.028492986293685796,0.07026236182416001,0.05570377502638024,0.0232559186606196,44.59881190828005,30.07736982226029,32.73777894659903,35.73177740615998,0,1,0.59375,0.5625
MSFT,2022-04-26,amc,2022-04-26,0,0.3426929658579949,0.35516219195845994,0.048108716052996714,0.0427799428185871,-0.002664503614816738,-0.026232502568390048,74.59005366763468,51.36589049055904,49.91681931514031,43.35718589236967,1,1,0.1875,0.3125
MSFT,2022-07-26,amc,2022-07-26,0,0.3691322591698281,0.3741788155306723,0.06685186787472341,0.09098879589455344,0.12068313752016113,0.09716326860515223,102.72732516413863,52.40929712728756,40.04040297038596,31.83782208787786,1,1,0.34375,0.40625
MSFT,2022-10-25,amc,2022-10-25,0,0.42194867545692877,0.4026846721294346,-0.07715615495496608,-0.08972292015261263,-0.08693029171226607,-0.009503914796705426,127.4647431055006,67.16982084769191,57.01674644457802,49.72079585043746,1,1,0.6875,0.59375
MSFT,2023-01-24,amc,2023-01-24,0,0.4112764644688743,0.38127183609843385,-0.0059082862799251235,0.023839067942471814,0.1054368941858832,0.05523101674912434,9.406930567943222,30.7510632007942,40.993783620948065,33.67191766041932,0,1,0.5625,0.5
MSFT,2023-04-25,amc,2023-04-25,0,0.41662642625761803,0.3820270833145528,0.0724348258441796,0.10888845238249512,0.11466159046106217,0.14202360726610364,111.01297585955203,54.8916927938282,40.03452480860818,30.0247019719223,1,1,0.625,0.53125
MSFT,2023-07-25,amc,2023-07-25,0,0.34573751882430787,0.3431196553187575,-0.03763757696321568,-0.041711693068359534,-0.07102969940120563,-0.06635042489703002,60.90121619507261,35.4539544786486,29.37875269615074,22.853948728273963,1,1,0.21875,0.1875
MSFT,2023-10-24,amc,2023-10-24,0,0.3791112744583074,0.32901583940567913,0.03067794626374898,0.02293277257902382,0.09076323833727518,0.14548403492227235,47.96766067178264,38.36479524009505,31.35862965499386,26.992958136804017,1,1,0.46875,0.125
MSFT,2024-01-30,amc,2024-01-30,0,0.4541321244892722,0.4676949316004763,-0.026946436741648205,-0.007587010894811841,-0.005555792862206754,0.014231850933250856,43.36304176369729,27.542346058389583,26.627585466272922,21.395809072894583,1,1,0.84375,0.875
MSFT,2024-04-25,amc,2024-04-25,0,0.35981800899098115,0.35623618803290874,0.018243929474663023,-0.003007179550712169,0.03328006068677114,0.07993169314177395,28.70032571177099,29.717331017093652,25.822274316242215,20.250557857417284,0,1,0.28125,0.34375
MSFT,2024-07-30,amc,2024-07-30,0,0.375065937005879,0.4105190801592837,-0.010805917990709402,-0.05511682212166391,-0.021067780137820624,-0.027380894793393673,17.247217764818064,30.046742335987815,24.035760154291765,19.544938236051856,0,1,0.40625,0.65625
MSFT,2024-10-30,amc,2024-10-30,0,0.3780745904331678,0.3784780967068381,-0.06052765294567941,-0.028552974358178274,-0.01694692159288369,-0.019010016382431938,99.11549688502868,47.67847791847135,35.48193802122908,28.17401089595383,1,1,0.4375,0.46875
MSFT,2025-01-29,amc,2025-01-29,0,0.3880679930857507,0.4193751952305602,-0.06180905634681555,-0.06565230470288297,-0.0752605652155307,-0.10070313182295787,101.28219542250794,45.946001648592535,33.73468650901589,26.68643775353842,1,1,0.53125,0.6875
MSFT,2025-04-30,amc,2025-04-30,0,0.29669266903208086,0.30586727597570434,0.07625353781859867,0.09636690395066161,0.14592918905011043,0.16683978262395027,116.65550998655769,54.87532236746794,41.18927104870048,30.472597345767078,1,1,0.0625,0.0625
MSFT,2025-07-30,amc,2025-07-30,0,0.3012347766559337,0.33393311136443016,0.03947471494486021,0.022796439754338316,0.014301289831766262,-0.005381855904185495,61.45895691912327,35.754431492656224,27.84961349609192,20.851285419965578,1,1,0.09375,0.15625
MSFT,2025-10-29,amc,2025-10-29,0,0.32703980090815177,0.3151170177028312,-0.029157133854966988,-0.0635029867586353,-0.05615364828246072,-0.08977776356267886,46.973701602783585,25.934547535874536,23.12806513835334,23.214246811331236,1,1,0.15625,0.09375
MSFT,2026-01-28,amc,2026-01-28,0,,,-0.0999314476548332,-0.1400244181531396,-0.16041363330548009,-0.18269954183662873,167.13372309505021,78.74882315302362,64.77460023992295,48.32207662290013,1,1,,
MSFT,2026-04-29,amc,2026-04-29,0,,,-0.03929691983619443,-0.02473728523209573,-0.045351689592175615,0.06303345895798906,63.64072329804007,31.286464158825616,25.63742111185567,30.995503770003285,0,1,,
MSTR,2018-01-25,amc,2018-01-25,0,0.596905999298204,0.6079483593305655,0.003349630912131474,0.013179913964450618,-0.042234029861193956,0.0026214412211476024,5.30848844307296,8.640316139974628,22.902649782055036,19.043612902181177,0,1,0.8666666666666667,0.8
MSTR,2019-01-29,amc,2019-01-29,0,0.6362836925092322,0.6157068089058894,-0.07883121612617994,-0.04426119379308158,0.02777180787741762,0.023360089828991182,130.3487557891354,60.81098177804791,54.774555169220605,40.76625317637179,1,1,0.9333333333333333,0.8666666666666667
MSTR,2019-10-31,amc,2019-10-31,0,0.565738734436003,0.5373155228783453,0.0028711664703415796,0.016508989399559804,0.022120701628004502,-0.020685118392833823,4.551304817133655,8.119889244099696,9.73956713597349,17.387337452157233,0,1,0.6666666666666666,0.6666666666666666
MSTR,2020-01-28,amc,2020-01-28,0,0.5861716081755656,0.5792177069022568,0.059722266189847106,0.05423612208462081,0.056250030630165426,-0.05402777073191989,92.0830367504459,44.39143815287646,31.987707416273604,30.647899780380754,1,1,0.8,0.7333333333333333
MSTR,2021-01-28,amc,2021-01-28,0,0.5858392643562487,0.621541522953767,0.06730864928734115,0.3236798722586274,0.746153067379155,0.35281305721551104,103.40685982708902,95.6004671327839,224.14204237467555,194.84700984370687,0,1,0.7333333333333333,0.9333333333333333
MSTR,2022-02-01,amc,2022-02-01,0,0.6367994756647202,0.6418981977421733,-0.06477212910531238,0.14056300637422625,0.17222519886794507,0.14932975358589218,106.30374860333657,120.48620634100024,99.16609088133406,92.18158283248631,0,1,1.0,1.0
MSTR,2023-02-02,amc,2023-02-02,0,0.5225319492638182,0.5068981928421582,-0.025228478015673073,-0.1475028279204298,-0.027727363986412956,-0.1871768947883018,40.56281533804578,78.15627008147126,89.6871238050184,73.58967157593491,0,1,0.5333333333333333,0.4
MSTR,2024-02-06,amc,2024-02-06,0,0.45889733024423707,0.48296425697844325,0.020100390883915242,0.3775501692063383,0.3510040122496212,1.6104819456427077,31.59192936273902,148.28001328663527,127.70052326877521,172.59255744165435,0,1,0.26666666666666666,0.3333333333333333
MSTR,2024-04-29,amc,2024-04-29,0,0.3358637563376491,0.3705519942608058,-0.1762917873944605,-0.018685664949334435,-0.03635812513394532,0.2519238558120698,307.86849540054044,167.00552740649852,126.94447567259503,120.27371458232396,1,1,0.06666666666666667,0.06666666666666667
MSTR,2024-08-01,amc,2024-08-01,0,0.404124807846558,0.4256815418962948,-0.042214324514892154,-0.10048216566385382,-0.12733747700548603,-0.1240962926373751,68.4687317066008,123.70353784490338,92.11177539103355,84.58240179124412,0,1,0.13333333333333333,0.2
MSTR,2024-10-30,amc,2024-10-30,0,0.5024866561039434,0.5235854753176461,-0.011362248135269981,0.042456835969650886,0.32780723838311987,0.566738122379796,18.140263102424832,102.08254532760375,146.00001280191725,149.28510255646162,0,1,0.4666666666666667,0.6
MSTR,2025-02-05,amc,2025-02-05,0,0.4373202545507732,0.44692554329587975,-0.03338289380590165,-0.029343642781745616,-0.03795663295503138,-0.14707459975023984,53.89843469794601,46.6466278530065,46.11255341306644,93.473730081344,0,1,0.2,0.26666666666666666
MSTR,2025-05-01,amc,2025-05-01,0,0.48698749938620206,0.5149739310230131,0.03346433126158743,0.08590146293237932,0.04043499064199585,-0.02444972992823491,52.25346188963997,48.94668665553285,49.247639058380585,47.90502773795393,0,1,0.4,0.4666666666666667
MSTR,2025-07-31,amc,2025-07-31,0,0.5354371098243955,0.5218243346497828,-0.08766730143069479,0.00037332508717247137,-0.07196532116741094,-0.1678444835219045,145.64948970713542,89.74830323301379,68.77869064566472,62.810813578431066,1,1,0.6,0.5333333333333333
MSTR,2025-10-30,amc,2025-10-30,0,0.4615603961725537,0.41628663606215877,0.058687205922018704,-0.0682327449276231,-0.18081475709533368,-0.32662924446309227,90.53177162557878,85.82552664747166,75.42778215834058,76.19090576014142,0,1,0.3333333333333333,0.13333333333333333
MSTR,2026-02-05,amc,2026-02-05,0,,,0.2611458582099211,0.14964017623980164,0.22488088296462916,0.298719503903228,368.3214728568425,173.27437936845828,133.14145271830492,111.03568866682154,1,1,,
MSTR,2026-05-05,amc,2026-05-05,0,,,-0.0004279645525827602,-0.01326910544958404,-0.11915457325272161,-0.3078116675122001,0.6795180808503676,66.59080018210788,69.69213500894213,71.66485782021077,0,1,,
MU,2018-03-22,amc,2018-03-22,0,0.4527650245155582,0.42522642070697775,-0.07993902335789149,-0.1150713026354272,-0.177528739657823,-0.16802437737795795,132.2589896027984,75.93163866640006,72.24193933466404,60.203419795111245,1,1,0.5161290322580645,0.4838709677419355
MU,2018-06-20,amc,2018-06-20,0,0.6218174129237496,0.6252874402931108,0.008312200788178625,-0.11348604774223192,-0.10364708775676756,-0.06666675957155976,13.14067107918727,68.83314066378841,61.89018316803574,47.9498423258586,0,1,1.0,1.0
MU,2018-09-20,amc,2018-09-20,0,0.39647751956769717,0.4064838858282907,-0.028658287124056714,-0.023230634633444103,-0.04125070249226459,-0.12179757164656713,46.158233638138505,25.740761112443263,23.53408381173912,25.015693964083418,0,1,0.3548387096774194,0.41935483870967744
MU,2018-12-18,amc,2018-12-18,0,0.39830021422474304,0.3833588395462816,-0.07915593200278548,-0.0944006456395704,-0.09117577369860552,0.04837262036815315,130.9084375292141,82.81966059128517,68.97070251642955,60.870648289045434,1,1,0.3870967741935484,0.25806451612903225
MU,2019-03-20,amc,2019-03-20,0,0.3830329525335384,0.4174410919909232,0.09618742314139261,-0.022427043116856282,0.09394484555654281,0.08148545297776377,145.78859175397196,80.829599157303,65.55791922812946,48.20261135574142,1,1,0.3225806451612903,0.45161290322580644
MU,2019-06-25,amc,2019-06-25,0,0.3314439456342502,0.3525152067224471,0.133415000078706,0.21175031522817056,0.3127295081638515,0.46175027033879323,198.80471556564555,95.97561768020697,72.38709310155494,55.3945865747453,1,1,0.12903225806451613,0.1935483870967742
MU,2019-09-26,amc,2019-09-26,0,0.5442294096593202,0.5093019345563132,-0.11090518319360954,-0.10576127821591452,-0.10946508298304791,-0.011728312630936988,186.60705220951579,87.85171077356212,66.12037852020731,58.14334752886072,1,1,0.8709677419354839,0.7741935483870968
MU,2019-12-18,amc,2019-12-18,0,0.37264167303066276,0.388920662937464,0.02809198592579576,0.03902710802186271,0.02809198592579576,0.11180239116321933,43.97975812142935,21.656907620916478,26.49036346140231,38.638242143160056,0,1,0.2903225806451613,0.3548387096774194
MU,2020-03-25,amc,2020-03-25,0,0.5281307414147245,0.5232544369446488,0.053882131835608194,-0.061411871241124794,0.1362351358200078,0.03905865923253238,83.31039275197267,71.80830567259824,81.49602004579619,68.2690257175175,0,1,0.8064516129032258,0.8064516129032258
MU,2020-06-29,amc,2020-06-29,0,0.3262639974865091,0.3150133127299313,0.048220101919494995,-0.001220706661570592,0.011393713197528799,0.02522915808728321,74.75874817781278,51.81006906716002,40.0212869888733,39.34996797374522,0,1,0.0967741935483871,0.06451612903225806
MU,2020-09-29,amc,2020-09-29,0,0.3712777876566613,0.32563029567637036,-0.07394992120923138,-0.06685099908484371,0.02248076864180648,-0.014001204831081027,121.95902607305467,62.237717328836574,49.92523641527178,40.33228383597843,1,1,0.25806451612903225,0.0967741935483871
MU,2021-01-07,amc,2021-01-07,0,0.48621981966347894,0.4261533522985667,-0.021363124155524216,0.027682982864125627,0.0400705072403138,0.06193890757095377,34.28039427192987,24.095713215716668,40.347008117850784,43.96628007545777,0,1,0.6774193548387096,0.5161290322580645
MU,2021-03-31,amc,2021-03-31,0,0.5246817508833291,0.5361196641948605,0.047613611790674026,0.08026297093185075,0.02335299025172244,-0.024260444145951188,73.83999851493506,36.20854990712646,32.67025498304848,38.14954105864473,0,1,0.7741935483870968,0.9032258064516129
MU,2021-06-30,amc,2021-06-30,0,0.5610610817761469,0.5236041558629887,-0.05730766631625683,-0.09261040258835607,-0.09484580768555839,-0.08707943219237446,93.68390490265914,50.55256424524662,39.59532652056639,33.95455791009532,1,1,0.9354838709677419,0.8387096774193549
MU,2021-09-28,amc,2021-09-28,0,0.5714471428265246,0.5327696685235263,-0.01997240328788752,-0.034219430679743534,-0.0860016897955741,-0.06517946532333552,32.02610178103949,15.858499872698442,23.498775658538587,20.746957773218462,0,1,0.967741935483871,0.8709677419354839
MU,2021-12-20,amc,2021-12-20,0,0.5601722744817563,0.5546429688037862,0.1054494683437388,0.1330000244781231,0.17570053864252722,0.03816529895550791,159.1451336414351,78.63498024271759,61.181986612553274,51.939729135398885,1,1,0.9032258064516129,0.967741935483871
MU,2022-03-29,amc,2022-03-29,0,0.46185686113193036,0.49481848319475963,-0.03522216029845926,-0.09067626932061834,-0.12177541040663553,-0.14349895133867097,56.92189287698637,45.07314304122176,33.33821496709779,39.09947011652262,0,1,0.5806451612903226,0.7096774193548387
MU,2022-06-30,amc,2022-06-30,0,0.5224324480052671,0.5493981551283024,-0.029486108853284065,0.07192125720697207,0.11524014217049272,0.1335466586282541,47.5117084610284,49.35744797504276,42.88752728385792,38.22380323052925,0,1,0.7419354838709677,0.9354838709677419
MU,2022-09-29,amc,2022-09-29,0,0.5356551969960975,0.5044888410397759,0.0017997310941519906,0.09218152513541722,0.09929513318990035,0.0828638472823835,2.8544167196558887,39.00346710200259,46.53149747587407,46.10049368108323,0,1,0.8387096774193549,0.7419354838709677
MU,2022-12-21,amc,2022-12-21,0,0.36871454899040523,0.3706917023733157,-0.03438186357435691,-0.010549092014127903,0.11152919754295798,0.1994412546272737,55.53986577328863,37.20466094222812,49.57670073515642,42.51092338510742,0,1,0.22580645161290322,0.22580645161290322
MU,2023-03-28,amc,2023-03-28,0,0.480804308166198,0.46534001430719096,0.0718624243452004,-0.03390672853791932,0.047321565984781655,0.04630741344526523,110.16546348100506,65.85396740773525,63.71714093486184,50.16144406137637,1,1,0.6451612903225806,0.6129032258064516
MU,2023-06-28,amc,2023-06-28,0,0.3660585896542642,0.3515409243555353,-0.04085294004101403,-0.0870734882048605,-0.03606078468317253,0.0635747676610181,66.21395126767256,40.75844561950113,34.39951192307721,32.46840192274041,0,1,0.1935483870967742,0.16129032258064516
MU,2023-09-27,amc,2023-09-27,0,0.4387690299103852,0.4761109789672696,-0.04412859961185811,-0.0014660220934800128,0.031038227979442112,-0.05237274013237181,71.64465968285974,44.129555386405954,34.121162132949195,29.177839109805394,1,1,0.4838709677419355,0.6451612903225806
MU,2023-12-20,amc,2023-12-20,0,0.4206631332959927,0.39826423260471316,0.08628794405291051,0.09289609303321633,0.06191043587591838,0.11382897778445944,131.38747284220455,59.86623468905751,46.396688054993135,39.01068140456574,1,1,0.45161290322580644,0.3870967741935484
MU,2024-03-20,amc,2024-03-20,0,0.3218987293158024,0.3418602777834947,0.1412988287009267,0.23896126499724546,0.2904913440348007,0.1103695296983378,209.80850857164307,103.85840818316099,82.79256765642995,66.24383228154147,1,1,0.06451612903225806,0.12903225806451613
MU,2024-06-26,amc,2024-06-26,0,0.4923261322435663,0.4898647454848103,-0.07115772519389696,-0.0389154183257685,-0.08440646659746887,-0.23078332278093272,117.17979767162754,57.36359565216878,54.45540623500933,50.38598487351628,1,1,0.7096774193548387,0.6774193548387096
MU,2024-09-25,amc,2024-09-25,0,0.452968507453558,0.4517951132845381,0.14733213342747886,0.042602109038157865,0.06311498381634184,0.11695017729234292,218.17822538444767,104.79479328573777,75.00907910304515,59.833445281402284,1,1,0.5483870967741935,0.5806451612903226
MU,2024-12-18,amc,2024-12-18,0,0.4620209128714413,0.4504359073277436,-0.1617904347844058,-0.13551506926076284,-0.13390994787027477,0.05266506097940815,280.1646364319858,127.78275119026776,95.65492627139048,81.59276840748079,1,1,0.6129032258064516,0.5483870967741935
MU,2025-03-20,amc,2025-03-20,0,0.26260855811224104,0.30644143216986375,-0.08038824275783141,-0.11495140459271735,-0.2773126652031186,-0.35119509873000865,133.03425108365496,67.31399843847835,102.14323744140029,114.04402470515171,0,1,0.03225806451612903,0.03225806451612903
MU,2025-06-25,amc,2025-06-25,0,0.39933937662823493,0.3833896923658778,-0.00982308504931173,-0.043300569079179674,-0.031623671409744536,-0.12483520446727903,15.670758317272584,19.654036173523203,26.816264134114,33.029354047188306,0,1,0.41935483870967744,0.2903225806451613
MU,2025-09-23,amc,2025-09-23,0,0.36302807466685744,0.384842684341685,-0.028243437723001752,0.005468403443307013,0.11655729921007452,0.1934036040288858,45.48039554166267,44.33038079989802,56.69208187561983,59.05458933193235,0,1,0.16129032258064516,0.3225806451612903
MU,2025-12-17,amc,2025-12-17,0,,,0.10211953266442886,0.27119539437094,0.3991994438829152,0.6191355153415767,154.35605296457135,92.38644528069274,85.12536137968658,76.57011153543057,1,1,,
MU,2026-03-18,amc,2026-03-18,0,,,-0.03781436636689062,-0.17248177900165929,-0.20298764192737528,-0.01400998195259795,61.192863345944495,61.9291866575831,91.5753830933171,76.99515379096037,0,1,,
MU,2026-06-24,amc,2026-06-24,0,,,0.15741389249951654,-0.015479025387883816,-0.05409339207992292,-0.10800199299656632,232.06643542669298,139.91531010867357,108.2789372334444,97.5560963068188,1,1,,
NFLX,2018-01-22,amc,2018-01-22,0,0.6065544700638169,0.5649590173885038,0.09978908367643768,0.2505053325808311,0.11723355492146759,0.23490644202449507,150.99580955293303,82.49550772468035,67.15268271660166,57.82138968110121,1,1,0.9375,0.75
NFLX,2018-04-16,amc,2018-04-16,0,0.5378485352472326,0.4433532307360606,0.0918837847230658,0.03544738474230158,0.015205679831160834,0.059620478645478814,139.54398419477164,66.5600574867376,52.549088897071336,38.52282065525451,1,1,0.59375,0.40625
NFLX,2018-07-16,amc,2018-07-16,0,0.587973384536138,0.594008172607501,-0.05243703696859592,-0.09443671253644503,-0.1636037229875229,-0.1572862498396176,85.5031035954692,44.90107052454633,45.967817200605516,34.4255322127819,1,1,0.875,0.9375
NFLX,2018-10-16,amc,2018-10-16,0,0.5618761669928273,0.565829530088126,0.05282915309754754,-0.03822163743900775,-0.17491339844161247,-0.1722574814980572,81.7235098438126,59.93256514563634,75.50839559038687,66.55016713939332,1,1,0.6875,0.78125
NFLX,2019-01-17,amc,2019-01-17,0,0.4289511561569063,0.3999854043505233,-0.03989355267671446,-0.04286644379793891,-0.03777002815957031,0.02471760504539322,64.62689635572649,49.676459722161084,40.80548913816308,36.90851578435122,0,1,0.375,0.21875
NFLX,2019-04-16,amc,2019-04-16,0,0.5410250802113665,0.583422911463294,-0.013130811030169887,0.04108944598275621,0.05383078560309906,-0.00041727563581472893,20.9825789158851,39.51218863475598,32.621286971394234,31.756549694530044,0,1,0.625,0.875
NFLX,2019-07-17,amc,2019-07-17,0,0.5727925956686639,0.5499327033279424,-0.10272043996372227,-0.1227789129038841,-0.10884559516866754,-0.18397526109216078,172.06030527207236,84.67055689666752,64.10189026227097,51.46412806837334,1,1,0.8125,0.6875
NFLX,2019-10-16,amc,2019-10-16,0,0.5727890978756621,0.5766912871194715,0.024696060453650137,-0.05243116658805991,0.018059249464849048,0.011666886641144236,38.72751643054708,58.35622391115224,46.94205280018378,36.868801503284175,0,1,0.78125,0.8125
NFLX,2020-01-21,amc,2020-01-21,0,0.39631760821745277,0.3855994062337436,-0.035816814656217444,0.03078880662629735,0.09139037819894535,0.14164022162723788,57.90064210587116,61.30428029540877,50.693510703593724,36.544059470584564,0,1,0.25,0.1875
NFLX,2020-04-21,amc,2020-04-21,0,0.5175099765108103,0.4813477491346192,-0.028605701443813247,-0.06915151188475666,-0.021091232228217405,0.03190187145534873,46.07229588952285,38.204468454036665,34.67930574763204,28.869589113112013,0,1,0.5,0.5
NFLX,2020-07-16,amc,2020-07-16,0,0.38714886432139073,0.4225654499912557,-0.06522684787763111,-0.09444621898022254,-0.07885998420856044,-0.08477591519030592,107.07577351472372,55.737721264520246,43.3483521821828,37.65636895115775,1,1,0.21875,0.28125
NFLX,2020-10-20,amc,2020-10-20,0,0.3526078038102485,0.382376131272187,-0.06922083381432698,-0.06944916967786852,-0.07270373621363235,-0.0830383117811867,113.87297318767078,51.43150990771539,50.99544469881305,50.18934268134534,1,1,0.09375,0.15625
NFLX,2021-01-19,amc,2021-01-19,0,0.5902933438383561,0.5217804147061267,0.16854337736766944,0.11989562704473511,0.09245279561890252,0.0925723066363815,247.2581541860885,113.03264919362496,89.56205752540286,63.30968220894564,1,1,0.90625,0.625
NFLX,2021-04-20,amc,2021-04-20,0,0.3688546538822511,0.42290546835911186,-0.07400333512694968,-0.08009899318703417,-0.08441144671543299,-0.11257892883896381,122.05059175951773,55.56884026703006,40.28731057561221,32.86298672858338,1,1,0.15625,0.3125
NFLX,2021-07-20,amc,2021-07-20,0,0.4499433806604317,0.5034338963245852,-0.03280294877789258,-0.022860384377534126,-0.038094319315556846,-0.017286494218835435,52.94629127197146,24.61368446757405,19.00130642418408,16.04877062635026,1,1,0.4375,0.59375
NFLX,2021-10-19,amc,2021-10-19,0,0.6121182708295988,0.5948674573808617,-0.02169016516146316,0.0461971170441029,0.060594703528779936,0.082456918099586,34.81097745453548,37.848758482436786,31.597525649626373,31.820934415347484,0,1,1.0,0.96875
NFLX,2022-01-20,amc,2022-01-20,0,0.5821972129680146,0.5903333426619018,-0.21790458626053022,-0.23915400711331258,-0.20196752062094336,-0.2301229507120105,390.1613262247138,187.4442093721425,152.80551455151428,108.34713856896808,1,1,0.84375,0.90625
NFLX,2022-04-19,amc,2022-04-19,0,0.6080509730146535,0.605852165595385,-0.35116607551133094,-0.4308826448509302,-0.4266659167343101,-0.49172428124126644,686.69706343198,311.4332459767203,225.97508657716153,166.63901727917164,1,1,0.96875,1.0
NFLX,2022-07-19,amc,2022-07-19,0,0.4179961284961883,0.4326465366699227,0.07345132098767415,0.060903666833503234,0.09815008089417132,0.19600256129401927,112.51691038863282,59.12417708835722,52.315486527466014,46.162776025024876,0,1,0.34375,0.34375
NFLX,2022-10-18,amc,2022-10-18,0,0.5224570066938921,0.4937344160239044,0.13086441789163628,0.20825370539644394,0.19052556299290768,0.27053054557091016,195.22836771772322,107.15459481518832,77.73744708833117,69.58793768767401,1,1,0.53125,0.53125
NFLX,2023-01-19,amc,2023-01-19,0,0.5706572333905521,0.5780090298108215,0.08461590220709558,0.15545634727686686,0.16185319539796117,0.10190646682893645,128.94214605091415,67.08851401083474,50.748377287776115,41.67374444369086,1,1,0.75,0.84375
NFLX,2023-04-18,amc,2023-04-18,0,0.5296015541481693,0.5305339740798999,-0.03170508513908443,-0.03341318248302849,-0.04839675825026912,0.018759348837900536,51.14540063072589,27.99155268250249,25.96094978595479,24.528822729689345,0,1,0.5625,0.65625
NFLX,2023-07-19,amc,2023-07-19,0,0.5636241983196262,0.5616684901959469,-0.08410976749907251,-0.11499404739796804,-0.10027424701880672,-0.15617998304277203,139.47144974243542,65.03483630780691,53.0456773169886,41.16231831244346,1,1,0.71875,0.71875
NFLX,2023-10-18,amc,2023-10-18,0,0.40207363945112784,0.4217608480147882,0.16054763975038244,0.18793150051409535,0.2137554994879982,0.34882580070462654,236.35871767565396,106.96878393357582,78.74796017876707,56.858504450836435,1,1,0.28125,0.25
NFLX,2024-01-23,amc,2024-01-23,0,0.41583993619079296,0.4661917438334475,0.10703178756681098,0.14356240117199293,0.12940123229156342,0.1956154738171758,161.41575565635472,78.16671250921448,55.748939755239455,44.019930387479555,1,1,0.3125,0.4375
NFLX,2024-04-18,amc,2024-04-18,0,0.35299723964873375,0.3747912845522442,-0.09093288392014132,-0.07494759289702568,-0.0743743511590792,0.017262854735107913,151.34176770627997,79.8706795670425,58.42278745545399,43.498040553538246,1,1,0.125,0.125
NFLX,2024-07-18,amc,2024-07-18,0,0.38225826058130014,0.3526042962819331,-0.015084616941612339,-0.01391827018335745,-0.028287512751448807,0.04825511297801466,24.1285328807833,21.238571776834124,16.860323520962215,23.544256114544442,0,1,0.1875,0.09375
NFLX,2024-10-17,amc,2024-10-17,0,0.5027219516095643,0.4785098269554021,0.11087036453117594,0.09728790083307026,0.09944008575898855,0.1982259064129075,166.91064018056386,76.82936559109076,55.03598135635889,40.9715077543541,1,1,0.46875,0.46875
NFLX,2025-01-21,amc,2025-01-21,0,0.5520292164706472,0.5025082666380619,0.0969436980385241,0.11745695043543036,0.1439494625438742,0.17806549130762428,146.88341843018728,69.79255861448026,50.2261717515061,38.73878887576542,1,1,0.65625,0.5625
NFLX,2025-04-17,amc,2025-04-17,0,0.27022347649237916,0.2583374524795126,0.015292426142407889,0.13206168657422457,0.18854506445541808,0.22466932926674832,24.09222557755248,49.90804230420603,37.66001407686944,31.966240243011594,0,1,0.03125,0.03125
NFLX,2025-07-17,amc,2025-07-17,0,0.43647326038623147,0.43872168284538804,-0.05095863366074482,-0.07331049570616399,-0.09007430242417713,-0.027641548450280884,83.02826692762726,47.788937077620375,36.20654338900482,30.897753291812798,1,1,0.40625,0.375
NFLX,2025-10-21,amc,2025-10-21,0,0.348572110254116,0.34608886966029984,-0.10068071763447539,-0.11185404517085795,-0.11953924566994145,-0.11386798157636624,168.4557608063069,76.50242249399409,56.760678468375026,45.891040955074004,1,1,0.0625,0.0625
NFLX,2026-01-20,amc,2026-01-20,0,,,-0.02177402566312825,-0.01925281072710683,-0.08388722800391668,-0.11757966863457714,34.94705921577292,30.94623816579273,30.236750539626666,31.003062905228212,0,1,,
NFLX,2026-04-16,amc,2026-04-16,0,,,-0.09722611808071646,-0.13888116795206995,-0.13155209374465393,-0.19268952682111895,162.36949001244082,77.03883773143218,55.638521077463196,42.80856513716497,1,1,,
NFLX,2026-07-16,amc,2026-07-16,0,,,-0.07262947729257152,-0.07343643842001035,,,119.6971109015462,56.59308420259058,,,1,1,,
NVDA,2018-02-08,amc,2018-02-08,0,0.3780597262166119,0.4272167449385814,0.06693637020583765,0.13322928707003245,0.13131153333297818,0.14892997473415814,102.8530576896777,58.17941885151067,46.25153710425176,38.26418245266757,1,1,0.1875,0.34375
NVDA,2018-05-10,amc,2018-05-10,0,0.4788049629186858,0.4270691476298151,-0.021527484577837708,-0.04774547576881938,-0.047233573712152754,0.002503126868396155,34.547026360529784,32.27142385982628,25.699888047556023,22.785850774787782,0,1,0.625,0.3125
NVDA,2018-08-16,amc,2018-08-16,0,0.3822764388588027,0.39205354345253457,-0.0490211869879571,0.03651347422431095,0.07971551401992394,0.06463588113998164,79.79082519495522,48.881492693297254,37.5450201682281,30.233759999569337,1,1,0.21875,0.1875
NVDA,2018-11-15,amc,2018-11-15,0,0.38291085418148374,0.3740993756940955,-0.1875584613566207,-0.2835612832168368,-0.19169191321036883,-0.2732497975847703,329.73149801959124,175.71444213417587,130.4457382300923,99.74793047637908,1,1,0.25,0.09375
NVDA,2019-02-14,amc,2019-02-14,0,0.40977684593418146,0.3932475242681662,0.018184273124736805,0.030156169885289907,0.013468352701524466,0.09444233946589287,28.60731823964402,25.360559611179877,20.96419632433994,34.628288321740186,0,1,0.28125,0.21875
NVDA,2019-05-16,amc,2019-05-16,0,0.30741348842321115,0.3283766217958927,-0.022847576523910784,-0.08034194777677928,-0.15341397466434825,-0.09360409683084292,36.69015848656857,41.21378055893394,35.35319260193974,38.79841250985133,0,1,0.03125,0.03125
NVDA,2019-08-15,amc,2019-08-15,0,0.5944453221423518,0.6129579522964359,0.07252807787861615,0.15265156823452442,0.12364909416510983,0.21253192686157418,111.15100436835175,71.73747089589729,61.94340399000306,50.232513725499004,1,1,0.96875,0.96875
NVDA,2019-11-14,amc,2019-11-14,0,0.5947431149004259,0.5921966152946063,-0.026693692694590876,0.0018585884317328105,0.033890507254094704,0.07400754196006787,42.950765755912194,38.31524604788965,37.7830956504147,32.08570162997715,0,1,1.0,0.9375
NVDA,2020-02-13,amc,2020-02-13,0,0.42516412720098895,0.4306561103171074,0.07020440096192182,0.08601050004310618,-0.002025810829066499,-0.2742542799566148,107.70799481701046,75.75700605394164,82.06299110415367,119.7555320294083,1,1,0.3125,0.375
NVDA,2020-05-21,amc,2020-05-21,0,0.36404651896522966,0.34197622446222636,0.028603121166674406,0.011423924429623034,0.016959314728380637,0.0861342165024015,44.76879297070601,47.7651732819025,35.26248732062953,39.850906473166354,0,1,0.0625,0.0625
NVDA,2020-08-19,amc,2020-08-19,0,0.443054679608666,0.43330679628995894,0.00020569162783767858,0.05227156251679732,0.18225422711686567,0.004481251792204821,0.3264917592562262,31.172541643382935,40.367031618219386,60.8459244552949,0,1,0.375,0.40625
NVDA,2020-11-18,amc,2020-11-18,0,0.4585700923780117,0.44480064447388934,0.0008563993041819096,-0.014446451292262852,-0.002144100898060275,-0.01138076003779942,1.35890994735276,26.233407508707597,20.86518285991845,21.817662973545673,0,1,0.46875,0.4375
NVDA,2021-02-24,amc,2021-02-24,0,0.43148867296079585,0.42502584938340754,-0.08217802447319578,-0.1168527107588535,-0.13976444240364294,-0.13514179809682858,136.12681571863945,76.05018542964815,77.64724234869922,60.760152765672125,1,1,0.34375,0.28125
NVDA,2021-05-26,amc,2021-05-26,0,0.4708319990725009,0.46643626364887636,-0.01350335992742413,0.08087542235342471,0.11012697123668014,0.2124431324205256,21.581964025660405,42.337629343908354,35.25682447097327,32.59289170737564,0,1,0.59375,0.625
NVDA,2021-08-18,amc,2021-08-18,0,0.4447729454183763,0.47042897329352107,0.03981077269925448,0.166648974732299,0.1788316809468724,0.15041270457806943,61.97209006450905,60.706295995154846,45.42516988965258,33.93471664982723,0,1,0.40625,0.71875
NVDA,2021-11-17,amc,2021-11-17,0,0.5925222273695037,0.6170582828326194,0.08249895396025608,0.11663954614889294,0.09804613247813787,-0.04977939319361979,125.84073938658646,70.29545668455424,65.2281159743496,71.92094391185358,1,1,0.9375,1.0
NVDA,2022-02-16,amc,2022-02-16,0,0.5447380100910832,0.4775966428854634,-0.07559123813018354,-0.10422090606220846,-0.1053509162739441,-0.0020176640147717695,124.77509575622243,80.9075960806235,63.962903689397024,72.06716831641374,1,1,0.84375,0.75
NVDA,2022-05-25,amc,2022-05-25,0,0.5504133014005193,0.5307051678389783,0.05160519686478704,0.15416780256845475,0.06343532989461731,-0.00603430098454083,79.87696090906093,71.69627072169975,58.589244715413024,64.60606561351132,0,1,0.875,0.875
NVDA,2022-08-24,amc,2022-08-24,0,0.48335846755038736,0.46795350468361524,0.04012309687937643,-0.12356293500098281,-0.18742560490610582,-0.27303912912622763,62.44883528838295,80.3009895636549,71.91064966207227,65.13880783788811,0,1,0.65625,0.65625
NVDA,2022-11-16,amc,2022-11-16,0,0.5033727330907866,0.5050587638711882,-0.01464486499826545,0.03827762725473338,0.07727123129559477,0.041812623677253136,23.419914877737796,42.23821825172552,52.88125039654954,51.14853419029634,0,1,0.75,0.8125
NVDA,2023-02-22,amc,2023-02-22,0,0.46372545765558526,0.46372356914734303,0.14021418728487856,0.0936689660546377,0.1653230876046461,0.3103799806704408,208.2991461557568,95.82597867162538,73.21899359896956,58.72084254608843,1,1,0.5,0.59375
NVDA,2023-05-24,amc,2023-05-24,0,0.4969689244169976,0.48616054670893083,0.24369644289811632,0.3023119463024073,0.2611825704755242,0.3306765841843149,346.20388393766007,166.44470674164256,119.8300640726292,87.5599055696421,1,1,0.71875,0.78125
NVDA,2023-08-23,amc,2023-08-23,0,0.45174265888621284,0.4448476045845492,0.0009973908838554202,0.04558948397129159,-0.01849030470352342,-0.11678777996202372,1.5825198788368116,36.70343368026875,32.71644993926775,31.465344425158314,0,1,0.4375,0.46875
NVDA,2023-11-21,amc,2023-11-21,0,0.48509312246468017,0.45928687650448896,-0.024587659407715345,-0.03612051629990831,-0.08883941487928548,-0.019015175915227722,39.51956186904803,24.742249314135194,31.154848642030984,30.548240520835574,0,1,0.6875,0.53125
NVDA,2024-02-21,amc,2024-02-21,0,0.5078271976439964,0.45991702806720414,0.164008740825639,0.15104045661989773,0.31468105059821605,0.3552182096984833,241.08592647180532,108.3427767877534,83.20791724380116,68.81602324279946,1,1,0.78125,0.5625
NVDA,2024-05-22,amc,2024-05-22,0,0.5271253677539832,0.46888293921838553,0.0931965430508428,0.1637704348923561,0.27433390479086617,0.24401987896283162,141.4514101729689,86.00768354616235,70.71776876635901,61.052974326277244,1,1,0.8125,0.6875
NVDA,2024-08-28,amc,2024-08-28,0,0.46679137919987,0.5297872158984294,-0.06384855796388889,-0.1464851900268318,-0.05142751387536659,-0.03343381276585444,104.73685744036145,86.84764758050547,78.80663002565306,59.748447994713636,0,1,0.53125,0.84375
NVDA,2024-11-20,amc,2024-11-20,0,0.5659143958581219,0.545348329066084,0.005346458649429842,-0.07231494389560089,-0.0056208106068510455,-0.07663816088023923,8.464632195233964,39.5118061297718,35.01133409450246,34.56370198284425,0,1,0.90625,0.90625
NVDA,2025-02-26,amc,2025-02-26,0,0.374513252513187,0.386102145653367,-0.08478062880758996,-0.10649000271920828,-0.11829184367905143,-0.15112546817874506,140.6346344665304,95.3622565076287,85.12089265292965,67.78697946077862,1,1,0.09375,0.15625
NVDA,2025-05-28,amc,2025-05-28,0,0.3756804659504436,0.39469423165378903,0.032490058140819844,0.052740790780891444,0.05956467209858385,0.17024645382936554,50.75622578941639,38.596607636626935,29.622917582526664,30.059459147913504,0,1,0.125,0.25
NVDA,2025-08-27,amc,2025-08-27,0,0.47048363492205053,0.45818008865603355,-0.007874547726525405,-0.05473581777068337,-0.024339304638893,-0.018722211957621027,12.549934619293287,28.680945247671264,32.0535007141049,32.20673595595531,0,1,0.5625,0.5
NVDA,2025-11-19,amc,2025-11-19,0,0.3758762932753662,0.3813796652989912,-0.03152478448099327,-0.03356210299238116,-0.016779863770297387,-0.029594279387860856,50.8498380155712,34.84668498460211,30.238929933875582,32.51400921003601,0,1,0.15625,0.125
NVDA,2026-02-25,amc,2026-02-25,0,,,-0.05456124072866231,-0.06402126086676985,-0.048680347736634655,-0.1243133235791084,89.0657737246362,56.23171683733251,45.20584279108309,39.0405488096636,1,1,,
NVDA,2026-05-20,amc,2026-05-20,0,,,-0.017720537361840427,-0.04125836795177784,-0.02038373476692168,-0.06522946886240422,28.38270877803489,20.887749375714588,40.61180183652062,43.512794767396855,0,1,,
NXPI,2019-10-29,bmo,2019-10-28,0,0.3735975519542374,0.3118325435208046,0.053014300973052375,0.08495167726205999,0.0884489856925863,0.07344685441349141,82.00265038562604,45.84709167345139,34.25830315142907,25.943067282253296,1,1,0.24,0.12
NXPI,2020-02-04,bmo,2020-02-03,0,0.3201157654135426,0.33596736354536805,0.03826578440340089,0.059586274282330765,0.0649962306488252,-0.03524272279681118,59.61164446003237,37.87911810209656,32.41599616954098,43.679435315676315,1,1,0.08,0.16
NXPI,2020-04-28,bmo,2020-04-27,0,0.20736584841062702,0.21375558367031497,0.012457156117046564,-0.005868379753173891,0.05590427745301674,0.07474520484370317,19.652964827981105,82.96046250134951,63.403549026703054,72.34745241552763,0,1,0.04,0.04
NXPI,2020-07-28,bmo,2020-07-27,0,0.3622446842202757,0.34114568253408395,-0.041583533184854526,-0.009065162490397682,0.009564156463221618,0.05879928162280401,67.42359121005393,40.95966259962364,32.96875406949095,29.39296487992578,0,1,0.2,0.2
NXPI,2020-10-27,bmo,2020-10-26,0,0.32538955454143004,0.28125676034873015,-0.012306198019337411,0.017940613567124508,0.07391231532060849,0.1748090246492109,19.656682851978072,41.889641855502944,36.501809863078996,35.23488268335206,0,1,0.12,0.08
NXPI,2021-02-02,bmo,2021-02-01,0,0.38827705196712253,0.3862069006387624,0.033113733645061094,0.09671755740138077,0.13933419097634236,0.026001170937258955,51.71483576470535,45.9587189758658,36.3551161934398,42.09182907401588,0,1,0.28,0.24
NXPI,2021-04-27,bmo,2021-04-26,0,0.4961882618476678,0.4374194892900588,-0.007901784500216391,-0.06428632037246085,-0.07799251422784259,-0.0012682904759225844,12.59351542979007,35.53847130806903,37.33956551117686,36.98615034644709,0,1,0.52,0.32
NXPI,2021-08-03,bmo,2021-08-02,0,0.4637051562091095,0.5235480981618997,0.007417083027866811,0.03890319370399231,0.0200975106532435,0.029428726014622653,11.730803695157915,14.187071823444144,14.695051931626256,29.878744835968856,0,1,0.4,0.68
NXPI,2021-11-02,bmo,2021-11-01,0,0.509116047221368,0.5275529182213285,0.006970890435702648,0.08750534377023955,0.05143073410292276,0.08711526680858261,11.027554070618063,37.194666338146206,33.497564013652784,33.8109879924841,0,1,0.6,0.72
NXPI,2022-02-01,bmo,2022-01-31,0,0.49633940990422537,0.4717471185014631,0.013434569096464566,-0.04147203614979289,-0.0952103933888595,-0.08318752130987372,21.18472993084881,43.63646707575196,56.439989561493256,55.463401382530805,0,1,0.56,0.48
NXPI,2022-05-03,bmo,2022-05-02,0,0.5197621906652928,0.5174056629294563,0.0060450630957313845,-0.02316405562631163,-5.6413864061966024e-05,0.04276843379048478,9.567351591667359,46.81775955250881,51.33252405084385,50.72149235689852,0,1,0.68,0.6
NXPI,2022-07-26,bmo,2022-07-25,0,0.4215836137714077,0.4553272696369867,0.0018952275368824267,0.05955320126536168,0.0334808102425983,-0.0010910570727703517,3.00573306907906,28.832114754530185,28.60395028876099,40.02018125009806,0,1,0.36,0.4
NXPI,2022-11-01,bmo,2022-10-31,0,0.4670058777617691,0.45321529385053505,0.03949882902722357,0.08091437563946591,0.1569688110908234,0.20372372926607696,61.49578270666633,56.55375374710931,62.37940406580735,57.41984227089918,0,1,0.48,0.36
NXPI,2023-01-31,bmo,2023-01-30,0,0.6077917031432146,0.5977205598236812,0.026911065440645254,0.043960358067981486,0.04958779113977041,-0.0033988284337260755,42.155280675307424,47.683860945653215,41.2773202723007,35.12161625827835,0,1,1.0,1.0
NXPI,2023-05-02,bmo,2023-05-01,0,0.46623850508318476,0.530447257313926,0.03313044327778658,0.012288355297706,0.011565493662627047,0.07885061295039675,51.74051106476089,35.58897081141216,29.370407736449238,38.46048142935928,0,1,0.44,0.8
NXPI,2023-07-25,bmo,2023-07-24,0,0.4205833418748364,0.47197946792921386,0.04272561469512026,0.05737851721955578,0.03722486920527657,-0.05320568267096837,66.41587435456107,32.27441466038389,30.795980585732714,31.073403345069345,1,1,0.32,0.52
NXPI,2023-11-07,bmo,2023-11-06,0,0.5167073270237204,0.46664531222263533,0.016411504729549664,0.011159847752861385,0.11236332363137858,0.12647731058798328,25.840986640747097,31.81273429377943,38.33075158657758,28.14141480810643,0,1,0.64,0.44
NXPI,2024-02-06,bmo,2024-02-05,0,0.5581436673504352,0.5318422325869703,0.008958384450634682,0.0708532148222365,0.046737656258420524,0.13677485606654538,14.15767376179068,29.72259136055521,24.192865011884244,26.309073330566957,0,1,0.76,0.84
NXPI,2024-04-30,bmo,2024-04-29,0,0.334185356369601,0.3889643597445295,0.0366608353308282,0.05058068155316975,0.06798037690174263,0.10804011222376908,57.15586780590992,36.3604302483721,26.37988385992363,25.3278945600436,0,1,0.16,0.28
NXPI,2024-07-23,bmo,2024-07-22,0,0.5271179719823917,0.5295245777331173,-0.07579014751382362,-0.09865752710246967,-0.1705365554882815,-0.10496448192122598,125.11671176754572,65.71994013870946,66.34959264582156,56.54755684196172,1,1,0.72,0.76
NXPI,2024-11-05,bmo,2024-11-04,0,0.5877475028628505,0.5121532976241101,-0.05170957286873845,-0.04162095740654903,-0.07053600373811997,-0.05588856275193277,84.28485167763785,50.57546543126436,40.328400585723095,34.58988057649153,1,1,0.92,0.56
NXPI,2025-02-04,bmo,2025-02-03,0,0.5628210175479809,0.5204267593666188,-0.011380859202983706,0.025985318726091222,0.11786252292752408,0.05880918556073356,18.170147083805656,42.851604423336994,39.51327631692244,46.217327908964904,0,1,0.8,0.64
NXPI,2025-04-28,amc,2025-04-28,0,0.5875143602949959,0.5770950161648838,-0.0694049318030936,-0.057531713250990824,0.054983681241577154,-0.00015289146137364984,114.18698473101378,58.94315044317684,59.031036834934824,47.79685451061169,0,1,0.88,0.92
NXPI,2025-07-22,bmo,2025-07-21,0,0.5781519109726456,0.5673457298392384,-0.0011828978295896908,0.0009636259767820121,-0.07131913960255798,0.004380742747173594,1.8789035847983624,19.701360884631907,27.56719498218701,36.57692516005952,0,1,0.84,0.88
NXPI,2025-10-28,bmo,2025-10-27,0,0.6035089240273163,0.5875598984354895,-0.03881563266971544,-0.05041527052378869,-0.07415597895222159,-0.1378407467752658,62.84565102885548,41.42582154406682,37.34645116434176,34.79448957046849,0,1,0.96,0.96
NXPI,2026-02-03,bmo,2026-02-02,0,,,-0.04509256048876131,-0.009390648166512583,0.06062835557496138,-0.06365760551259014,73.246352720479,44.03456733794193,47.35302010440129,40.00490824447428,0,1,,
NXPI,2026-04-28,amc,2026-04-28,0,,,0.2554798892462318,0.26893528254471843,0.27709541497608114,0.43356910431063156,361.17343974556763,162.32587024968822,121.81814204787058,91.09534140222603,1,1,,
ODFL,2018-02-08,bmo,2018-02-07,0,0.55352616197306,0.5179330179135795,-0.07253005290650949,-0.02457565965711228,-0.020279851995713916,0.040267462496651474,119.52692772667407,60.16125812925868,44.77606584651355,34.64431657002285,1,1,0.4375,0.3125
ODFL,2018-04-26,bmo,2018-04-25,0,0.626664603113564,0.5963408399254913,-0.06261911677455645,-0.06184373755230754,0.02087259224567184,0.08271607854094043,102.65343711506519,48.113267730703306,40.616690719809675,32.347090732253406,1,1,0.71875,0.6875
ODFL,2018-07-26,bmo,2018-07-25,0,0.6143778230727024,0.5863101343875535,-0.025615066448181678,-0.02507401377591001,-0.005136471433485612,-0.0014869725087335306,41.19251350064856,29.381016985516023,25.43233455851921,19.774962992848607,0,1,0.6875,0.625
ODFL,2018-10-25,bmo,2018-10-24,0,0.6067298189316954,0.5821923458538423,0.009796477829885353,0.05594687685729349,0.13618320499298098,0.045016642981949184,15.47574570352287,45.958500375081094,38.64156879016669,37.1404777315583,0,1,0.625,0.59375
ODFL,2019-02-07,bmo,2019-02-06,0,0.5559607233396614,0.5443830086640569,0.028779105293200935,0.03604540433409342,0.09360370014267905,0.02794026333995614,45.04036734048361,25.12602436176677,23.805526969350304,22.847460063486253,0,1,0.46875,0.40625
ODFL,2019-04-25,bmo,2019-04-24,0,0.43594613955600775,0.5011772844593023,-0.042091535651774814,-0.0627909717172197,-0.08393124103045402,-0.12117770515253079,68.2652323341703,36.88713837311096,35.48492937178978,29.993786731163922,1,1,0.25,0.21875
ODFL,2019-07-25,bmo,2019-07-24,0,0.1970108181571349,0.31143717091877887,-0.006157421841457844,0.017984431972144277,0.015180109415331655,0.004694425442724137,9.804821430655336,12.111473242608424,17.97883900662684,25.58479954132148,0,1,0.03125,0.0625
ODFL,2019-10-24,bmo,2019-10-23,0,0.36425540257630296,0.3866954530899598,0.004700029145367157,0.013225468380501981,0.05552527912269212,0.040659916140301844,7.443586098698382,19.54099210538566,24.637558073868814,18.69982899371734,0,1,0.15625,0.125
ODFL,2020-02-06,bmo,2020-02-05,0,0.2444952528927053,0.24497260080774952,0.052669369378302244,0.07692641715420678,0.09069800599510991,-0.04001777493913661,81.4825704286693,39.18587460659556,28.45045774342827,40.629599668313524,1,1,0.0625,0.03125
ODFL,2020-04-23,bmo,2020-04-22,0,0.3066886870164616,0.3259263830223788,0.10136489160279649,0.15875239197248803,0.18744657078508742,0.21567244316043888,153.26872456727327,72.18822414791441,56.08651411958743,44.28112399978069,1,1,0.09375,0.09375
ODFL,2020-07-30,amc,2020-07-30,0,0.31884427038111884,0.3988190422316104,0.014483321557638096,0.038732575265327585,0.06819825591996453,0.11159196893515255,22.826653477727003,15.986520474592677,16.95506241031969,13.894444285759992,0,1,0.125,0.15625
ODFL,2020-10-27,bmo,2020-10-26,0,0.5948745234170779,0.5025046278166962,-0.044453654153659206,-0.023486813295458653,0.004435123038527555,0.025502490928660304,72.18458152262944,38.9054738305461,38.574358250567784,29.830831197758034,1,1,0.5625,0.25
ODFL,2021-02-04,bmo,2021-02-03,0,0.5677285742644906,0.5574046457713577,0.03342617148408178,0.056839451275025654,0.07099852383378513,0.11276554946583062,52.19484555873647,39.162463367983925,31.700013706406153,30.969471748216726,0,1,0.5,0.46875
ODFL,2021-04-22,bmo,2021-04-21,0,0.4337445706784012,0.48258810943342967,0.016416637529562683,0.04264288655947168,0.07065258017251286,0.07255741701636476,25.849003125022207,29.151241083544203,23.26871443664396,25.790143971010117,0,1,0.21875,0.1875
ODFL,2021-07-28,bmo,2021-07-27,0,0.7469735100943217,0.7192366751112096,-0.0009255311818936462,0.05611940824408146,0.05068073602776746,0.10332873866028214,1.4699155340634342,31.18800917947509,23.251602861576778,18.91636866678594,0,1,1.0,0.9375
ODFL,2021-10-27,bmo,2021-10-26,0,0.6871240758331675,0.7271767963486246,-0.005740502564861472,0.06492488918103434,0.0803658842181143,0.10151628619149666,9.13902177034153,28.982422028106857,24.913186107131867,22.964976587172064,0,1,0.875,1.0
ODFL,2022-02-02,intraday,2022-02-01,0,0.6902551240257926,0.7230980484942082,0.05888505425958512,0.014305022366554399,-0.028021821805191305,0.06064951894100279,90.82840801993093,59.29950254371265,49.43959102041716,43.27500615752488,1,1,0.90625,0.96875
ODFL,2022-04-27,bmo,2022-04-26,0,0.7009103270735807,0.6840310774540467,-0.0004408793725126925,0.034655436078227186,0.007533840331227504,-0.07625578345859141,0.7000286321415576,59.37692579572885,50.55409071533143,64.23178745949241,0,1,0.9375,0.90625
ODFL,2022-07-27,bmo,2022-07-26,0,0.671033838716902,0.6333625636507327,0.0013915891747424691,0.07711434094985203,0.10552922634127126,0.06689858297219153,2.207543689170388,59.706387637587845,44.42900816143825,36.46799949019724,0,1,0.84375,0.8125
ODFL,2022-10-26,bmo,2022-10-25,0,0.6504183642589785,0.5882699027896028,0.0017151913898982851,-0.004233192374684225,0.058497005860066675,0.08393219163041166,2.720449541680581,33.269901947614535,44.08595216663896,46.57194380163405,0,1,0.78125,0.65625
ODFL,2023-02-01,bmo,2023-01-31,0,0.533961300137298,0.5627372397729667,0.10316911426165376,0.09740762309567574,0.07637176104615717,0.0658533631636744,155.86711072137186,70.54069927149985,53.89564715810492,43.44953760284092,1,1,0.375,0.53125
ODFL,2023-04-26,bmo,2023-04-25,0,0.40364298088505574,0.5370843566573217,-0.09974349041683495,-0.07012986656190157,-0.08020746048186433,-0.11459467181700544,166.80225754728835,78.69809282526103,58.91031992938836,43.07741255704672,1,1,0.1875,0.375
ODFL,2023-07-26,bmo,2023-07-25,0,0.5353506764584867,0.5728184412617374,0.06419300365290992,0.043655375068987645,0.03472706018861982,0.04370585478328648,98.76605870084526,56.31846091730196,41.237850369762164,34.30089461615683,1,1,0.40625,0.5625
ODFL,2023-10-25,bmo,2023-10-24,0,0.65421849632385,0.6346291201050296,-0.038585313392766496,-0.02394401272312463,0.027105507640440063,0.046255446249965804,62.46531117757925,35.0083043659466,31.419548740615046,27.15869940655398,1,1,0.8125,0.84375
ODFL,2024-01-31,intraday,2024-01-30,0,0.5957678225255424,0.6278604056994204,-0.012251814036499886,0.07497391470254455,0.07090701081546946,0.11774057695286011,19.569277707321408,37.257610052894805,29.29802887821949,27.64956823652609,0,1,0.59375,0.75
ODFL,2024-04-24,intraday,2024-04-23,0,0.4589821801678154,0.5070882006066928,-0.11045239905381976,-0.17133341917867173,-0.1572875460169233,-0.21338016020151307,185.79882617460433,99.65624784292531,73.0603321875949,52.917048814293466,1,1,0.28125,0.28125
ODFL,2024-07-24,bmo,2024-07-23,0,0.6411017432677536,0.5611910697560452,0.0039719144842986776,0.057673409650301766,0.020685992028278477,0.04668529630569718,6.29272993647954,42.69598656460486,43.11363842460649,35.23856580193303,0,1,0.75,0.5
ODFL,2024-10-23,bmo,2024-10-22,0,0.5690702520562941,0.6265227819580212,-0.0545226329764924,0.008819858152738336,0.03738421805218439,0.07406673787249218,89.00095021849755,48.166371565283654,36.713912589958206,49.87828594091312,1,1,0.53125,0.71875
ODFL,2025-02-05,bmo,2025-02-04,0,0.5001017105613723,0.5213639474831449,0.054393889598939094,0.12038548606908406,0.1167918481447805,-0.03155523027398521,84.08106060728728,44.29055797767552,35.32857864428515,44.245436176920435,1,1,0.3125,0.34375
ODFL,2025-04-23,bmo,2025-04-22,0,0.7182891946362066,0.6681840924960901,0.007627710659926734,-0.01591393672121244,0.008417140015711588,0.07969999054060684,12.062668279474293,63.37378131551673,54.23142735591164,56.16371603843208,0,1,0.96875,0.875
ODFL,2025-07-30,bmo,2025-07-29,0,0.614269691223151,0.6315040615337797,-0.09659521093776646,-0.09233912987460824,-0.07950911922635306,-0.051196697146191794,161.2604811450495,83.80647100921429,65.83600774149491,53.9385329007554,1,1,0.65625,0.78125
ODFL,2025-10-29,bmo,2025-10-28,0,0.5219448132415322,0.5454193634473927,0.0002940025507256472,0.038724416427465824,0.02513045940770997,-0.008670709708640145,0.4666459862298666,30.03280120745295,27.263391415462984,33.62672862508932,0,1,0.34375,0.4375
ODFL,2026-02-04,bmo,2026-02-03,0,,,0.09890919644944662,0.024872175238033867,0.021288889605521,0.11173641735933626,149.72525983009865,74.31434969313683,61.149605581651215,52.21061656961996,1,1,,
ODFL,2026-04-29,bmo,2026-04-28,0,,,-0.056003987456184845,-0.11584076905271046,-0.1382062785211966,-0.0041034010493595785,91.49008591240849,69.68874128834024,52.7023845971446,43.9136013100329,0,1,,
ORLY,2018-02-07,amc,2018-02-07,0,0.4354376429924052,0.34855664466210234,0.0005554525258335552,-0.01797048951325153,-0.018724107161705694,-0.006228127779958181,0.881508753601289,13.390543708002195,16.780053493433858,35.134524621116036,0,1,0.2903225806451613,0.16129032258064516
ORLY,2018-04-25,amc,2018-04-25,0,0.47983593198695507,0.45938150578996745,0.13058369604016562,0.13980753221729514,0.1657662221234213,0.17995333668817914,194.83425553492603,91.0981761834241,65.00345295170062,47.490081533787894,1,1,0.5161290322580645,0.3548387096774194
ORLY,2018-07-25,amc,2018-07-25,0,0.5301593260286813,0.50074777486931,0.022072714842172436,0.018506062779044763,0.070121149688392,0.11591522939252452,34.65823964147789,21.586276594570393,20.161825418184392,18.59493611407764,0,1,0.7096774193548387,0.5483870967741935
ORLY,2018-10-24,amc,2018-10-24,0,0.4413130781783159,0.4488725421689118,0.0053279386613960256,-0.006442995868563228,0.059783798365894425,0.0861134876901477,8.435388703982737,22.965296453428135,24.059907316198753,32.774609060528995,0,1,0.3225806451612903,0.3225806451612903
ORLY,2019-02-06,amc,2019-02-06,0,0.5256552658122848,0.5077654760042802,0.033482269093274564,0.06730386090842866,0.07601379135697939,0.029636287951818385,52.28101502044454,36.34033280523845,28.200672944832245,24.845982731943504,0,1,0.6774193548387096,0.6129032258064516
ORLY,2019-04-24,amc,2019-04-24,0,0.3272868132097057,0.39417136369666494,-0.04212146254811855,-0.05838013059119562,-0.07294999379418132,-0.07705881551150329,68.31482811397393,33.99218653549597,28.52488220885938,24.40690364057446,1,1,0.16129032258064516,0.1935483870967742
ORLY,2019-07-24,amc,2019-07-24,0,0.549434795092539,0.5213467165472842,-0.05170233035919225,-0.039697290051959544,-0.052105904177447204,-0.03611599633702467,84.27272766663482,43.808069296455066,36.504983429539514,28.73391836592382,1,1,0.8064516129032258,0.7096774193548387
ORLY,2020-02-05,amc,2020-02-05,0,0.5111462123748923,0.44411301278946125,-0.05028503422396702,-0.06378659788727492,-0.0573220821554018,-0.12196744421803563,81.90194441581696,42.108558575647834,31.186475307805566,35.8996947336967,1,1,0.5806451612903226,0.2903225806451613
ORLY,2020-04-22,amc,2020-04-22,0,0.43395448217453614,0.5065815994410647,0.017025984297236896,0.06180418626404438,0.0801063890947682,0.09781130891061118,26.800402514659865,28.533847002201597,30.884690396477787,30.378144014438448,0,1,0.25806451612903225,0.5806451612903226
ORLY,2020-07-29,amc,2020-07-29,0,0.47254102555355476,0.46304220271430474,0.054303756435214456,0.027996557004895672,0.01698227455123935,0.014941762611614173,83.94535413271157,38.789867672297376,30.795082902201948,22.61684849728769,1,1,0.45161290322580644,0.41935483870967744
ORLY,2020-10-28,amc,2020-10-28,0,0.602561137134742,0.5755774616553367,-0.013698297917996038,0.018241826708757847,0.047446844658137755,0.0017179460365495114,21.895685363390825,17.58556519968939,16.388271848749465,17.903312277289785,0,1,0.9354838709677419,0.8387096774193549
ORLY,2021-02-10,amc,2021-02-10,0,0.38445801627615356,0.4070351796687355,-0.05106581518532716,0.00449100435900629,-0.023177877129385016,0.05733120908006084,83.20755837907741,44.606689248584935,33.950516854100016,29.264242405462216,1,1,0.1935483870967742,0.22580645161290322
ORLY,2021-04-28,amc,2021-04-28,0,0.433918696519388,0.46102052100079616,0.03444564629587976,0.05887135657006537,0.036544072411386797,0.0002836412658449028,53.760093664686195,26.053585298860444,21.36585160318123,17.1933085483448,1,1,0.22580645161290322,0.3870967741935484
ORLY,2021-07-28,amc,2021-07-28,0,0.4992645375066277,0.5294274743882086,-0.02176872510702499,-0.0061680088257626275,-0.013796120790845579,-0.01527255681002715,34.93845757425124,23.892859358450423,17.529913341158895,15.688132732464085,1,1,0.5483870967741935,0.7419354838709677
ORLY,2021-10-27,amc,2021-10-27,0,0.5816834211023736,0.513141570321256,-0.04017211055806447,-0.04513405910738366,-0.004577900341907526,-0.02338123109206469,65.08753391244818,29.44081310068494,24.519590438528933,21.108737824049822,1,1,0.9032258064516129,0.6451612903225806
ORLY,2022-02-09,amc,2022-02-09,0,0.5235518395699086,0.5893234466415259,0.0284746468632735,0.05969823897510462,-0.0047795735948601425,0.054496898867647525,44.57050524679892,28.20251497036606,32.10280865255085,30.170197749149057,0,1,0.6451612903225806,0.9032258064516129
ORLY,2022-04-27,amc,2022-04-27,0,0.4690479042287808,0.48199457733091294,-0.12618993030926762,-0.11946047561434037,-0.1482706953173546,-0.10394086275191838,214.13479013233467,102.17998375831473,75.18529685747917,65.95469805029197,1,1,0.41935483870967744,0.4838709677419355
ORLY,2022-07-27,amc,2022-07-27,0,0.5448723573131977,0.5341071423199173,0.025543947122783628,0.023165073308423212,0.04413984965975648,0.03529159443558827,40.04051240336558,19.28533893647065,14.479775278824228,14.700258067442274,0,1,0.7741935483870968,0.8064516129032258
ORLY,2022-10-26,amc,2022-10-26,0,0.47900639822148594,0.49797436192707645,0.04599598825297346,0.04842697093963699,0.06590693612425547,0.10098271168721973,71.38691627041892,41.06446006521399,30.743994437062604,26.33846635984063,1,1,0.4838709677419355,0.5161290322580645
ORLY,2023-02-08,amc,2023-02-08,0,0.6107092163363361,0.6055863587027671,0.03764482166679883,0.09381986906648221,0.06832959874675448,0.0413533667928454,58.661942858036234,35.37281680353351,28.82171880431291,24.018787585267585,1,1,0.967741935483871,0.967741935483871
ORLY,2023-04-26,amc,2023-04-26,0,0.4656634420799358,0.4746963940586588,0.024010259496247466,0.041903330829591745,0.06773649256127645,0.0456497286347628,37.66472348714785,20.394155929451298,15.714604768275544,19.082011336343758,0,1,0.3870967741935484,0.45161290322580644
ORLY,2023-07-26,amc,2023-07-26,0,0.5175915340177726,0.5311601820563394,-0.047648083912755546,-0.04883904601671829,-0.037157448769311485,-0.031565177116650966,77.50038360045299,36.957568296446446,27.321602621412953,22.336145765996875,1,1,0.6129032258064516,0.7741935483870968
ORLY,2023-10-25,amc,2023-10-25,0,0.6215412588806822,0.6027407605144524,0.053399157049207835,0.08085310099484411,0.11290171209460098,0.12828607090688338,82.58272651959506,38.98732897967312,29.390018101528874,22.2069703651518,1,1,1.0,0.9354838709677419
ORLY,2024-02-07,amc,2024-02-07,0,0.5525359661898255,0.5841516787736095,-0.0432887451128906,-0.01660702872863673,-0.011443126557378225,0.016100902607670387,70.25049481676635,33.526312413813315,25.9953224831765,19.917610437810783,1,1,0.8387096774193549,0.8709677419354839
ORLY,2024-04-24,amc,2024-04-24,0,0.4619032168324512,0.4150153176590952,-0.03529790772209673,-0.08015923071235309,-0.06622125440320525,-0.10691863289233383,57.04653299923685,32.010943227096675,23.053435440812937,19.055725246941805,1,1,0.3548387096774194,0.25806451612903225
ORLY,2024-07-24,amc,2024-07-24,0,0.5376109031170448,0.5163204804981745,0.04016329377587602,0.07197989727753673,0.055524392990753846,0.0732457388127361,62.510183182849424,34.91913258998868,28.790152743351715,21.869368024108276,1,1,0.7419354838709677,0.6774193548387096
ORLY,2024-10-23,amc,2024-10-23,0,0.5760803163356896,0.6197086158276146,0.00043362063881557944,-0.030885927807889235,0.02910153689124928,0.004577923174713838,0.6882022256280491,15.453418982824807,32.802799214571294,25.30262773717027,0,1,0.8709677419354839,1.0
ORLY,2025-02-05,amc,2025-02-05,0,0.20962246763524478,0.1996983266721045,-0.012979856466725836,-0.017756489822131183,-0.02655312096891449,-0.021680146872520623,20.73977610317718,14.556795595873307,16.85408276551462,18.85956707436562,0,1,0.03225806451612903,0.03225806451612903
ORLY,2025-04-23,amc,2025-04-23,0,0.26398254528202675,0.33305530416629814,-0.02052152397004625,0.025135801703606964,-0.0017457524844787242,-0.011379928679391638,32.9158179128701,25.644102416237956,19.83876195013317,20.706033335518413,0,1,0.06451612903225806,0.0967741935483871
ORLY,2025-07-23,amc,2025-07-23,0,0.28590030479384854,0.28823659503003174,0.028715212175049132,0.04150072480048994,0.09452949534216737,0.07807592455038792,44.9417744259457,23.743224806471535,24.240810024415758,20.06216207218213,1,1,0.0967741935483871,0.06451612903225806
ORLY,2025-10-22,amc,2025-10-22,0,0.3231363516239849,0.33894177670131503,-0.02904853737773916,-0.06610021244859998,-0.06195036755047589,-0.021736952555508005,46.796142568000654,28.26350500709659,28.475313660839173,22.77843889259338,1,1,0.12903225806451613,0.12903225806451613
ORLY,2026-02-04,amc,2026-02-04,0,,,-0.040107477145925,-0.027186244691896344,-0.02656605077088514,-0.022121143652101494,64.98064088747863,33.71542164854813,34.39205485814441,29.590751435189677,1,1,,
ORLY,2026-04-29,amc,2026-04-29,0,,,0.08408767454662969,0.0337004717593421,-0.02170362569720463,-0.052459429162542315,128.16884033896534,64.33643425238598,48.684138197535745,38.22422686787538,1,1,,
PANW,2018-02-26,amc,2018-02-26,0,0.42537639811460004,0.38885757279498107,0.023151441525062433,0.06467047510082025,0.12054105709967966,0.05976854844209423,36.33280003113866,25.30620522991286,22.01749784416641,25.977957789236772,0,1,0.15625,0.09375
PANW,2018-06-04,bmo,2018-06-01,0,0.6075713326084917,0.5844367093657651,-0.005258406475258215,-0.04713418488298948,0.025861600185827616,0.0011950128073818789,8.369485911219785,22.26751475396151,30.569041854664093,28.37746747114478,0,1,0.90625,0.875
PANW,2018-09-06,amc,2018-09-06,0,0.2872274110094953,0.3178454652340307,0.03285389700493724,0.0713799340929977,0.043744609535078194,-0.0211462018721843,51.31552855890177,35.81787212446741,28.746093130182505,22.078170319419634,0,1,0.03125,0.03125
PANW,2018-11-29,amc,2018-11-29,0,0.5756343767396602,0.542847326610613,-0.017608624938277972,-0.005452991012959041,0.045328028423210265,0.040670240889514986,28.20185867164502,43.741129569604716,40.28648418699656,43.362089285459106,0,1,0.84375,0.65625
PANW,2019-02-26,amc,2019-02-26,0,0.38953037581387207,0.3531825184040579,0.08206330062491407,-0.005136845206492158,0.019825997324351308,0.0165570339944201,125.20173883322781,66.366210846559,48.76911137671204,37.32994122160203,1,1,0.0625,0.0625
PANW,2019-05-29,amc,2019-05-29,0,0.44804611577864967,0.46491334312024113,-0.05117962590170322,-0.07481880895976967,-0.05698490370528797,-0.048439464196233795,83.39796120077752,46.401042157550116,35.33167254200239,29.9224410298612,1,1,0.28125,0.25
PANW,2019-09-04,amc,2019-09-04,0,0.5163079091418588,0.48323983830907347,0.05765872233959257,0.06942988571776931,0.04838141080892133,0.03975253500696718,88.98886015851416,53.53026018186865,44.57391309267319,34.398983135316755,1,1,0.5,0.375
PANW,2019-11-25,amc,2019-11-25,0,0.5681250946995573,0.6028290323291035,-0.11950616832344141,-0.09297588455312811,-0.09984819248461352,-0.06688511097495176,202.03860252026126,92.52041053687428,66.13600768031536,46.10112276407779,1,1,0.78125,0.96875
PANW,2020-02-24,amc,2020-02-24,0,0.4288222589610736,0.4970978083353767,-0.17010068177526583,-0.2024186077372533,-0.33097375993648825,-0.32279947760202277,295.98161024274054,136.94608119494174,113.83028011953778,112.03433145525072,1,1,0.1875,0.53125
PANW,2020-05-21,amc,2020-05-21,0,0.5556404986040324,0.4912657684387451,0.036731994229983744,0.025141597573274055,0.008235258214613905,0.014727623634088971,57.26483051560491,38.15287281695832,35.89396366704112,32.96920628987745,0,1,0.6875,0.4375
PANW,2020-08-24,amc,2020-08-24,0,0.6330190618521562,0.5913009611637561,-0.022765546045212748,-0.036170221518406986,-0.1240872621988186,-0.10461675082225885,36.556899970030244,29.33687974021489,39.77367509901204,33.27596892157144,0,1,0.96875,0.90625
PANW,2020-11-16,bmo,2020-11-13,0,0.5083249704854488,0.4925108866721063,0.0765365074916109,0.1287590765312876,0.13614221851339892,0.22709695388106432,117.07282930070409,74.1980694805827,53.10914361275969,40.97881018348567,1,1,0.4375,0.46875
PANW,2021-02-22,amc,2021-02-22,0,0.5669255230322546,0.5333062095645766,-0.016885684973322657,-0.04412646401597664,-0.1375569390825957,-0.15805905824192545,27.034086251955024,32.64896914427272,35.5212864117437,37.350236014711726,0,1,0.75,0.59375
PANW,2021-05-20,amc,2021-05-20,0,0.5252861951275257,0.49402876299722803,0.057970194384882046,0.07201029397076497,0.043083621476103895,0.08275202039553076,89.45628291207495,40.572789843155356,32.36050263969138,27.023666770071014,1,1,0.5625,0.5
PANW,2021-08-23,amc,2021-08-23,0,0.5471982030446944,0.5777912314715214,0.18600523706105343,0.23147320847149677,0.24175320153199764,0.27753167620847785,270.8043667840695,122.68354791134477,87.2457546177768,61.376327756404805,1,1,0.65625,0.8125
PANW,2021-11-18,amc,2021-11-18,0,0.5390304642591521,0.5552567897308186,0.01990421111057805,0.025481288330191365,0.0016730703459835183,0.018461875696287322,31.286610702024397,37.277085278731896,39.08029359910533,43.10206227368562,0,1,0.625,0.75
PANW,2022-02-22,amc,2022-02-22,0,0.5058679423115229,0.5435221068058764,0.004416388115376035,0.21290829881646256,0.10439324530207639,0.2702992989575914,6.995363013859011,101.9430024158579,77.61385192815182,62.10501672431501,0,1,0.40625,0.6875
PANW,2022-05-19,amc,2022-05-19,0,0.5199419641760882,0.45368719560413223,0.09695899817133702,0.15060610650891548,0.17464538709496047,0.14435002740057112,146.90555998451634,90.17257411021023,66.0506140898582,55.98550050170567,1,1,0.53125,0.1875
PANW,2022-08-22,amc,2022-08-22,0,0.4161126478532403,0.4813233094291783,0.1209723240626095,0.10026569303552302,0.04426724567469442,0.010451661942013635,181.281252591411,84.486031595029,61.52452698652697,48.33400452869523,1,1,0.125,0.34375
PANW,2022-11-17,amc,2022-11-17,0,0.4347803990258178,0.4727940216027992,0.06974960615248116,0.10353862395661118,0.10302762604972404,-0.03857941607256543,107.03324724161867,50.205636206777704,46.407577609366435,39.37662428766642,1,1,0.21875,0.28125
PANW,2023-02-21,amc,2023-02-21,0,0.5707882811815582,0.5809124704617695,0.12499251415088342,0.12870750677749343,0.12169691193523668,0.14380729874631792,186.96420953288833,84.37815954310264,61.269672116377635,45.94320381623872,1,1,0.8125,0.84375
PANW,2023-05-23,amc,2023-05-23,0,0.6316037109638765,0.5988389177974138,0.07678924656695352,0.12464421424999084,0.13971747517310495,0.28565402856065014,117.44547226478399,55.613504814854906,49.69976847662229,44.650943053514666,1,1,0.9375,0.9375
PANW,2023-08-18,amc,2023-08-18,0,0.4402586919523529,0.4434538345951641,0.14840953195125928,0.10048162439846076,0.15751823355777983,0.12628163202458054,219.6682164278264,103.67889503472259,74.82077211733092,54.185279064932956,1,1,0.25,0.15625
PANW,2023-11-15,amc,2023-11-15,0,0.509653593217837,0.5341608304300896,-0.05418061527384699,0.02716848376783587,0.15188541172047532,0.19954718002464955,88.42680840122159,56.641985617737355,49.22271468374922,43.528876028809144,1,1,0.46875,0.625
PANW,2024-02-20,amc,2024-02-20,0,0.46185923225829556,0.5013138810895501,-0.2844109267085455,-0.14023873050741675,-0.20475837145217213,-0.22956106254090414,531.2391306456551,247.6481516494252,176.50063890122746,123.9605576213644,1,1,0.3125,0.5625
PANW,2024-05-20,amc,2024-05-20,0,0.40501011160150124,0.4346614409816736,-0.03740305081534634,-0.04867646719221208,-0.10402444271744726,-0.03931797541683968,60.51440416658287,47.79067123770619,41.69508367609248,33.473584421422196,0,1,0.09375,0.125
PANW,2024-08-19,amc,2024-08-19,0,0.4985073780738817,0.4785896163783094,0.07179061470667181,0.010950634686727412,0.03410421269871189,-0.03963765707185529,110.05910833384533,56.26975941238602,43.335377121585694,36.276742657798266,1,1,0.375,0.3125
PANW,2024-11-20,amc,2024-11-20,0,0.5561986060848277,0.5444365451410091,0.012242605765630854,-0.021685507937568294,0.025808709187818746,-0.049199563158001,19.316531612730643,39.93000196779855,32.67927842042507,38.19835422977652,0,1,0.71875,0.71875
PANW,2025-02-13,amc,2025-02-13,0,0.4935168710004333,0.458896345971372,-0.009163889730384733,-0.053744827823903885,-0.0567169205968554,-0.08361405029988489,14.614288568835143,47.79717060177512,35.946572188454944,36.93080748137805,0,1,0.34375,0.21875
PANW,2025-05-20,amc,2025-05-20,0,0.5822521237704685,0.5777334973438951,-0.06797614927565077,-0.03434796803029416,-0.002108126348864703,0.024475575227251856,111.75157256060008,53.550971287767226,43.634106272335856,33.290227646625915,1,1,0.875,0.78125
PANW,2025-08-18,amc,2025-08-18,0,0.644840754843189,0.6033706084064683,0.030595444432482077,0.047567718510027834,0.0814554478779872,0.1529772221624104,47.84058621615357,26.88874052826295,23.001070979075404,19.986908253817003,0,1,1.0,1.0
PANW,2025-11-19,amc,2025-11-19,0,0.5335921607666145,0.4901224750731038,-0.07418702863965643,-0.07278633435328308,-0.02111056202877326,-0.06513251331270231,122.36553170420478,56.34860823625677,44.14336297561082,35.037400046355074,1,1,0.59375,0.40625
PANW,2026-02-17,amc,2026-02-17,0,,,-0.0681956813240635,-0.13351683077097665,-0.04532112331565363,0.03308870741351311,112.12553012844819,57.55130296955806,49.19966446539768,36.909962512096065,1,1,,
PANW,2026-06-02,amc,2026-06-02,0,,,-0.05636314830343914,-0.12335959541564723,-0.05814657515706012,0.1712093887098307,92.0941760267344,50.21852012665919,48.40836214978147,51.420394821797125,0,1,,
PAYX,2018-03-26,amc,2018-03-26,0,0.3981264658135423,0.41988225429188863,-0.022541694356412956,-0.0032671425650753205,0.01225094178583186,-0.01992810873607853,36.193309795273876,27.5775055098901,25.25577929352346,19.603218076398313,0,1,0.03225806451612903,0.0967741935483871
PAYX,2018-06-27,amc,2018-06-27,0,0.6400709832572457,0.601889453609294,0.015996291449437816,0.03274032151741291,0.05202564357578954,0.06039747658966532,25.192366163552265,18.524142189058153,15.516941366638342,13.42678286030049,0,1,0.9354838709677419,0.7741935483870968
PAYX,2018-10-02,amc,2018-10-02,0,0.42998062197677633,0.4760276106858846,-0.02112882090498569,-0.030489785780291934,-0.0787644293799763,-0.11657630892753845,33.90037552286969,18.84509049638785,30.132524792780245,27.09763335410265,1,1,0.0967741935483871,0.16129032258064516
PAYX,2018-12-19,amc,2018-12-19,0,0.5011487241841708,0.48873013293728357,0.003088498275947149,0.006794237731545971,0.022236137529942246,0.07164929993373548,4.89528336583939,42.22618756856141,35.939091899283696,26.90776556344065,0,1,0.3225806451612903,0.22580645161290322
PAYX,2019-03-27,amc,2019-03-27,0,0.4236587593885255,0.47870188414774006,-0.002649520631583413,0.02296253212169108,0.023719383874957423,0.057153696713689195,4.211565392542954,12.286683623384103,10.204420986600526,12.197215220058418,0,1,0.06451612903225806,0.1935483870967742
PAYX,2019-06-26,amc,2019-06-26,0,0.5493506678397316,0.5322124176953621,0.00403593935363844,0.03460953526717758,0.043536931613378016,0.05882321051535788,6.393960944156318,13.71476147236628,11.237421260688752,11.005148997506744,0,1,0.5483870967741935,0.45161290322580644
PAYX,2019-10-02,amc,2019-10-02,0,0.6444106496521407,0.5879014036140329,-0.00947828217594704,-0.0029993739040090617,0.01679640398683735,0.010883262700463359,15.118066868880522,23.52096074914665,17.90224149406238,14.657221529395551,0,1,0.967741935483871,0.7096774193548387
PAYX,2019-12-18,bmo,2019-12-17,0,0.5864977272125078,0.6598719662929053,-0.005163758089234971,-0.006572075583996306,-0.0011735615498561502,0.03555898041304184,8.218449191485194,8.252242654107045,6.556805028612454,8.951685662263099,0,1,0.6129032258064516,0.967741935483871
PAYX,2020-03-25,bmo,2020-03-24,0,0.4929434480641371,0.5108470897684985,0.008730353914293776,0.056413502364712986,0.08831399892422187,0.12340510301947782,13.798859987446557,102.38899005694886,88.91193597985371,70.59818023540913,0,1,0.25806451612903225,0.3225806451612903
PAYX,2020-07-07,intraday,2020-07-06,0,0.435945141839247,0.38094190810281126,-0.04937011044976636,-0.07906935927669723,-0.05682703800130773,-0.05840035214982209,80.37338335152543,43.23243273967519,33.547699239864045,25.243566877426453,0,1,0.16129032258064516,0.03225806451612903
PAYX,2020-10-06,bmo,2020-10-05,0,0.4690406030270514,0.5324007408819147,-0.024800191391838422,0.01915319788868386,0.005893351547145098,0.07054270730695733,39.86548821515033,25.104555702471114,23.375329514176087,27.978493940993328,0,1,0.1935483870967742,0.4838709677419355
PAYX,2020-12-23,bmo,2020-12-22,0,0.6280463160562267,0.5712707428575292,-0.023077535028027563,-0.046465747969404836,-0.05277830632618952,-0.10007234264079945,37.063785732994475,20.62979120009696,23.015052982697874,19.921223048721252,0,1,0.8387096774193549,0.5483870967741935
PAYX,2021-04-06,bmo,2021-04-05,0,0.48243828393840077,0.43461118297098167,-0.04922301872309853,-0.04493826549830193,-0.039159190908206076,0.004185025044139312,80.1277748168624,37.52772615482055,28.091216795333207,23.82348704089868,1,1,0.22580645161290322,0.12903225806451613
PAYX,2021-06-25,intraday,2021-06-24,0,0.43165706103528817,0.41299751708525967,0.012754345209297524,0.04018038496006082,0.07307268201634853,0.08055257289874085,20.11886486987833,15.348671876734304,14.609877961115023,14.57289074962369,0,1,0.12903225806451613,0.06451612903225806
PAYX,2021-09-30,bmo,2021-09-29,0,0.5331805829710818,0.4976701317576264,0.04265203666048567,0.09448309452790093,0.08910534243841295,0.14381096136844063,66.30385482761034,36.62605447133379,26.63739873095057,20.51525608481321,1,1,0.3870967741935484,0.25806451612903225
PAYX,2021-12-22,bmo,2021-12-21,0,0.5489739697356107,0.5737857255892506,0.055208517248065636,0.08660929625450464,0.04160424405538454,-0.061377854197661175,85.30705595361732,39.9189037600202,30.93747031299243,26.539722269921413,1,1,0.5161290322580645,0.6129032258064516
PAYX,2022-03-30,bmo,2022-03-29,0,0.5559683323116239,0.5318929723584733,0.03289841978347319,0.05070579838168454,0.030634717552685764,-0.0009807314913493625,51.38395662672677,26.289396214395346,22.462525057868096,27.091873502467372,0,1,0.5806451612903226,0.41935483870967744
PAYX,2022-06-29,bmo,2022-06-28,0,0.5992056432373981,0.6057967962839811,-0.04195847649259421,-0.024274237460173542,-0.05455451651090626,0.06998659832786891,68.04474133118123,35.99059646871183,27.178626960193338,28.51719086739758,1,1,0.6451612903225806,0.8064516129032258
PAYX,2022-09-28,bmo,2022-09-27,0,0.5453400514298002,0.5305682419220843,0.035827567750113865,0.018266689611237563,-0.04394645101808936,0.018266689611237563,55.87936237814053,39.59445161180988,33.232421210777666,28.80914848345226,1,1,0.4838709677419355,0.3870967741935484
PAYX,2022-12-22,bmo,2022-12-21,0,0.5436283754312927,0.5782144939354578,-0.0225667075334558,0.014725230941066592,0.023351212801933974,0.03354560918435889,36.233933211541604,32.162572025345405,29.671914619013528,25.30937645732235,0,1,0.45161290322580644,0.6451612903225806
PAYX,2023-03-29,bmo,2023-03-28,0,0.6302897967310681,0.6230355242424788,0.06469064895771903,0.008441760007868337,-0.005230323374920909,-0.010460568815591875,99.50821992135761,52.5770290173519,37.79933730760281,31.350832162620097,1,1,0.8709677419354839,0.8387096774193549
PAYX,2023-06-29,bmo,2023-06-28,0,0.4930484513093836,0.5055654375894644,-0.01246483971658141,0.027188184623175182,0.0887002312521854,0.14280568030108132,19.911676974113394,21.422856385929748,23.006823547186517,19.139271105602628,0,1,0.2903225806451613,0.2903225806451613
PAYX,2023-09-27,bmo,2023-09-26,0,0.6137042348559879,0.5937930635552896,0.033623135120602665,0.013484640965230499,0.050656557136369074,-0.004702008775065214,52.49737349523076,28.01730276267757,24.521365716495996,23.917401459573075,1,1,0.7419354838709677,0.7419354838709677
PAYX,2023-12-21,bmo,2023-12-20,0,0.6820347579206937,0.7092918810634787,-0.07007657666310685,-0.06538402032283741,-0.07727191192191096,-0.03941813521456994,115.33312029756505,52.40672814376772,37.97251004178361,27.27963171053549,1,1,1.0,1.0
PAYX,2024-04-02,bmo,2024-04-01,0,0.5387784185987311,0.5154794689509423,0.0037821896588043913,0.018335684826333853,0.006824387161186829,-0.02310489194082499,5.9927142883988305,19.78237335620248,20.409129210090228,19.82609665366687,0,1,0.41935483870967744,0.3548387096774194
PAYX,2024-06-26,bmo,2024-06-25,0,0.6273148396464999,0.6463145889415814,-0.061105335294642016,-0.05318734009578763,-0.06446451645959561,-0.008397952912383877,100.09192196325778,46.770421659868205,34.03520577868486,29.023972706277085,1,1,0.8064516129032258,0.9354838709677419
PAYX,2024-10-01,bmo,2024-09-30,0,0.6098087267501523,0.5791684991453568,0.04918381768491065,0.024219250161682693,0.06080927039966477,0.05723213367724167,76.21755298242614,35.5538119935914,28.88441770393806,20.723314233662784,1,1,0.7096774193548387,0.6774193548387096
PAYX,2024-12-19,bmo,2024-12-18,0,0.6224520730891788,0.5728287292827142,0.014353127137875399,0.04990425756014383,0.02804370924218902,0.0656558537910461,22.62291380764839,18.121472032033303,16.328633747963657,19.86724068318317,0,1,0.7741935483870968,0.5806451612903226
PAYX,2025-03-26,bmo,2025-03-25,0,0.5319577127839666,0.5330154074112351,0.042045325745701634,0.07257343561434837,-0.049400016185625395,0.0005550625982946311,65.37986100145977,34.04274681567478,45.320687096621256,42.06703306172439,1,1,0.3548387096774194,0.5161290322580645
PAYX,2025-06-25,bmo,2025-06-24,0,0.6016658365608255,0.6267223165709493,-0.09399015290276092,-0.03172415606520129,-0.04144499776600741,-0.03112981594446762,156.68949536703627,74.2535640839542,53.314372994774054,38.94262297205012,1,1,0.6774193548387096,0.8709677419354839
PAYX,2025-09-30,bmo,2025-09-29,0,0.6389983460179842,0.6443121748885006,-0.013771044539276023,-0.032365877019566724,-0.008636044473034565,-0.03485563535605263,22.01277523551753,19.97784970913447,20.042100586458766,16.29841410444182,0,1,0.9032258064516129,0.9032258064516129
PAYX,2025-12-19,bmo,2025-12-18,0,,,-0.017156832592322813,-0.0004376212975789606,-0.04166656414723102,-0.06171212105057544,27.47197314183156,21.288544643990665,23.346468580828052,24.681497010538436,0,1,,
PAYX,2026-03-25,bmo,2026-03-24,0,,,0.030349871537687756,0.016664878559066176,-0.007946190981149126,0.003752296893861029,47.462279345182026,29.138089582856573,24.090714178246305,28.944411328400903,0,1,,
PAYX,2026-06-24,bmo,2026-06-23,0,,,-0.01724660525415289,0.003469782372664598,0.08766204872488514,0.12929897004339463,27.6169771426363,28.326782357557846,37.720681462767146,33.85206232051169,0,1,,
PCAR,2018-01-30,bmo,2018-01-29,0,0.4220638273054452,0.44230876317319634,-0.04126561293174136,-0.12405052490801771,-0.13299114975764892,-0.09042873151486919,66.8970987230428,50.97696702573117,40.77736070605677,29.693514373654317,1,1,0.09375,0.125
PCAR,2018-04-24,bmo,2018-04-23,0,0.5518815715960069,0.47029030680238054,-0.06468830758710986,-0.08269658254419887,-0.07073904792205243,-0.048698652352238136,106.1614767821926,48.71989601565689,37.98945218753144,27.433678021118684,1,1,0.5,0.21875
PCAR,2018-07-24,bmo,2018-07-23,0,0.5709158350074897,0.5865369061648672,0.00524455672591384,0.033216720356083806,0.032103989631729446,0.0848810099104762,8.303720018121075,22.081279991189223,24.121433638953082,21.863982001825136,0,1,0.59375,0.75
PCAR,2018-10-23,bmo,2018-10-22,0,0.44908839381012083,0.5487517923501999,-0.05123977938438984,-0.0775205307875455,-0.03371885199026137,-0.014088105512703564,83.49860587822404,49.081760891084805,40.160003473682906,31.45056518230423,1,1,0.1875,0.5625
PCAR,2019-01-29,bmo,2019-01-28,0,0.4304377829096648,0.5162962153091486,0.05774905949700626,0.06443716170400582,0.07143016233109889,0.12159250678147138,89.12444233129173,41.31793599268789,29.509187685031236,24.188347204831924,1,1,0.125,0.4375
PCAR,2019-04-30,bmo,2019-04-29,0,0.5955722356596846,0.5500618727703612,0.004907681457919422,-0.026500358639058974,-0.04721203681757746,-0.04904317756801713,7.771647965044984,25.536686611940844,22.08670794168074,21.32287978404984,0,1,0.6875,0.59375
PCAR,2019-07-23,bmo,2019-07-22,0,0.4311139010968034,0.45234679713406234,0.0010122846750395542,0.03397968652956962,-0.06839225024094908,-0.06449369141718153,1.6061393056751483,29.648063731184486,34.629029481177184,33.02780516365531,0,1,0.15625,0.1875
PCAR,2019-10-22,bmo,2019-10-21,0,0.5113312502068984,0.4754693577687938,0.04616405164842696,0.06178042124936978,0.08630102691262964,0.09245870518873289,71.64195638666612,37.72914542906868,31.353581032293874,22.41400870925482,1,1,0.375,0.28125
PCAR,2020-01-28,bmo,2020-01-27,0,0.4724995312461269,0.5204004898779601,0.021285182180788675,-0.01104147747706552,0.0061320338973605,-0.07255774075285004,33.43459751149195,23.843308983464357,28.059304009885995,28.90058633430117,1,1,0.21875,0.5
PCAR,2020-04-21,bmo,2020-04-20,0,0.5002885609976649,0.5170383938754037,-0.022024193773257372,0.0239584960991448,0.017410614935154056,0.024799748729045668,35.35308028101075,27.346872837899465,21.07873773692393,26.202057549810355,0,1,0.3125,0.46875
PCAR,2020-07-21,bmo,2020-07-20,0,0.6217726362982857,0.5918620193910267,0.04994996329287016,0.07831307794075082,0.07442267869031638,0.11547442032901012,77.37633429790158,37.819910171816126,28.56861914790641,24.189418707851644,1,1,0.84375,0.78125
PCAR,2020-10-20,bmo,2020-10-19,0,0.27563830796444344,0.37710943908233824,-0.007906860683804084,-0.005380987367937906,-0.02448934954352988,-0.021122083235138756,12.601637823439004,19.985209303486176,34.43502735466831,31.024966939302534,0,1,0.03125,0.0625
PCAR,2021-01-26,bmo,2021-01-25,0,0.4932117882552193,0.42080876607167195,-0.0013275475277514381,-0.06902171347409425,-0.008661439001501958,-0.03416978665461212,2.1088164541818966,29.694746303107223,30.583561141902965,25.199926860674626,0,1,0.28125,0.09375
PCAR,2021-04-27,bmo,2021-04-26,0,0.3195140280990817,0.3611200959751199,-0.02207003617558212,-0.02731954436264461,0.02560528630996184,-0.0264330301702016,35.42749343399485,25.75006771310609,25.162073520123702,25.909003840526744,0,1,0.0625,0.03125
PCAR,2021-07-27,bmo,2021-07-26,0,0.504513602128492,0.5093172235958289,-0.02646414714152312,-0.055344416189553436,-0.08065808944181974,-0.05541459794842718,42.576423882768935,26.420676523875557,20.326618090753875,20.874924852261888,1,1,0.34375,0.34375
PCAR,2021-10-26,bmo,2021-10-25,0,0.5675786804178501,0.44917670615426086,-0.004012369862633647,0.04425081091854377,0.019488765890942394,0.034984102279201235,6.3822522526243235,33.07448214526335,25.794982759449002,23.455381398520384,0,1,0.5625,0.15625
PCAR,2022-01-25,bmo,2022-01-24,0,0.5992652939312318,0.6094749358285085,0.030718601256224387,0.020186381034918544,0.03829287633981937,0.005040924182199369,48.030276280478915,22.888835645768136,21.902913031858162,20.486130317173703,1,1,0.75,0.8125
PCAR,2022-04-26,bmo,2022-04-25,0,0.6314390696734806,0.6539829592296782,-0.029299269902230973,-0.027098960399464134,-0.01158082911014735,-0.0437879717808215,47.20612901865878,29.2606595772455,32.635634738155076,32.062781591927866,0,1,0.875,0.90625
PCAR,2022-07-26,bmo,2022-07-25,0,0.4917490926889606,0.4716382098591406,0.01092630328932942,0.055794480671073066,0.0646285790268537,0.05728410022603336,17.250895187670388,24.896493248745536,18.45988269973305,19.377672998918612,0,1,0.25,0.25
PCAR,2022-10-25,bmo,2022-10-24,0,0.5279236657716024,0.5566310394411232,-0.0030428284287422613,0.052271375943656384,0.07737436781179663,0.1563098633695803,4.837704273162674,21.21893871824179,20.79650869676263,18.39721672185638,0,1,0.40625,0.625
PCAR,2023-01-24,bmo,2023-01-23,0,0.6208454191071169,0.5815697383172573,0.08635666811271747,0.06386296422289117,0.08009762164288747,0.0760569857278941,131.48789981698604,61.561041695548155,45.08217745706386,34.86400723304419,1,1,0.8125,0.71875
PCAR,2023-04-25,bmo,2023-04-24,0,0.5958694240754088,0.6251860523722428,0.013962368106823941,0.013826422941980887,-0.013420209981388376,-0.02892769397711925,22.011262671166218,22.133318273725962,26.479962821651476,22.140242347104294,0,1,0.71875,0.84375
PCAR,2023-07-25,bmo,2023-07-24,0,0.5501203670401091,0.5128686393851619,-0.026944789448355544,-0.028974084843105707,-0.04577220520416392,-0.03945416699085824,43.360354352727704,25.621951870664876,20.923903713271518,16.23240569213996,0,1,0.46875,0.40625
PCAR,2023-10-24,bmo,2023-10-23,0,0.6433691350831447,0.6516850480871577,0.042650110089988535,0.027777835772377468,0.061578051150401825,0.12723108124528415,66.3009215971844,30.796176871157982,28.159156678904296,24.779330684283728,1,1,0.90625,0.875
PCAR,2024-01-23,bmo,2024-01-22,0,0.532483238379341,0.4793009893459181,0.040375010967206304,0.04428903819287444,0.07281912883261676,0.12215131032807136,62.83326363017028,29.481511413101035,24.979289932236476,19.713208872881026,1,1,0.4375,0.3125
PCAR,2024-04-30,bmo,2024-04-29,0,0.6579975010369646,0.5741214960493737,-0.06626193467747621,-0.07470958744785416,-0.05975004207470991,-0.07131025283575632,108.83455291876822,50.03915170765399,38.703646827947466,31.23453903679098,1,1,0.9375,0.6875
PCAR,2024-07-23,bmo,2024-07-22,0,0.7100812804348939,0.6782009291447834,-0.1096643587901931,-0.09847778757601255,-0.15706961315896706,-0.11977464308964858,184.39314383712195,85.10063680214449,64.4631555677424,45.78476773739136,1,1,0.96875,0.96875
PCAR,2024-10-22,bmo,2024-10-21,0,0.5552770248970526,0.510973437728831,-0.043974082303858464,-0.023173112998144285,-0.04370055008721618,0.009618228447706212,71.38806784568634,35.02296414744762,27.68991536336044,36.987888045255104,1,1,0.53125,0.375
PCAR,2025-01-28,bmo,2025-01-27,0,0.6169081865288277,0.661232692195162,-0.024201783447667324,-0.007096810429201517,-0.03457380237249519,-0.032291587117121656,38.89168590551757,34.71118161585727,27.03796738044962,24.04475078038592,0,1,0.78125,0.9375
PCAR,2025-04-29,bmo,2025-04-28,0,0.7838980981023362,0.7381487499960422,-0.019013453297230476,-0.028139863121761977,0.040199987207641286,0.025353516832612,30.473552001152516,14.533398728209585,33.74307694399292,27.05840244608229,0,1,1.0,1.0
PCAR,2025-07-22,bmo,2025-07-21,0,0.5739234252443006,0.525785577722378,0.061026807007145134,0.08319884014092427,0.03691746570455168,0.07401940086576886,94.03602084837212,46.26914102523346,35.35073235777023,27.901301323146516,1,1,0.65625,0.53125
PCAR,2025-10-21,bmo,2025-10-20,0,0.572873572925175,0.5727426556170937,0.02431256387218972,0.036930593200227735,-0.00020523883729883785,-0.0015627265795572498,38.13329544992973,19.322287701520853,18.430447684424088,25.161605733364627,0,1,0.625,0.65625
PCAR,2026-01-27,bmo,2026-01-26,0,,,-0.010646149147883865,0.020473344411486405,0.04217508823092331,0.02288408374782147,16.99084270150917,18.22884565967641,19.43545208967672,24.6021894021277,0,1,,
PCAR,2026-04-28,bmo,2026-04-27,0,,,-0.059669814783127495,-0.10086475132382855,-0.11194970233561319,-0.11471149405453385,97.66664687328137,48.8042519010083,39.27040474944608,32.26209585907524,1,1,,
PEP,2018-02-13,bmo,2018-02-12,0,0.40096344035784154,0.38083318272338207,0.0018761376314824219,-0.02188886419014846,-0.009291470862075157,0.013510339263635096,2.975485820443908,25.054692938480816,20.762883017198945,17.421319540019915,0,1,0.40625,0.28125
PEP,2018-04-26,bmo,2018-04-25,0,0.31194709271075555,0.31318148271264146,0.020860633125700412,-0.03875401976136039,-0.04933270352440111,-0.009589504085924405,32.77455576900338,26.70219234977351,22.163238142819893,17.86248246683463,0,1,0.15625,0.1875
PEP,2018-07-10,bmo,2018-07-09,0,0.3275337456392507,0.30101550178786096,0.04760579274163179,0.048255463131182674,0.06152559078238973,0.05994789757755381,73.82815025166866,34.53664685965542,27.12357437629254,22.72122025932135,1,1,0.1875,0.0625
PEP,2018-10-02,bmo,2018-10-01,0,0.30182698962476934,0.29931221108416356,-0.01797520418746945,-0.022762562207110704,-0.045885859550401475,0.027639578668365417,28.794326329849973,19.783205916664347,18.139551451578363,21.59516530244866,0,1,0.09375,0.03125
PEP,2019-02-15,bmo,2019-02-14,0,0.28573467155563936,0.30773015839624474,0.029487607338025468,0.03703717623487801,0.040253206313911605,0.05001268013240634,46.133240451545035,21.094399852684308,16.472072246215586,13.876200239590103,1,1,0.03125,0.125
PEP,2019-04-17,bmo,2019-04-16,0,0.5862531213293162,0.45304735742430563,0.037578934013237975,0.03684332839448601,0.0394577326419987,0.06421083443659881,58.561140805029986,26.711112301430518,20.19703239964571,16.79796562925018,1,1,1.0,0.6875
PEP,2019-07-09,bmo,2019-07-08,0,0.40339991253568597,0.43207470181614216,-0.006185829210816451,0.011994443220003204,-0.01720001300249374,-0.04609233985232164,9.850196771102985,16.61231434978618,16.389531203423278,19.354542784469306,0,1,0.4375,0.5
PEP,2019-10-03,bmo,2019-10-02,0,0.5280513061933415,0.526899541689896,0.029789615279175896,0.029192105369598043,0.018515785103724758,0.02411541287660901,46.59886279896124,26.794018310046447,19.42341027660929,14.432602223702482,1,1,0.875,0.9375
PEP,2020-02-13,bmo,2020-02-12,0,0.5354857431798303,0.4735169392644538,0.0026698331867356373,-0.0062975762042462025,-0.06647032349692972,-0.12164163315761845,4.232581160458898,7.66801292371562,24.675293766748318,66.67212390523918,0,1,0.96875,0.75
PEP,2020-04-28,bmo,2020-04-27,0,0.3942251353764118,0.39483953524000964,0.01383284900940085,-0.026327571606908795,-0.0005948915088862528,-0.027145944163960434,21.80847573130977,22.891833202960576,19.832532254126917,19.37063278462083,0,1,0.375,0.34375
PEP,2020-07-13,bmo,2020-07-10,0,0.2905005941454369,0.30265477591986445,0.0033467306627406046,0.0014871391662654165,0.011899030364176166,0.011304475945878245,5.303899803490304,11.272366947188543,13.630277932648966,11.696543884644392,0,1,0.0625,0.09375
PEP,2020-09-30,amc,2020-09-30,0,0.3041931648066295,0.30894101376150424,0.015872930038228317,-0.011471941820645037,0.02828295711113804,-0.03326104086774173,24.999607527873525,22.372172845009718,21.817730322023618,20.94300941228916,0,1,0.125,0.15625
PEP,2021-02-10,amc,2021-02-10,0,0.5300919038636132,0.49511961420821404,-0.019825639769676218,-0.016920756362436173,-0.05591856071216206,-0.02612701237734072,31.78839172055844,16.31713491827122,18.216545765370785,18.73532408119932,0,1,0.90625,0.875
PEP,2021-04-14,amc,2021-04-14,0,0.4803222322497156,0.47904524598801823,0.0014074027331008043,0.03426943925131809,-0.0019703891689671904,0.02997671519526124,2.2326118520344083,12.388027079562113,13.317724610259269,14.58665868501961,0,1,0.75,0.84375
PEP,2021-07-12,amc,2021-07-12,0,0.380806765595466,0.41577880043733495,0.023075233030398046,0.042070748934575075,0.05056521249161894,0.03290718331166653,36.21455581473399,18.24533696333362,14.526400418181595,12.328681860852008,1,1,0.28125,0.4375
PEP,2021-10-04,amc,2021-10-04,0,0.40560435056890043,0.4350403136665456,0.00592543225264075,0.04021284130901148,0.05252991972704257,0.08348846215132655,9.378573399707623,19.649226174872545,15.25568348181986,14.074066671853238,0,1,0.46875,0.53125
PEP,2022-02-09,amc,2022-02-09,0,0.4229182812281893,0.4514952591584655,-0.020763165384980242,-0.032802008302968644,-0.04740025796128533,-0.10002856549421635,33.307496942572335,17.266604460324807,16.286048013596428,23.740687494175273,1,1,0.5,0.65625
PEP,2022-04-25,amc,2022-04-25,0,0.5048246846141862,0.5161255524687214,-0.0025327773109298235,-0.03441939085273704,-0.01174187735916321,-0.03407390211777739,4.025759665808196,31.377225527986123,30.112638297166733,33.036480366054974,0,1,0.84375,0.90625
PEP,2022-07-11,amc,2022-07-11,0,0.49151537386335703,0.5307637203721894,-0.005690272400229346,-0.01296422671188402,-0.0036370792234936555,0.023640402546710737,9.058825503224735,13.402900873189155,12.594259247372463,13.367623385780156,0,1,0.78125,0.96875
PEP,2022-10-11,amc,2022-10-11,0,0.44783596298206996,0.4509517154132183,0.04182301189933435,0.07669602000907161,0.09643881002192645,0.09816097718662675,65.04115218261481,42.92741508961291,34.2842283952755,25.72311092982013,1,1,0.5625,0.625
PEP,2023-02-08,amc,2023-02-08,0,0.4798633399062826,0.4561396019786623,0.00946456288188191,0.028336086814589656,0.030089028948532714,0.011874707788620542,14.953872959555026,18.53297650948744,13.379389363749429,13.3877867216354,0,1,0.71875,0.71875
PEP,2023-04-24,amc,2023-04-24,0,0.3815090828602841,0.4016471916401459,0.022695496236578183,0.03331528220190938,0.04231828399960347,0.0030730763634598812,35.62522928819409,17.899681851213565,13.535525027559334,14.378012732228171,1,1,0.3125,0.40625
PEP,2023-07-12,amc,2023-07-12,0,0.38346534200584603,0.3945500519246025,0.023802987407189224,0.016869652791241085,0.04602290133386999,0.003166239457276454,37.343371681804825,21.215318472679844,17.378493797047202,16.999220634706532,1,1,0.34375,0.3125
PEP,2023-10-10,bmo,2023-10-09,0,0.50206508700336,0.5357252386806262,0.018839832025086878,-0.0017349678175981875,-0.007932681580438916,0.036068354395536906,29.629071026314556,27.12268233097629,20.57993930311543,17.541884767613514,0,1,0.8125,1.0
PEP,2024-02-08,amc,2024-02-08,0,0.34310995413464196,0.3720798592083885,-0.035547944777896134,-0.03445489325676243,-0.024446283111004607,-0.04522799598737437,57.45803098518641,29.999082734351845,23.227488851294954,18.5051234642915,1,1,0.21875,0.25
PEP,2024-04-22,amc,2024-04-22,0,0.3491402542911283,0.33610614036945097,-0.029694989333843402,-0.0018134860748365567,-0.0036267843404275135,0.026181547873093125,47.85340699266161,33.57073872475585,23.96394500377419,19.54793185056614,1,1,0.25,0.21875
PEP,2024-07-10,amc,2024-07-10,0,0.5306493215684075,0.44430085147114384,0.0022007462919817478,0.038511050112152834,0.027996853549871803,0.05367075295813839,3.489737825544751,26.793207821775557,21.092769763059728,19.801213138136458,0,1,0.9375,0.5625
PEP,2024-10-07,amc,2024-10-07,0,0.43673854784324806,0.3948589981753709,0.019197313945150896,0.05316664149075723,0.04664773984737547,0.0038273237071584365,30.185964665035474,18.57804110577722,13.821246633942803,12.765170936944228,0,1,0.53125,0.375
PEP,2025-02-03,amc,2025-02-03,0,0.45597058171130156,0.42510082250334935,-0.04511881279473873,-0.03939568258262538,-0.04105953220352199,0.024023322748820908,73.28999550187739,34.721967687219454,26.13510335471953,26.82299155157658,1,1,0.59375,0.46875
PEP,2025-04-23,amc,2025-04-23,0,0.4727463428900111,0.4501080654447277,-0.04885416652575414,-0.04695624314883029,-0.07268383680835033,-0.0853367720512408,79.51204560468919,37.7579137240529,29.293758702887075,23.51174178914508,1,1,0.65625,0.59375
PEP,2025-07-16,amc,2025-07-16,0,0.47861112588573196,0.4776877527317245,0.0745474028233537,0.07617272217669036,0.055485528997031075,0.09804186990483532,114.13700085144728,56.95218660618529,42.12733076660859,33.821705006415776,1,1,0.6875,0.8125
PEP,2025-10-08,amc,2025-10-08,0,0.4662537982729914,0.4772726584027297,0.04227885476820492,0.08873518828581606,0.10220379796304768,0.019734771228134163,65.73557901835318,41.53722721377374,30.02903868169917,25.23585873269659,1,1,0.625,0.78125
PEP,2026-02-02,amc,2026-02-02,0,,,0.04929130554328465,0.07261600930458112,0.04329902053505341,0.05618554071049986,76.38017743633603,42.98662636013882,34.182645856136254,26.936608151565107,1,1,,
PEP,2026-04-15,amc,2026-04-15,0,,,0.02279620866766363,-0.006845444567044501,0.0028413982009225514,-0.03990962093348216,35.781549675801685,19.785354611844465,17.727956710201052,21.76386065604064,0,1,,
PEP,2026-07-08,amc,2026-07-08,0,,,-0.032629247601727474,-0.049891241908724626,-0.04813697898235836,,52.66122287688295,29.013318918294708,27.460990532745495,,1,1,,
PLTR,2020-11-12,amc,2020-11-12,0,0.3399358565275015,0.34406326194111037,0.08367628761404688,0.30178324016148883,0.8971193410254341,0.8683127512797746,127.5663240789106,107.46722109880244,161.85022011695264,143.58133677412675,0,1,0.047619047619047616,0.047619047619047616
PLTR,2021-02-16,bmo,2021-02-12,0,0.38824591544871057,0.3761535181301271,-0.12754621480057116,-0.1225321173960836,-0.22250079647197285,-0.1974302496767788,216.60066641961032,152.30841034687052,121.96637843582674,98.94908300043504,0,1,0.2857142857142857,0.19047619047619047
PLTR,2021-05-11,bmo,2021-05-10,0,0.3626289364617354,0.35424914038944627,0.09420681298347855,0.10774227639950817,0.14889009757632476,0.3086086071924292,142.917764248809,104.6279397839005,78.44003740384942,61.49200768814945,0,1,0.19047619047619047,0.09523809523809523
PLTR,2021-08-12,bmo,2021-08-11,0,0.40087794704855517,0.4263161274236646,0.11364648612196948,0.13109620828485657,0.08948545708563782,0.1758389368276756,170.87281173223815,87.40617608699424,69.91573135982985,53.62596904632861,1,1,0.3333333333333333,0.38095238095238093
PLTR,2021-11-09,bmo,2021-11-08,0,0.48760462814243005,0.49089746147573327,-0.09345794392523366,-0.12485981878833241,-0.22803739743812057,-0.2590654319691881,155.75726762466599,90.38669399803995,71.8616856391478,58.780898339708756,1,1,0.6190476190476191,0.5238095238095238
PLTR,2022-02-17,bmo,2022-02-16,0,0.3667866172322666,0.37146621405260516,-0.1574802982973057,-0.15318541892754722,-0.18826056293270754,-0.0823192949336411,272.02276053263466,162.0601118586215,121.69576654604255,100.44122054998593,1,1,0.23809523809523808,0.14285714285714285
PLTR,2022-05-09,bmo,2022-05-06,0,0.34498203747841616,0.385147248890324,-0.21308012675418742,-0.12025310598058447,-0.1476792917861275,-0.0369197726472511,380.3990042914438,212.02223542996612,155.56003381717986,119.94773402849985,1,1,0.14285714285714285,0.23809523809523808
PLTR,2022-08-08,bmo,2022-08-05,0,0.4558808701757112,0.4520549498231179,-0.14235809096887064,-0.13449781550274675,-0.25676852658148563,-0.3641921108227877,243.78262988070088,125.70648839658955,98.96523008472245,76.28875873932365,1,1,0.47619047619047616,0.47619047619047616
PLTR,2022-11-07,bmo,2022-11-04,0,0.47180538997833066,0.5030695449212781,-0.11475408160289446,0.060529638015647924,-0.06809583525125495,-0.11853721028609332,193.49405679617558,130.9138692255155,102.29505533311361,80.69215256362014,1,1,0.5714285714285714,0.6666666666666666
PLTR,2023-02-13,amc,2023-02-13,0,0.5414070227591139,0.5405954426174269,0.21156374576446746,0.11300921398502584,0.030223392252066716,0.03810774727530797,304.65066028710993,169.04246210287607,121.0239074405054,92.89878512055462,1,1,0.7142857142857143,0.8095238095238095
PLTR,2023-05-08,amc,2023-05-08,0,0.5171771011654166,0.5353470335349719,0.23385019032826349,0.2299742557212452,0.5297158272237801,0.8979328184477582,333.5861406678935,154.46479576038294,134.86957120458646,106.51386235243866,1,1,0.6666666666666666,0.7619047619047619
PLTR,2023-08-07,amc,2023-08-07,0,0.5916850111279642,0.5131858790130882,-0.052807052122145426,-0.12618118582378746,-0.19399665455922588,-0.14952749386367026,86.12311047936886,89.14188776851995,78.3827784344,75.06623697712217,0,1,0.8571428571428571,0.7142857142857143
PLTR,2023-11-02,bmo,2023-11-01,0,0.4158428212917923,0.3896194790642785,0.20442354031261845,0.23927611773250002,0.33713141159010873,0.358579112205919,295.2675332918695,138.22577709703447,104.87176237705604,80.72260145645058,1,1,0.38095238095238093,0.3333333333333333
PLTR,2024-02-05,amc,2024-02-05,0,0.6006515474991011,0.5989233300430824,0.30801445797701255,0.498205757523732,0.3995215657598965,0.564593356562985,426.24689723143547,200.90933240038217,148.63633983093163,111.63674891314461,1,1,0.9047619047619048,0.9047619047619048
PLTR,2024-05-06,amc,2024-05-06,0,0.6590002658632937,0.6327603836879231,-0.15113048807245055,-0.1693771799081507,-0.14240374357849184,-0.08925030074220908,260.1034949827219,119.2740870836269,85.43624643238267,64.23319354115546,1,1,1.0,0.9523809523809523
PLTR,2024-08-05,amc,2024-08-05,0,0.6524177282776168,0.6684571737461,0.10377750038044042,0.2195931496335184,0.34910750494572573,0.26982150098914515,156.74233175381994,105.93989316343833,78.99598983984734,57.98166064681291,1,1,0.9523809523809523,1.0
PLTR,2024-11-04,amc,2024-11-04,0,0.5720835549722036,0.5856269703109691,0.23472594195893404,0.45472112775753737,0.4793527782483584,0.6867905996499617,334.712468233931,165.3009921451262,134.0363946590464,97.98786234174483,1,1,0.8095238095238095,0.8571428571428571
PLTR,2025-02-03,amc,2025-02-03,0,0.548351057668372,0.5012031711903921,0.23990929639105207,0.3930022032678846,0.48817776362159915,0.07630761347813575,341.36260557670835,171.20236146808355,126.24988674665299,109.95674873977161,1,1,0.7619047619047619,0.6190476190476191
PLTR,2025-05-05,amc,2025-05-05,0,0.44848818303593807,0.43388075731805953,-0.1204653505462473,-0.04290213866537429,0.020683568372155126,0.05041607847631058,203.76886398045113,107.06624430381643,87.12072283678481,67.90612384259678,0,1,0.42857142857142855,0.42857142857142855
PLTR,2025-08-04,amc,2025-08-04,0,0.463830215738471,0.49674020582140754,0.07848873598230566,0.13705955752361998,0.08321918842543097,-0.035852170013260465,119.94896034407422,65.03025882657431,50.80790498212758,51.33931445874769,1,1,0.5238095238095238,0.5714285714285714
PLTR,2025-11-03,amc,2025-11-03,0,0.3430415423403626,0.3883018084092992,-0.07935122967372787,-0.06549856426853706,-0.17342404646190224,-0.15011097569346554,131.2451485237689,99.07925664141051,80.81016934364759,64.143394954292,1,1,0.09523809523809523,0.2857142857142857
PLTR,2026-02-02,amc,2026-02-02,0,,,0.0684895151069349,-0.032823436823437246,-0.09975629928500762,0.03674883687356312,105.16223783657462,121.17529937661044,91.73126869604852,70.99615149640812,1,1,,
PLTR,2026-05-04,amc,2026-05-04,0,,,-0.06930079573911663,-0.06258987513560288,-0.07457371417298364,-0.026227500260704528,114.0093547030317,55.25798639641293,47.5114699504135,62.19469884626443,0,1,,
PYPL,2018-01-31,amc,2018-01-31,0,0.32870363842352796,0.31671583952675375,-0.0811062967826498,-0.11404122812547945,-0.09435058563405951,-0.07559770445555225,134.2742533670541,65.41387401246304,56.165219411138565,41.031419605590216,1,1,0.1875,0.09375
PYPL,2018-04-25,amc,2018-04-25,0,0.4534164248147129,0.425531943004718,0.027432475378658783,-0.030675491636480978,0.04067575369840082,0.10202704894983894,42.96109783060416,40.0923320523235,33.17915580049398,27.28786951066113,0,1,0.84375,0.6875
PYPL,2018-07-25,amc,2018-07-25,0,0.3142856711938986,0.31254276960112826,-0.02440626684199676,-0.08657111663296757,-0.05067310715432649,-0.04366860517461946,39.22437901355228,44.842515057744535,34.47268955291421,26.420183024148656,0,1,0.125,0.0625
PYPL,2018-10-18,amc,2018-10-18,0,0.4359267833099576,0.45396258823346897,0.09421784075366335,0.10944757799831017,0.09757353378631439,0.09783167165974915,142.93376301068093,79.96873209846525,63.60173716674965,50.81874490829181,1,1,0.78125,0.8125
PYPL,2019-01-30,amc,2019-01-30,0,0.41522798602716116,0.398208648202256,-0.03960185400675209,-0.0018394351549356758,0.017204060229823126,0.06903264995318348,64.14467174843755,33.316419855168924,27.411579749492088,20.33385750839159,0,1,0.625,0.46875
PYPL,2019-04-24,amc,2019-04-24,0,0.3143542146581786,0.3259215878506042,0.027979869766998622,0.03469506722015869,0.017254300871449857,0.02499541731303956,43.8066329612732,25.90585853582918,23.93398900839792,25.586424478231674,1,1,0.15625,0.15625
PYPL,2019-07-24,amc,2019-07-24,0,0.38165512471626184,0.40176578652721684,-0.05094806205833924,-0.08985985301972277,-0.12093990283154543,-0.10329767639355703,83.01058402603593,46.32511055510909,41.83528266115953,35.69303710083507,1,1,0.46875,0.5
PYPL,2019-10-23,amc,2019-10-23,0,0.5101580410992769,0.474022912194423,0.08557538322663283,0.1020282704966915,0.041287258305217955,0.06115493031993302,130.3458278449513,62.15315385492141,47.684735822333785,34.7087369117143,1,1,0.9375,0.90625
PYPL,2020-01-29,amc,2020-01-29,0,0.3987449330392073,0.43088682701470093,0.003943119498566183,0.02623002986034373,0.01628660863819964,-0.07431859384411343,6.247199501195992,33.560886924521746,25.179036447766336,32.07974934128439,0,1,0.5,0.75
PYPL,2020-05-06,amc,2020-05-06,0,0.40988585474761763,0.4336333124458164,0.1401293841561746,0.12017766211283942,0.1763697586725912,0.21580551305284912,208.18107553243536,95.54279598891591,70.37670811168803,53.36543211527871,1,1,0.5625,0.78125
PYPL,2020-07-29,amc,2020-07-29,0,0.3557276351648136,0.3630998046521958,0.042849334237780035,0.09918741524980002,0.036403066448158716,0.10693390868422337,66.60421444336738,38.23960462878564,35.68459282789102,29.68273513249791,0,1,0.3125,0.25
PYPL,2020-11-02,amc,2020-11-02,0,0.5098712830851484,0.5071383160713673,-0.042341389776387905,-0.016190895493355506,0.02226243007128148,0.13208343993021954,68.67934587180254,98.52363307283494,74.79564013707635,57.197818282802146,0,1,0.90625,0.9375
PYPL,2021-02-03,amc,2021-02-03,0,0.4643923343033041,0.47294799316095376,0.07356098397888311,0.12417621212341534,0.1544661153138669,-0.051012313116805985,112.67907490106641,60.43665306620638,52.513911552501156,57.065033020534905,1,1,0.875,0.875
PYPL,2021-05-05,amc,2021-05-05,0,0.35670761780072574,0.42491613624488195,0.018674296524024525,-0.030274858262152815,-0.011196378538438245,0.0632174376215986,29.37112978480414,42.46459674920426,32.6018964900287,28.310214150209035,0,1,0.34375,0.65625
PYPL,2021-07-28,amc,2021-07-28,0,0.4096113501469906,0.39178744078141736,-0.06228890212438554,-0.08768787233116482,-0.08467451466155174,-0.09391356183218913,102.09431839782219,51.67592222198051,38.648128719551124,30.09892963942839,1,1,0.53125,0.375
PYPL,2021-11-08,amc,2021-11-08,0,0.33292484524743954,0.30904562303243566,-0.10461167938790472,-0.07357695720062318,-0.17409120716749937,-0.13978730291305452,175.40978306199645,83.18349775458324,68.13376135731149,53.564176112580995,1,1,0.21875,0.03125
PYPL,2022-02-01,amc,2022-02-01,0,0.37631224854394596,0.39128176597723985,-0.24590437342512095,-0.3159271429079207,-0.3432309115164661,-0.4235495441988685,448.0359083582921,207.61469693658364,149.18114553236035,111.36404046006201,1,1,0.40625,0.34375
PYPL,2022-04-27,amc,2022-04-27,0,0.29737540981368316,0.33291657040492295,0.11475600725820256,0.12238226217336767,-0.09006176030325042,-0.02651019493541107,172.4535946933802,90.10754318456567,83.70493669186061,67.22327626767517,1,1,0.03125,0.1875
PYPL,2022-08-02,amc,2022-08-02,0,0.3472454949919784,0.3650935624469618,0.09249133240142848,0.054111435168526345,0.13890446499488762,0.042508216413801536,140.42703038701703,66.0696096205821,53.144740999569976,45.507486112718446,1,1,0.28125,0.28125
PYPL,2022-11-03,amc,2022-11-03,0,0.41138260955819084,0.39211820812776604,-0.01789681397565379,0.13389943696918993,0.11874584879505856,-0.038275680320099315,28.66761299484511,83.63078964347709,66.82330078040857,54.151271404582666,0,1,0.59375,0.40625
PYPL,2023-02-09,amc,2023-02-09,0,0.43346147025961324,0.3931569918270488,0.03034950893055166,-0.021550551636185022,-0.06210151267681818,-0.07408817229372078,47.46172067952759,33.76591532494257,30.041348909625725,27.96427568076547,0,1,0.75,0.4375
PYPL,2023-05-08,amc,2023-05-08,0,0.30981768727535464,0.37479630799569147,-0.12731721299706822,-0.1757150585510855,-0.16538665298764454,-0.15201266776901812,216.18404676818676,105.00425088753629,77.36373354759222,57.54957304027909,1,1,0.09375,0.3125
PYPL,2023-08-02,amc,2023-08-02,0,0.3583564310037895,0.3456142386595528,-0.12322391819253187,-0.15273215455278488,-0.18469936680582288,-0.14603814724208874,208.75556013072188,98.40083119456227,78.3915763949308,56.593292742951284,1,1,0.375,0.21875
PYPL,2023-11-01,amc,2023-11-01,0,0.3053551919543819,0.32350230904292454,0.06581495138976878,0.06620210823961092,0.12756483033808141,0.1546651394900509,101.18366723824172,51.1692725504577,44.85971929376032,38.951223870993644,1,1,0.0625,0.125
PYPL,2024-02-07,amc,2024-02-07,0,0.42432750958978105,0.4645004473139755,-0.11242885661878721,-0.06910187350701802,-0.0773245494990249,-0.06688814866856174,189.32985686110902,95.29906160159435,69.1910008466501,49.539943410414,1,1,0.6875,0.84375
PYPL,2024-04-30,bmo,2024-04-29,0,0.42552450951197435,0.41845339024195677,0.013882629803163127,-0.02060016842955581,-0.045379944660173144,-0.08866997054493087,21.88642015798959,26.835130813503977,29.43036235704962,25.064338287063347,0,1,0.71875,0.59375
PYPL,2024-07-30,bmo,2024-07-29,0,0.5235393981397427,0.5244106283244675,0.08585004476728675,0.02578896018796062,0.0766881412550704,0.21462504663599047,130.74741813257984,74.2647182338815,57.99343401340492,44.829519679539004,1,1,1.0,0.96875
PYPL,2024-10-29,bmo,2024-10-28,0,0.521717372413952,0.5387092679420352,-0.039598016467327746,-0.06531887173138196,0.04007673926436506,0.04007673926436506,64.13832865746797,40.84711513363603,41.348497313139966,31.507280417600995,0,1,0.96875,1.0
PYPL,2025-02-04,bmo,2025-02-03,0,0.34216765181882003,0.42691371234126263,-0.13166137085596974,-0.1259077811061855,-0.12166242058970622,-0.2235504711722568,224.10600689811005,102.26806548729577,74.20131354049569,56.79406085922152,1,1,0.25,0.71875
PYPL,2025-04-29,bmo,2025-04-28,0,0.4223740792214102,0.41943686267223573,0.021407577399429334,0.055598308158417487,0.11366075440243506,0.1002617739305307,33.624833057619966,29.032868082683077,28.882108462243387,24.244296896713585,0,1,0.65625,0.625
PYPL,2025-07-29,bmo,2025-07-28,0,0.37929622836536214,0.4148845699512867,-0.08655089555492768,-0.13052938366207467,-0.14241889161648513,-0.10278713284687846,143.70814096147038,70.1315155797759,52.04496419894823,41.50257227470998,1,1,0.4375,0.5625
PYPL,2025-10-28,bmo,2025-10-27,0,0.45133885293038994,0.4064548556815798,0.03943048494377499,-0.0271887199439923,-0.056939565322696506,-0.12652631811872583,61.39140891353874,49.689774457145695,43.82190525328074,40.862135146558295,0,1,0.8125,0.53125
PYPL,2026-02-03,bmo,2026-02-02,0,,,-0.20313394173603772,-0.21364411398149796,-0.22014134604825197,-0.10392614951776569,360.4603415117991,163.5775660831984,118.8880002816388,89.04066760938426,1,1,,
PYPL,2026-05-05,bmo,2026-05-04,0,,,-0.07739627002358718,-0.10557650803753749,-0.11917050197724677,-0.15439568556516825,127.87783623464361,58.977150371456446,42.61400057013466,34.91140286242737,1,1,,
QCOM,2018-01-31,amc,2018-01-31,0,0.21277234092689018,0.2319745396938111,-0.02124533873914458,-0.04703278246337039,-0.024322188018786828,-0.04328674158053236,34.089345574141724,59.77389330709346,50.80326920575047,42.76321554482196,0,1,0.03125,0.03125
QCOM,2018-04-25,amc,2018-04-25,0,0.455678514353159,0.42155395417142527,0.014472526237026884,0.010251037855055767,0.06874367223533606,0.18753766399944327,22.80976100545848,15.966185107777825,24.82503620856619,26.442051667560268,0,1,0.6875,0.625
QCOM,2018-07-25,amc,2018-07-25,0,0.5050035724348061,0.46188860621757905,0.07001005174899566,0.08296841647853759,0.09660029305130258,0.12521036471731906,107.4196874360382,54.80511058090944,39.39572677784008,27.606681345783908,1,1,0.9375,0.78125
QCOM,2018-11-07,amc,2018-11-07,0,0.3330095434148392,0.29614996301681107,-0.08163253091588929,-0.1466540872065767,-0.12561288190822606,-0.08461604095749975,135.1836187030286,69.01781439181424,51.64972898953892,40.07109604920676,1,1,0.28125,0.0625
QCOM,2019-01-30,amc,2019-01-30,0,0.302276206646895,0.3675942448740107,-0.012956157863930562,0.018536881537643435,0.028303443628095337,0.08032694152689768,20.701661466645504,18.208428826429966,17.24250331398139,14.727070437658337,0,1,0.09375,0.375
QCOM,2019-05-01,amc,2019-05-01,0,0.3155872075041121,0.32661510678154504,0.008915156978744454,-0.021187954200529213,-0.0012734147584685385,-0.22635164112123596,14.089660100025705,32.59252720543666,31.764784091541554,54.42674621938636,0,1,0.21875,0.125
QCOM,2019-07-31,amc,2019-07-31,0,0.277970783529555,0.3661381878521473,-0.026790326423650535,-0.05139427357826831,-0.03116442937291586,0.04496988243918487,43.10838202091491,33.82713608663717,35.548931545944384,34.83191652932338,0,1,0.0625,0.3125
QCOM,2019-11-06,amc,2019-11-06,0,0.49087871107673864,0.4912461750300491,0.06321652026642077,0.06900628232265116,0.011697763812634987,-0.0018914159130720698,97.30877517225977,56.6708095480319,44.68496351470211,34.49628219553925,1,1,0.84375,0.875
QCOM,2020-02-05,amc,2020-02-05,0,0.3182681553362382,0.3382125427906623,-0.0033001779164046896,0.008909473336843776,-0.01584021491728449,-0.1410599959989628,5.247533697382538,32.373007536684945,30.57710532942277,44.36256979992946,0,1,0.25,0.1875
QCOM,2020-04-29,amc,2020-04-29,0,0.3849677310865827,0.3751326952821443,-0.0037993622645194902,-0.0012661591781831794,-0.012283590902189001,0.02418619496108687,6.042787267383712,35.180926273842694,30.2427344643046,41.51961203386536,0,1,0.46875,0.4375
QCOM,2020-07-29,amc,2020-07-29,0,0.3754642469904275,0.35806543314115913,0.15220904911415944,0.19735578123358133,0.2446521847353582,0.24712464218721708,224.9116340394727,104.89269104739161,82.75484066130778,58.97523506446802,1,1,0.4375,0.25
QCOM,2020-11-04,amc,2020-11-04,0,0.5234778224673443,0.5256999098020674,0.12747191784758982,0.1451500054139101,0.14018778915961416,0.22741911551412763,190.45898874669535,94.6354881989299,70.3850452976489,53.8841490068578,1,1,1.0,1.0
QCOM,2021-02-03,amc,2021-02-03,0,0.4189714127487797,0.4099207418126166,-0.08829302499730296,-0.10351203961661071,-0.1133087316042316,-0.19674439586149417,146.7386166832499,67.19065578272885,49.10061871158931,45.30137355522472,1,1,0.5625,0.59375
QCOM,2021-04-28,amc,2021-04-28,0,0.4489142443902866,0.3886775330688923,0.04473881932961388,-0.014059138352359613,-0.08750094762575655,-0.02145418457773174,69.47783241185122,41.29804397695543,47.70141940060066,35.87213600072106,0,1,0.625,0.5
QCOM,2021-07-28,amc,2021-07-28,0,0.4928559848056606,0.4290503119397603,0.06002503404919479,0.04057811970638392,0.029766627719773675,-0.00042155009429234447,92.53651446423333,42.24630849179067,30.721169029242684,25.280849131682338,1,1,0.875,0.6875
QCOM,2021-11-03,amc,2021-11-03,0,0.46624443907386565,0.45659857736191967,0.12731044481997977,0.15395691785972243,0.3253896677856365,0.27944232454938667,190.23162269187696,96.22543013767864,80.18307686787065,59.891554990172736,1,1,0.71875,0.75
QCOM,2022-02-02,amc,2022-02-02,0,0.3093338622130538,0.3599852394337317,-0.048352631366355925,-0.022582473666811986,-0.08289035314491378,-0.134235423792615,78.67521015576186,46.75421315428518,56.502793623822456,50.48642330686636,0,1,0.1875,0.28125
QCOM,2022-04-27,amc,2022-04-27,0,0.3389479942568624,0.33427860416806415,0.09689117632405209,0.10325687413983564,-0.02072532551284967,-0.001924556634458563,146.80740939418908,86.04978715442842,71.61896593922773,59.4620027208513,1,1,0.3125,0.15625
QCOM,2022-07-27,amc,2022-07-27,0,0.36317230269392403,0.39194551991826226,-0.045430957734644895,-0.0277667732533462,-0.041910985248374555,-0.04673448597866381,73.80900849018741,37.09102581939287,37.09569910782127,35.170867345354466,0,1,0.375,0.5625
QCOM,2022-11-02,amc,2022-11-02,0,0.3028963215298303,0.32547794189326695,-0.07662204548864326,-0.01839986167392993,0.07315577601006473,0.12409967948999423,126.5462483544113,66.95191316741429,71.81618820509685,59.35533617560468,1,1,0.15625,0.09375
QCOM,2023-02-02,amc,2023-02-02,0,0.3539195376741969,0.3691809708597341,-0.0061094565986102856,-0.03916089597995365,-0.0418842730817246,-0.09342840670506891,9.72820907089944,33.98754505892472,28.770522142844374,25.501647127091726,0,1,0.34375,0.40625
QCOM,2023-05-03,amc,2023-05-03,0,0.39535202223789,0.35311248050855826,-0.05539318302816354,-0.05645658621777727,-0.07108043304702183,0.03184359506873924,90.46327181640126,46.49412771976273,39.294119784567954,40.61404855871682,1,1,0.53125,0.21875
QCOM,2023-08-02,amc,2023-08-02,0,0.38766522851315477,0.36688147955659567,-0.08176698300864493,-0.09824413383194497,-0.14790758609724686,-0.10775152702227542,135.4160438628934,65.18126586010848,48.203467386942265,36.48536798243786,1,1,0.5,0.34375
QCOM,2023-11-01,amc,2023-11-01,0,0.47774199371063253,0.47541474186281774,0.05834603238098568,0.08269444344994192,0.16259340717994508,0.1767937120737555,90.02011578477017,42.79185418316022,37.91058200058806,28.333494335057114,1,1,0.8125,0.8125
QCOM,2024-01-31,amc,2024-01-31,0,0.5056135037785932,0.5026562325215944,-0.049828351782166935,-0.017641998094108047,0.0365631749515547,0.10375317021982688,81.1387821196015,39.208912519563036,35.15805301086807,29.962435856238823,1,1,0.96875,0.9375
QCOM,2024-05-01,amc,2024-05-01,0,0.36630354826603184,0.38548296485647027,0.0974345849759628,0.10017674443798641,0.18585083907332223,0.24846875719102024,147.59365045719795,66.95048339219709,51.72448337872302,41.068555503857034,1,1,0.40625,0.46875
QCOM,2024-07-31,amc,2024-07-31,0,0.44520124468898725,0.44776171435779694,-0.09367219264348015,-0.1372203334945119,-0.0762641997394451,-0.06333236684836285,156.1324840754008,74.06899715891399,63.04610900041856,49.90547722565999,1,1,0.59375,0.71875
QCOM,2024-11-06,amc,2024-11-06,0,0.4776586091491703,0.4804721450739239,-0.0004623440927918887,-0.07266320270304172,-0.10821424928194268,-0.07309999837002878,0.7341182144907348,28.229543450473766,43.22202678855227,32.97351659384755,0,1,0.78125,0.84375
QCOM,2025-02-05,amc,2025-02-05,0,0.45044468900767587,0.49319291709731505,-0.03718858448372386,-0.03167301809871392,-0.012282511840832844,-0.07830487734065683,60.16075996881934,31.868255479808088,24.375097883641388,35.508304281414475,0,1,0.65625,0.90625
QCOM,2025-04-30,amc,2025-04-30,0,0.49642426578359833,0.5169038411704998,-0.08924958048899556,-0.028020927934903628,0.030446036220158845,-0.021958790684965868,148.40503139534476,73.90010005544366,57.65243195886585,43.02978266082197,1,1,0.90625,0.96875
QCOM,2025-07-30,amc,2025-07-30,0,0.469526401378831,0.425980682711367,-0.07732936323419548,-0.08311329015109348,-0.015528680090598712,0.010939289631354931,127.76271922287381,57.92622417195008,46.53052523788892,34.96829815825675,1,1,0.75,0.65625
QCOM,2025-11-05,amc,2025-11-05,0,0.3028144217985333,0.3901627536443994,-0.03627873987416741,-0.01697077172651773,-0.07572893969484984,-0.02235029741003325,58.66134740571999,31.682139004479044,32.138565741530456,30.579962927803056,0,1,0.125,0.53125
QCOM,2026-02-04,amc,2026-02-04,0,,,-0.08455900621632406,-0.05272353424444254,-0.05117866672850413,-0.08280481603622791,140.25027594182282,63.93583340047259,47.88665480040019,37.75358111149032,1,1,,
QCOM,2026-04-29,amc,2026-04-29,0,,,0.1511539276382845,0.23442316969752786,0.36647439611686394,0.6091026560588981,223.45727921052182,130.96393222285045,127.2656225821032,106.6413480059299,1,1,,
REGN,2018-02-08,bmo,2018-02-07,0,0.5026184522150222,0.49568259500885176,-0.03583276864254337,-0.011715192065828495,-0.0561549242400905,0.021188755571081908,57.92690929042833,58.16656899909156,44.55875231384769,34.42997564694699,0,1,0.71875,0.625
REGN,2018-05-03,bmo,2018-05-02,0,0.3682302375553103,0.3935424500800736,-0.012595558965398879,-0.03896804629554973,0.023873740392152287,0.03626668982995751,20.12182048891174,13.664065772548966,36.5714439269951,29.19646305099449,0,1,0.1875,0.21875
REGN,2018-08-02,bmo,2018-08-01,0,0.4061238485165255,0.3661953218854328,0.06999426205166115,0.00873239607152465,-0.024688188243848663,0.10101600414054457,107.3962619061977,58.44219483686346,42.226120459429296,36.01015285911596,1,1,0.28125,0.09375
REGN,2018-11-06,bmo,2018-11-05,0,0.394063034101249,0.34838423753272957,0.0075508848145897645,-0.023581907421123982,-0.04491016614373977,0.07539536814334569,11.941629629155964,28.137593818907998,25.410442249705227,32.26070203081939,0,1,0.21875,0.03125
REGN,2019-02-06,bmo,2019-02-05,0,0.4075036182513642,0.4087063970543217,-0.03439104313105423,-0.01116290782973306,0.0034913273321439675,-0.027218453361138817,55.55495679448595,28.420371640457827,24.080081944245254,26.298996532953105,0,1,0.3125,0.3125
REGN,2019-05-07,bmo,2019-05-06,0,0.44391604288159525,0.38776091507401883,-0.06341701401648236,-0.11352870734381726,-0.12102370458578626,-0.12848965110438781,104.00524832306803,58.56654853916658,42.1167958088762,34.19377077897923,1,1,0.4375,0.125
REGN,2019-08-06,bmo,2019-08-05,0,0.4515448368766156,0.4269360741201414,0.0023032287314430633,-0.012351094886162484,-0.0039724122007029905,-0.04362925741415946,3.652058111568299,30.426508613249474,33.13325326895746,27.765286242291744,0,1,0.46875,0.375
REGN,2019-11-05,bmo,2019-11-04,0,0.5605843016694954,0.5096725012725442,0.0693158652866892,0.10686730505614639,0.0937178957423368,0.18946118217169494,106.38946864088894,60.71145739139679,47.18554922912718,36.483007664331154,1,1,0.90625,0.84375
REGN,2020-02-06,bmo,2020-02-05,0,0.6414061601311583,0.5678686843546246,0.04753319583346638,0.0917346132406982,0.07249557297940767,0.3285414800543893,73.718139393534,44.91472451191304,33.50646313806145,50.57097455639228,1,1,0.96875,0.96875
REGN,2020-05-05,bmo,2020-05-04,0,0.5230831541959552,0.46398618395168245,0.06007511419495182,0.05959524382014991,0.03407034229579753,0.11527803916673607,92.61151070142074,51.672725473513424,46.02635928359013,50.83873102704107,0,1,0.8125,0.46875
REGN,2020-08-05,bmo,2020-08-04,0,0.46617057714882526,0.5058777913152582,-0.036873642205558776,-0.07644638354407474,-0.04601869116659074,-0.05903491641571401,59.641578738145206,32.251043850926855,26.373970228609217,32.769518152567464,0,1,0.5,0.8125
REGN,2020-11-05,bmo,2020-11-04,0,0.36073924109716105,0.42357881037582346,0.0028442809378570466,-0.033058726115984816,-0.11598591327862151,-0.16127325514364477,4.508746975990792,23.87507071768262,34.62813287795058,28.855996943962293,0,1,0.15625,0.34375
REGN,2021-02-05,bmo,2021-02-04,0,0.3527563303000878,0.3908355178658808,0.00028059309818706524,-0.016638572403505303,-0.057072475797071864,-0.07146587163849594,0.4453652541557887,8.517675493225276,12.74596030871499,22.146049549271613,0,1,0.125,0.15625
REGN,2021-05-06,bmo,2021-05-05,0,0.4991889937878504,0.5015508261192171,0.03370506450097577,0.05124162504636143,0.05772970469966898,0.06108788212096283,52.62319663198638,26.407882408835086,24.065516652709807,19.163252431411244,1,1,0.6875,0.71875
REGN,2021-08-05,bmo,2021-08-04,0,0.4390205416484778,0.4663907637179169,0.03704262379408152,0.04733624326478969,0.09401827100242643,0.16318101283495445,57.740397286729404,28.893199080437586,30.32995565623183,25.645349254915573,1,1,0.40625,0.5
REGN,2021-11-04,bmo,2021-11-03,0,0.5053566469491508,0.4963519535116284,-0.00685472523627173,-0.04585180407920131,-0.015749088896073626,-0.025977668445935742,10.919005260654075,44.1434672169948,34.41287847810638,27.61598800061132,0,1,0.75,0.65625
REGN,2022-02-04,bmo,2022-02-03,0,0.6478622159875775,0.6154214465791025,0.003657218299158993,-0.003979642836499098,0.009714873398300128,-0.0033832764182639696,5.795063606991381,6.352495917015913,21.45202958610136,21.38962307252589,0,1,1.0,1.0
REGN,2022-05-04,bmo,2022-05-03,0,0.5249888262192907,0.501919942809909,0.0005601509090527035,-0.06873700132173999,0.010704174540488998,-0.04510286297490074,0.8889630477192715,44.03871008486917,38.50567009034728,36.55663700377445,0,1,0.84375,0.75
REGN,2022-08-03,bmo,2022-08-02,0,0.4236420354561785,0.47485431594272043,0.05880416286969736,0.08207532972891518,0.12825246939466206,0.01060935817252262,90.70713328373866,46.57489133333674,40.9945202904204,31.44835526456887,1,1,0.375,0.53125
REGN,2022-11-03,bmo,2022-11-02,0,0.46982082464218944,0.4632496216629581,-0.0024307213660973437,0.003335759511502223,-0.006495747151789244,0.03499073603286784,3.8633478102452385,13.540345726630404,15.648632024857992,16.62134238244838,0,1,0.53125,0.4375
REGN,2023-02-03,bmo,2023-02-02,0,0.47318584708487743,0.49683788756497516,0.042505349459811104,-0.008559545304108185,-0.019794967411713382,0.03884453306506841,66.08050601563524,36.85409798552988,30.511106179533403,23.50983327512763,1,1,0.5625,0.6875
REGN,2023-05-04,bmo,2023-05-03,0,0.2730938942145415,0.3525072733086517,-0.06136932125447325,-0.06671068768253874,-0.06666096099542862,-0.07871305494867886,100.53832309847557,46.90546783382581,34.441956339137384,26.546419141215328,1,1,0.03125,0.0625
REGN,2023-08-03,bmo,2023-08-02,0,0.48845748362943614,0.4852025727328179,0.0537206119329805,0.07306187474221004,0.08908375559699167,0.12889969590964556,83.06707849576965,38.84404613366363,29.749889460033724,26.089289809917727,1,1,0.59375,0.5625
REGN,2023-11-02,bmo,2023-11-01,0,0.5297786425755054,0.5613554641919886,0.034779523483026153,0.03983467683229569,0.0014027877499773744,0.02981295333757239,54.272375861632696,28.62141618324324,24.714496699359298,19.258576479515984,1,1,0.875,0.9375
REGN,2024-02-02,bmo,2024-02-01,0,0.3020368808113641,0.3915185355085796,-0.013155529249365916,-0.011850442972445752,-0.003184585281078678,0.014001021092512556,21.02234046520315,13.049359382863408,12.282258903132462,16.127326037279026,0,1,0.0625,0.1875
REGN,2024-05-02,bmo,2024-05-01,0,0.3050481459712044,0.4050164193749108,0.037776137602529625,0.05786515116653379,0.08271339749361051,0.0848717128211165,58.86282507889041,32.93881473211125,24.923798108293997,19.946991831780288,1,1,0.09375,0.28125
REGN,2024-08-01,bmo,2024-07-31,0,0.41323323904735804,0.4558292293051086,0.012926102927088401,-0.010554264541922764,0.07197058861097871,0.09242106569297781,20.388065202164455,14.090472254249816,29.883411407874622,23.162768023148647,0,1,0.34375,0.40625
REGN,2024-10-31,bmo,2024-10-30,0,0.39726923950649945,0.3974424839768172,-0.09166757307151341,-0.11502067436653973,-0.1283714008919824,-0.18700880331952907,152.6252311464457,70.41650040676205,51.23343269000926,39.883419942544926,1,1,0.25,0.25
REGN,2025-02-04,bmo,2025-02-03,0,0.4938631166591141,0.5477003239865821,0.04528758777317088,0.0352553531367632,0.019719513444325765,0.03176592836767966,70.31145146514692,44.121713141351485,37.39882183098285,30.87933860010539,1,1,0.625,0.90625
REGN,2025-04-29,bmo,2025-04-28,0,0.5937557672169581,0.5228051461059261,-0.06867372297290497,-0.01191747743759497,-0.05767272690686276,-0.029688704208630567,112.9401457113842,65.78745271566649,77.9279956357977,57.54121613990717,1,1,0.9375,0.875
REGN,2025-08-01,bmo,2025-07-31,0,0.5157457766349494,0.5043299908791157,0.024584638963217165,0.02628961316977252,0.03760112806872007,0.06622250779721361,38.55489378020813,30.620736705400336,29.0621840594357,29.538590715606666,0,1,0.78125,0.78125
REGN,2025-10-28,bmo,2025-10-27,0,0.49904546037670483,0.4907187193024184,0.11817667120047703,0.09728174476880924,0.11862097903503543,0.34681995356752804,177.3172790902554,80.05268976033851,59.75425090146399,51.20270953047138,1,1,0.65625,0.59375
REGN,2026-01-30,bmo,2026-01-29,0,,,-0.010661302752139279,0.022937038815729505,0.04564738734958795,0.05647046007592982,17.015157344043487,22.69734810985401,30.828797665420364,26.856153592906452,0,1,,
REGN,2026-04-29,bmo,2026-04-28,0,,,-0.06205510782328605,-0.040313278937203934,-0.011424440167598915,-0.14939355666486243,101.6985774399038,51.536762685665096,40.59707379372663,48.01452169838563,1,1,,
RKLB,2022-02-28,amc,2022-02-28,0,0.5151227035260124,0.5103333443173609,-0.0461215494908489,-0.1226415179216298,-0.10587004537950295,-0.13102725419269323,74.95787999818859,57.65184473466962,50.90148731888762,70.93166680364195,0,1,0.625,0.6875
RKLB,2022-05-16,amc,2022-05-16,0,0.5362283607216314,0.5464006242522922,0.0462107221906094,-0.15341958357042984,-0.12014780718361806,-0.19963030576103913,71.71277275268065,137.94122798082472,112.0681508567367,92.36301454059732,0,1,0.6875,0.875
RKLB,2022-08-11,amc,2022-08-11,0,0.5794573525465874,0.5710944637014947,0.21160405168361351,0.023890761654579373,-0.05972694482221175,-0.023890843026106223,304.70347021890916,159.8672966767327,118.99592683374811,91.61549381007681,1,1,0.8125,0.9375
RKLB,2022-11-09,amc,2022-11-09,0,0.3794484191645032,0.4519983775394999,0.12025320657914595,-0.011603339872239826,-0.07172989286253206,-0.15611810271113125,180.26255666958025,134.22020519368579,102.20246007202772,78.63461394859745,1,1,0.125,0.3125
RKLB,2023-02-28,amc,2023-02-28,0,0.40662876117537367,0.4682531819132133,-0.0222222010294596,-0.0222222010294596,-0.13555553224351669,-0.11999999152289498,35.67451829330097,65.48626134330746,58.76074081451169,44.498988136971896,0,1,0.25,0.5
RKLB,2023-05-09,amc,2023-05-09,0,0.409276271548458,0.3772219771978434,0.04568523495545507,0.08629445371829503,0.14720810032556852,0.3401015566312495,70.91523295199357,49.91262413691156,71.34343091203698,59.0617690740497,0,1,0.3125,0.125
RKLB,2023-08-08,amc,2023-08-08,0,0.5942431041192993,0.5392945234689595,-0.03153153798172725,-0.0855855417242547,-0.1246246160243637,-0.05105100353460923,50.860907878031824,43.17437368545475,52.427807938921674,47.6996811645366,0,1,1.0,0.8125
RKLB,2023-11-08,amc,2023-11-08,0,0.48785190440594733,0.47543074945439134,-0.018348605792718242,0.009174302896359121,-0.022935757240897803,0.10091744122626767,29.398047739867962,24.61930752857079,32.51169759158398,37.27750336161371,0,1,0.5625,0.5625
RKLB,2024-02-27,amc,2024-02-27,0,0.36812170076430756,0.3672138965317914,-0.025477682502587196,-0.0997877416607661,-0.07855623833596592,-0.12101914374625544,40.96870577172832,40.70648854961863,37.455730037606635,32.08107444768109,0,1,0.0625,0.0625
RKLB,2024-05-06,amc,2024-05-06,0,0.38765524581902816,0.4563626948230423,-0.022167466856587215,0.024630518729541473,0.08374388112801823,0.09359608861983482,35.58565825367212,47.291077470144316,65.57382454448708,55.676146873610975,0,1,0.1875,0.4375
RKLB,2024-08-08,amc,2024-08-08,0,0.5841621456636139,0.588662367561874,0.1257861440318131,0.22222221111490437,0.43396230187391005,0.28721171719857663,188.0836873868417,120.95107728049241,123.59110337015082,99.14308231174786,1,1,0.9375,1.0
RKLB,2024-11-12,amc,2024-11-12,0,0.4588654749275107,0.43047775700531166,0.2844474842903948,0.3983629067785297,0.7353342973293737,0.5402455769937844,397.38441643615346,202.4864661757278,157.32944407956512,123.3742492185686,1,1,0.5,0.1875
RKLB,2025-02-27,amc,2025-02-27,0,0.44902367893870004,0.4552077741534634,0.03328289712311605,-0.0590015169337067,-0.11396874622173281,-0.061018612664044736,51.974745883518146,108.08989288345259,96.60028409240674,82.78444641967724,0,1,0.4375,0.375
RKLB,2025-05-08,amc,2025-05-08,0,0.5438698751957043,0.4844471224758518,-0.1121212168751966,0.09177484402058189,0.1177488860795175,0.2831168355055502,188.77972818604928,119.04405883319814,87.166046790217,83.60226092459108,0,1,0.75,0.625
RKLB,2025-08-07,amc,2025-08-07,0,0.4423703984279614,0.430803322829555,0.01085726198091952,-0.03166699253955296,-0.060619777441186296,0.07962000747925724,17.142476382343354,28.23897612692522,55.69498475482256,73.99335632410815,0,1,0.375,0.25
RKLB,2025-11-10,amc,2025-11-10,0,0.5829253519317044,0.5324923375131563,-0.012716759691866586,-0.1655105953764694,-0.18208093420242766,0.10828514001261569,20.3166869385602,81.56450527912358,82.17736257546237,80.17823281452343,0,1,0.875,0.75
RKLB,2026-02-26,amc,2026-02-26,0,,,-0.04886445942459139,-0.03647627625905747,-0.05891257659192595,-0.1613214174060038,79.52922442016785,48.76142199228441,52.37099763469367,91.54937479916721,0,1,,
RKLB,2026-05-07,amc,2026-05-07,0,,,0.34219901709166867,0.6868159832413527,0.5964621280864435,0.44629675334220487,467.20157175699023,230.34391260713912,173.73941824735698,144.2230140501795,1,1,,
ROP,2018-02-02,bmo,2018-02-01,0,0.2054163144451951,0.23380609202010832,0.014044268048307718,-0.07768875469297931,-0.01955521305948782,-0.031004791619497984,22.139479338989844,52.58958408233043,41.68723586541547,32.75964872151355,0,1,0.03225806451612903,0.03225806451612903
ROP,2018-04-20,bmo,2018-04-19,0,0.2401659911522218,0.2744976267302034,0.007714848069099611,-0.04918227101972983,-0.05468236004778415,-0.016108348860727317,12.19994156656217,33.229710455319115,25.676610464287524,20.30037190406551,0,1,0.06451612903225806,0.0967741935483871
ROP,2018-07-26,bmo,2018-07-25,0,0.5349399048874931,0.5157781057468854,0.05194161427175126,0.03406207829057939,0.027963267950960935,0.029869042124823775,80.38471864380702,44.00271570610931,32.39530577579004,24.278758465940165,1,1,0.5161290322580645,0.5806451612903226
ROP,2018-10-26,bmo,2018-10-25,0,0.5517472872174041,0.5209692369826215,0.07552545107594111,0.07055119575856184,0.11754731190456646,0.07692000745981575,115.58123430820156,56.50426155766344,41.88430571403295,33.28891501818812,1,1,0.6774193548387096,0.6451612903225806
ROP,2019-02-01,bmo,2019-01-31,0,0.6660351540198892,0.5919770627902249,0.031666875972454545,0.05069547766474258,0.08070305100199593,0.13298726105602388,49.49008053815288,25.87590012500988,22.734651660092105,18.30001729616566,0,1,0.967741935483871,0.8709677419354839
ROP,2019-04-25,bmo,2019-04-24,0,0.4586080024774928,0.4803879594288021,-0.008879134461928895,0.01964245833046152,0.011762458661867647,0.0073372766411590185,14.158138426790687,17.61607966527383,15.322974518316743,17.422036814276044,0,1,0.3548387096774194,0.45161290322580644
ROP,2019-07-25,bmo,2019-07-24,0,0.5327250269773448,0.5322628285126981,-0.009742553806321608,-0.029334867258172026,-0.06942662049362469,-0.052076362863795245,15.541655946992133,19.47397365888651,26.249359950677608,26.63209477312638,0,1,0.4838709677419355,0.7096774193548387
ROP,2019-10-24,bmo,2019-10-23,0,0.5352022107582176,0.47810394457957645,-0.007733214407070865,0.010062419193422434,0.027021092760395327,0.05702876434005133,12.323810282335506,21.598087440329756,18.55388349288461,18.771370813843188,0,1,0.5483870967741935,0.3870967741935484
ROP,2020-01-30,bmo,2020-01-29,0,0.5373944482096572,0.47825791205245183,0.028853589979028316,0.01926210670055184,0.03329282331497163,-0.07070756407729017,45.15529628133091,27.71493589777199,21.486782172787656,23.914624732072955,1,1,0.6129032258064516,0.41935483870967744
ROP,2020-07-28,bmo,2020-07-27,0,0.3351941381409197,0.402263491055946,0.005681177058709741,0.03446660038927862,0.04901377695975273,0.025125011564167243,8.993067506201216,25.035753708132347,18.614100649366215,19.423255515747016,0,1,0.1935483870967742,0.22580645161290322
ROP,2020-10-27,bmo,2020-10-26,0,0.5182366048066804,0.48536838371309,-0.055732431411527394,-0.08842046198390963,-0.06623779012305409,0.0015315253473273671,91.03349514405475,67.66579909519702,48.7496770548697,39.62966712526925,1,1,0.45161290322580644,0.5483870967741935
ROP,2021-01-29,bmo,2021-01-28,0,0.5945147059987275,0.540226095311023,-0.07076108300291861,-0.04512420031339448,-0.053969447738071774,-0.08965760195198869,116.50205552513424,54.04806584071061,38.71839117334727,32.97814583480105,1,1,0.8709677419354839,0.7419354838709677
ROP,2021-04-27,bmo,2021-04-26,0,0.44398451059210997,0.472396493255587,0.031200223458486942,0.029373060777980076,0.02782347042147726,0.031223348406373752,48.771868576533606,23.335181856446425,17.70418994750492,18.434083084752878,1,1,0.3225806451612903,0.3225806451612903
ROP,2021-07-23,bmo,2021-07-22,0,0.5683992981846775,0.5583879970024501,0.010232026809132932,0.000508634253905571,-0.0036207427675022386,-0.023718236233022827,16.160302954921196,15.894079355213645,12.541737730193624,12.084886697222167,0,1,0.8064516129032258,0.8064516129032258
ROP,2021-10-22,bmo,2021-10-21,0,0.3361314919789689,0.40139878447607524,0.012384491784774854,0.011054712201673977,0.013319567629089146,0.03572000186204449,19.539028953938164,15.776813572646539,17.27505550776114,18.007772837016315,0,1,0.22580645161290322,0.1935483870967742
ROP,2022-02-02,bmo,2022-02-01,0,0.43907423033538795,0.4174540450407934,0.02337152719594915,0.00859744034695753,-9.043052394175355e-05,0.017919035817241413,36.67423296696577,31.45373526133547,28.363200766024143,25.370031570723377,0,1,0.2903225806451613,0.25806451612903225
ROP,2022-04-26,bmo,2022-04-25,0,0.47726788258349045,0.4777817782934509,0.03676952589448379,0.008807977650227228,-0.04909154073780997,-0.06216068483056725,57.32229820469351,38.813365465474945,40.695304298604405,33.979079895749734,1,1,0.3870967741935484,0.3548387096774194
ROP,2022-07-22,bmo,2022-07-21,0,0.5180484869714577,0.5731455285654744,-0.004385468116798075,0.055629609159939086,0.04390296489408696,0.04988733797241762,6.977024778272849,32.000968500155196,24.634796668354866,19.971057531277665,0,1,0.41935483870967744,0.8387096774193549
ROP,2022-10-26,bmo,2022-10-25,0,0.4308717680397753,0.4257608354456516,0.028174624126761083,0.09447085611722872,0.10166655880574615,0.1471427642177383,44.1073525457691,37.14087438657012,36.8136090766862,32.01738004350897,0,1,0.25806451612903225,0.2903225806451613
ROP,2023-01-27,bmo,2023-01-26,0,0.6350491052256316,0.6243251403385736,-0.02326472734908347,-0.02677471761328254,-0.03552717036190001,-0.03478479269855683,37.367993161449675,27.62911569018176,21.81402157848623,18.677763081042713,0,1,0.9354838709677419,0.967741935483871
ROP,2023-04-27,bmo,2023-04-26,0,0.536135243255355,0.4849518749162295,0.05087586372593078,0.05885631476791464,0.06553772692938131,0.04266340011489933,78.77561399741452,36.600540323988454,26.659332729439754,21.88686897865141,1,1,0.5806451612903226,0.5161290322580645
ROP,2023-07-21,bmo,2023-07-20,0,0.5630998573313997,0.4845160916736275,0.03694001006767067,0.019934052554275272,0.01947709540265663,0.005710250886740598,57.58331377196608,26.758523263552757,19.039144560343406,16.547104436785016,1,1,0.7741935483870968,0.4838709677419355
ROP,2023-10-25,bmo,2023-10-24,0,0.5854531783565029,0.6178498761773716,-0.0027769890821468524,0.012475346190840675,0.05079254996460203,0.09518152150363779,4.414465805467857,16.519948388510464,16.635699911745657,14.451136329482454,0,1,0.8387096774193549,0.9354838709677419
ROP,2024-01-31,bmo,2024-01-30,0,0.545802196982528,0.5276199064221768,-0.04375240669754754,-0.028972380788708896,-0.04656601722050846,-0.029987368501142475,71.02002518320147,34.50483347073733,27.005950182774363,21.13834630023591,1,1,0.6451612903225806,0.6774193548387096
ROP,2024-04-26,bmo,2024-04-25,0,0.3156023539376327,0.3670432406497567,-0.025221741449607427,-0.054754828918702314,-0.031605673422883784,0.007864465272823917,40.55184463372508,26.696210683939835,20.5971285106885,17.758703580148453,1,1,0.16129032258064516,0.16129032258064516
ROP,2024-07-24,bmo,2024-07-23,0,0.624529028417913,0.6042760777209786,-0.07365886108427433,-0.05129991300767189,-0.09774147812756617,-0.03968536947796619,121.46016425195658,56.60326913011413,44.42732630216337,34.138904595398735,1,1,0.9032258064516129,0.9032258064516129
ROP,2024-10-23,bmo,2024-10-22,0,0.562137703113646,0.5178834214470062,-0.016591243943926526,-0.005959059778351761,-0.017025901084581574,-0.004799936728259513,26.558718681547116,13.48419286450317,13.437194016423138,21.11014416574702,0,1,0.7419354838709677,0.6129032258064516
ROP,2025-01-30,bmo,2025-01-29,0,0.27710908091017966,0.24010768576044672,0.05079005450035923,0.07071560050748893,0.043718437591931725,0.07638772251678927,78.64598547603171,36.066632135573876,30.650182919370554,25.461620721512585,1,1,0.0967741935483871,0.06451612903225806
ROP,2025-04-28,bmo,2025-04-25,0,0.292638642567513,0.3121846627621688,-0.010310142349620133,0.01495429483491173,0.022915604325815186,0.028904442615461434,16.451800275053852,15.235759473963153,13.038024671893384,15.094629144832275,0,1,0.12903225806451613,0.12903225806451613
ROP,2025-07-21,bmo,2025-07-18,0,0.5585429673081908,0.5504481445077721,0.013069364671417949,0.03348093697799048,-0.004919292677909914,-0.022962877570349094,20.612568141828973,20.48268865826009,19.74482430776071,17.585182460583756,0,1,0.7096774193548387,0.7741935483870968
ROP,2025-10-23,bmo,2025-10-22,0,0.7217620837558313,0.6795233420724646,-0.05696051024280446,-0.12313594533885786,-0.12402015975040537,-0.13378534834617728,93.09941756329953,51.284566112886644,36.8567389896126,28.812363568991035,1,1,1.0,1.0
ROP,2026-01-27,bmo,2026-01-26,0,,,-0.09641039481656666,-0.088237521439964,-0.13937896099418234,-0.15765778511333783,160.93575794840984,75.58760783835645,69.48607839408977,55.30064831663679,1,1,,
ROP,2026-04-23,bmo,2026-04-22,0,,,-0.0026594642620177966,-0.024017801676188055,-0.03967311698941767,-0.11145231325997729,4.227392429247727,21.282318450298416,18.801990617992363,27.355447212696106,0,1,,
ROST,2018-03-06,amc,2018-03-06,0,0.3938238058771547,0.4406956485986872,-0.06347044938106361,-0.04359733155524936,-0.036926116652971186,-0.006281263110004098,104.09582057636666,50.05463267252692,35.59936371964822,34.29623845260786,1,1,0.34375,0.625
ROST,2018-05-24,amc,2018-05-24,0,0.41088485545361514,0.4348552399290596,-0.06774365948069994,-0.027121608752159188,0.03471560736387391,0.030425141702103975,111.35563839627652,54.533286493932295,42.1169612717168,30.501913601303187,1,1,0.46875,0.59375
ROST,2018-08-23,amc,2018-08-23,0,0.5452687777725932,0.5103433826129787,0.000631297513861373,-0.0012628554281821636,0.015995011421598093,0.026126932898360433,1.001837539470769,15.34803834503572,15.996702487746264,13.840620249620025,0,1,0.84375,0.8125
ROST,2018-11-20,bmo,2018-11-19,0,0.4165161898596893,0.3584218120480681,-0.09376033910364745,-0.09277329031724724,-0.10341016917458468,-0.1515195244693699,156.28688182344908,73.1731869274505,62.13466261075955,46.97592308541697,1,1,0.53125,0.09375
ROST,2019-03-05,amc,2019-03-05,0,0.2648542808874279,0.35837657637113635,0.0027607191936263042,-0.03196349300307544,-0.023225616741024857,0.011491710434484936,4.376467532451877,33.36804728643411,26.689256326214917,22.056100778128826,0,1,0.03125,0.0625
ROST,2019-05-23,amc,2019-05-23,0,0.4957456314513412,0.4712456048771928,-0.018304718482497484,-0.016082805484678775,0.04920169159795629,0.09105054834751924,29.327078159196233,27.721331677423827,29.755758789253356,23.582088946726987,0,1,0.78125,0.75
ROST,2019-08-22,amc,2019-08-22,0,0.4126772255325057,0.4151168458024344,-0.041433983103063454,-0.0027004302402281466,0.016573547639971764,-0.0010901739710628133,67.17590673982194,41.04770103799141,34.09526345964926,28.5734483005813,1,1,0.5,0.5
ROST,2019-11-21,amc,2019-11-21,0,0.3623302536241292,0.4016803193507904,-0.002415405446907548,0.03900153528817185,0.02124541329380647,0.023845554497193833,3.8389754865940513,18.072164348497914,15.084251934662735,14.220356752478319,0,1,0.1875,0.375
ROST,2020-03-03,amc,2020-03-03,0,0.30396942677869954,0.40338147942961633,0.003112894655029619,-0.06747863492978168,-0.3611590139107945,-0.25526733035508975,4.933891704268527,92.17754637434123,140.3012613111638,134.25275229142594,0,1,0.09375,0.4375
ROST,2020-05-21,amc,2020-05-21,0,0.43007791684318875,0.4293862751508617,-0.030866376288861908,0.0009288477379572058,0.057912753368766445,-0.06390025907894725,49.77099214988822,31.324965724782388,30.797589687430936,43.30304525439803,0,1,0.5625,0.5625
ROST,2020-08-20,amc,2020-08-20,0,0.39656825890068925,0.3996680761965655,-0.0027439508650618505,0.03887506072173297,0.07237613808388366,0.03384431433875701,4.361874083893547,26.450941021654582,34.16845219327773,32.48562514382869,0,1,0.40625,0.34375
ROST,2020-11-19,amc,2020-11-19,0,0.373391916747741,0.39965236971549456,-0.010980021576641352,-0.0059888153406583156,0.045735290907210624,0.05980060901786599,17.526642404128726,39.24705618062151,36.50630519194396,29.810942965693698,0,1,0.25,0.3125
ROST,2021-03-02,amc,2021-03-02,0,0.5040498819603252,0.470526722554518,-0.05601810091840398,0.062393840950435875,0.05132155708661146,0.021671112482114507,91.51381969294026,66.4334792385861,51.56828605911166,41.18864240741602,1,1,0.8125,0.71875
ROST,2021-05-20,amc,2021-05-20,0,0.2958171915362425,0.4196174891110851,0.006286983053768624,0.025963529771092286,-0.024575410574950385,-0.022733866380430068,9.94903415769841,14.13635033745544,20.103577897128723,22.784243306549833,0,1,0.0625,0.53125
ROST,2021-08-19,amc,2021-08-19,0,0.6125676916063402,0.56995992473111,-0.027334391003220215,-0.05790790399649026,-0.07599917990139327,-0.10407367231888864,43.99608101690138,34.97614313451563,25.23397139299436,19.978275745669723,0,1,0.96875,0.96875
ROST,2021-11-18,amc,2021-11-18,0,0.387899783813433,0.3718724747678702,-0.05639231691775559,-0.07956824365302972,-0.07806222796788409,-0.11199370812338039,92.14324623347632,60.94861576775386,56.11080830370864,41.857743799756726,1,1,0.28125,0.21875
ROST,2022-03-01,amc,2022-03-01,0,0.46836557472060203,0.3905792341168428,0.0608596742737304,-0.04120622200022861,-0.019876948809171013,0.03783675418892529,93.78594621712088,64.51672542529661,51.573206223008484,44.97050728946343,1,1,0.71875,0.28125
ROST,2022-05-19,amc,2022-05-19,0,0.4681637921413526,0.5088137556257563,-0.22470336205479735,-0.06159668414627273,-0.10765909922227335,-0.18681253489008576,404.0214079332368,200.8595515407122,143.43384608196965,101.80728736271112,1,1,0.6875,0.78125
ROST,2022-08-18,amc,2022-08-18,0,0.4086328219858822,0.38682874639419945,-0.010760889840649823,-0.011847807316892611,-0.037934605774936125,-0.010229073246396658,17.174958592733976,32.00277174651548,33.42541120104319,37.7243072247679,0,1,0.4375,0.25
ROST,2022-11-17,amc,2022-11-17,0,0.3304623090791249,0.3642890804724073,0.0986418476175166,0.18390669729909148,0.21515369909866,0.17655616326287182,149.3390088560492,75.83636638891282,54.00852301759539,40.76499336834729,1,1,0.15625,0.15625
ROST,2023-02-28,amc,2023-02-28,0,0.4379080387234067,0.45631753772816996,0.0011760556361311014,-0.006151433291403441,-0.059032909222968444,-0.07001444060278206,1.8658334976347453,18.713924235700155,22.47822680542677,21.33852810751845,0,1,0.59375,0.65625
ROST,2023-05-18,amc,2023-05-18,0,0.439662553045129,0.40240898162969907,-0.005883496629868312,-0.02884790239985302,-0.019738129111408376,0.021342208651173866,9.367344825216174,20.484750900629606,23.57931118259884,21.305550999670995,0,1,0.625,0.40625
ROST,2023-08-17,amc,2023-08-17,0,0.3950543860910276,0.3552123554645212,0.05006190670710353,0.05130011040336635,0.07739246070136074,0.04364497621559682,77.54557587571394,46.70601296635568,33.677945533579866,24.445424910919904,1,1,0.375,0.03125
ROST,2023-11-16,amc,2023-11-16,0,0.5498488366295067,0.5353771839426742,0.07215971004532018,0.09105264892698028,0.09979175661664708,0.12678474631086778,110.60568880700865,50.09878719020342,36.72059941761827,28.878117787520136,1,1,0.875,0.875
ROST,2024-03-05,amc,2024-03-05,0,0.5903913904232778,0.5495451848005298,-0.007039063620059016,-0.017966041292581725,-0.015906247060152423,-0.061068599013752944,11.213680451284223,11.799710864607762,12.277935673249095,14.494243411522989,0,1,0.9375,0.9375
ROST,2024-05-23,amc,2024-05-23,0,0.4563677378670422,0.5147339852687938,0.07788564194432901,0.059911932123803524,0.09419075581987779,0.12876059855479882,119.06100495027385,58.52280021292856,43.410841258762886,32.638322109793016,1,1,0.65625,0.84375
ROST,2024-08-22,amc,2024-08-22,0,0.6537860276522129,0.6625958896468384,0.017637018194250675,-0.004720758693361415,-0.013047607140943551,-0.014248004143523119,27.75386386766887,23.011910762128675,19.70270082049477,21.581639303654537,0,1,1.0,1.0
ROST,2024-11-21,amc,2024-11-21,0,0.47571992463617907,0.4593796721408788,0.021894210819350945,0.08330985412186709,0.09457183802363622,0.04246634471363664,34.380968665506565,37.863899110441736,29.437569689869765,23.38263372786465,0,1,0.75,0.6875
ROST,2025-03-04,amc,2025-03-04,0,0.32628531757281903,0.36264332361835044,0.01963670344095747,-0.053835335652894,-0.08722226595909399,-0.023325677545222967,30.870188300319906,32.80663612401099,29.17406881106277,30.957415707496438,0,1,0.125,0.125
ROST,2025-05-22,amc,2025-05-22,0,0.3887237379532441,0.41010754353784284,-0.0984565261178385,-0.07986883524750488,-0.055500901321566376,-0.1547019026231936,164.53453321052086,77.14369399262958,55.99321534413675,41.595187762719924,1,1,0.3125,0.46875
ROST,2025-08-21,amc,2025-08-21,0,0.3686719491011827,0.3704648778012663,0.011193609669492233,0.023554436307373416,0.036602122391459435,-0.003862104084371154,17.670589117011957,14.236136859693072,20.490779888583663,17.90691713071486,0,1,0.21875,0.1875
ROST,2025-11-20,amc,2025-11-20,0,0.5541956688996122,0.537178069435377,0.0841119975231237,0.0988160592062246,0.10822422849720548,0.12829641842218908,128.20445654965616,58.57366290731342,41.7001215810875,31.111407840732248,1,1,0.90625,0.90625
ROST,2026-03-03,amc,2026-03-03,0,,,0.08034813937854435,0.07736281622254526,0.06068896080055963,0.11524703994860075,122.68349962086722,56.06057132298608,41.293580979501286,33.531530356169704,1,1,,
ROST,2026-05-21,amc,2026-05-21,0,,,0.08112706878657283,0.06694593068012811,0.06068417149141858,0.05667422126787769,123.8276368752456,60.417078392134094,50.197592579650376,39.71290052373965,1,1,,
SBUX,2018-01-25,amc,2018-01-25,0,0.4752014066012977,0.5031483504938996,-0.04227896770656181,-0.07514439190607947,-0.10715700111367155,-0.05070049676663135,68.5758760826446,34.853197209134564,29.65716737314788,24.12621820184622,1,1,0.625,0.78125
SBUX,2018-04-26,amc,2018-04-26,0,0.40608873813429425,0.4089070904748353,-0.017177317801097547,-0.05473203042264374,-0.024057379416578373,-0.019486743044189847,27.505060414311234,25.618075942353407,23.65881011280385,17.645567791869006,0,1,0.40625,0.4375
SBUX,2018-07-26,amc,2018-07-26,0,0.3099850325903596,0.27670586762038296,0.013605257500833634,0.004470120773995667,0.016160382815161745,0.03240503745674883,21.452074892571062,14.11082005211094,12.061577464921038,13.765136707828777,0,1,0.125,0.03125
SBUX,2018-11-01,amc,2018-11-01,0,0.32336959788403175,0.30193098749935876,0.09704933081411538,0.17209614230755665,0.15952697311465935,0.15746887029906498,147.03627838063568,71.80339533569534,51.35031076237435,36.75287212380436,1,1,0.28125,0.15625
SBUX,2019-01-24,amc,2019-01-24,0,0.3110040946010323,0.33015029578262134,0.0362989324831553,0.05251792198791483,0.07353734976156767,0.10319422053721805,56.601585011828035,27.980986661558738,24.058440093244844,18.009958021266293,0,1,0.15625,0.21875
SBUX,2019-04-25,amc,2019-04-25,0,0.32003928500929135,0.30890403883879186,0.004409245210272639,0.004668755815942172,0.014931832083419083,-0.007867995141423445,6.984073820672694,9.316230922314258,8.197050276783752,16.39816369035384,0,1,0.25,0.1875
SBUX,2019-07-25,amc,2019-07-25,0,0.42670969663295066,0.45008867380467,0.08936014858434604,0.04836240071013087,0.06215513039966769,0.04483317032437384,135.87071326899576,63.96701933441672,47.39599868800186,35.3893381624404,1,1,0.46875,0.53125
SBUX,2019-10-30,amc,2019-10-30,0,0.530978237510349,0.5576475069720292,0.00439481325677038,-0.014253496788511066,0.0020142630804933503,0.019800882206366888,6.961264213291342,17.293449505179655,16.83096145736164,15.051978453126571,0,1,0.84375,0.84375
SBUX,2020-01-28,amc,2020-01-28,0,0.41355709305972,0.3789921618505601,-0.021219077025165012,-0.0024833175904201976,-0.0076994893958883814,-0.11224776736415443,34.046752040871006,28.695747101653,22.96003797529117,27.363229058551582,1,1,0.4375,0.375
SBUX,2020-04-28,amc,2020-04-28,0,0.5112472121912379,0.4474549006457954,-0.023256127979009222,-0.07358010746010424,-0.049813819069877585,0.0037338854203039507,37.35401699300456,38.61205988823851,41.37896874364329,31.95380402366188,0,1,0.75,0.5
SBUX,2020-07-28,amc,2020-07-28,0,0.31677800398089684,0.3542519525008886,0.03724551317125768,0.006564892408415179,0.062420468753089375,0.11010581626186378,58.050939391933966,28.834099069023107,25.31460552192942,26.805795956464344,0,1,0.21875,0.28125
SBUX,2020-10-29,amc,2020-10-29,0,0.47302080938592017,0.4768850146049896,-0.015175636362277256,0.026274194985662636,0.06422489197002967,0.11531386672641508,24.27524145106902,27.193320509905522,36.42490403934494,28.382246367553932,0,1,0.59375,0.65625
SBUX,2021-01-26,amc,2021-01-26,0,0.500955591660676,0.4634819387555287,-0.06514477566354948,-0.029038031752149696,0.014614424086564437,-0.00744588628778009,106.93640292907199,55.00808995199989,43.280266330202416,33.09105781088786,1,1,0.6875,0.59375
SBUX,2021-04-27,amc,2021-04-27,0,0.48976966238352126,0.4712373417888541,-0.032285794723121874,-0.01756363180675491,-0.022385006399474383,-0.02454588038885508,52.097718369363236,29.909761787847394,22.35559119434677,20.7541863241962,0,1,0.65625,0.625
SBUX,2021-07-27,amc,2021-07-27,0,0.2935342949494812,0.29612033388493486,-0.028723067235068234,-0.05474888693471658,-0.07648985851933288,-0.07943696709378412,46.26410643870408,23.483973645298736,19.149918278197877,15.310729026459754,1,1,0.09375,0.09375
SBUX,2021-10-28,amc,2021-10-28,0,0.28140066590636426,0.39005829980615,-0.06298594673300684,-0.009187377521939988,-0.011302968519248502,-0.017602212007989504,103.27478377174057,53.93886172103658,45.103228920880994,34.19469674592301,1,1,0.0625,0.40625
SBUX,2022-02-01,amc,2022-02-01,0,0.46325462491337577,0.4900331210846943,-0.010429083472275225,-0.03888215944185813,-0.03818127901894652,-0.06850873655196454,16.64259188918979,16.809583119556898,20.36742942667906,25.89511983337894,0,1,0.5625,0.71875
SBUX,2022-05-03,amc,2022-05-03,0,0.5129817683925684,0.5019459119565107,0.0983449869891635,-0.03323002141401232,-0.0012212349873977901,0.07600397888808086,148.9100107087265,83.47453046475005,75.79923341467911,59.108041053868334,1,1,0.78125,0.75
SBUX,2022-08-02,amc,2022-08-02,0,0.3148978534886216,0.29919109153815915,0.042527812166445855,0.013499081416921355,0.07405801952384228,0.010022968340623883,66.11471021149796,32.054735941239365,26.86474301276649,26.889045065957816,0,1,0.1875,0.125
SBUX,2022-11-03,amc,2022-11-03,0,0.5020935143504578,0.4821322440879305,0.0847899773878793,0.14328326492939092,0.15171597495372957,0.2298669405783933,129.19690315825167,70.86735704264836,50.644799456335164,38.477570644338456,1,1,0.71875,0.6875
SBUX,2023-02-02,amc,2023-02-02,0,0.3283172320454782,0.36203361846649473,-0.044434355477887766,-0.023532692056567384,-0.009813583090553801,-0.03329293011694512,72.15252092315683,35.04579336416211,27.510283501857902,23.472395844749556,1,1,0.3125,0.3125
SBUX,2023-05-02,amc,2023-05-02,0,0.42782944824277785,0.43694403102644025,-0.0917351706087347,-0.06770923929701944,-0.0756226910674932,-0.14375686456469738,152.7433726478835,70.57312967270126,50.59066001743143,38.085317171497884,1,1,0.5,0.46875
SBUX,2023-08-01,amc,2023-08-01,0,0.3717741569031575,0.3781562960508488,0.008591689053462082,-0.005530305946644276,-0.006779792061470946,-0.014722657938374684,13.580626469877805,16.747628085021354,17.846118109395064,18.922871464240696,0,1,0.34375,0.34375
SBUX,2023-11-02,bmo,2023-11-01,0,0.2813686461690818,0.28558113083958836,0.09480038691696269,0.14176260341172497,0.16707894348959917,0.09190056928946011,143.77867455625363,67.75044673069182,50.72745341985817,36.59019908751663,1,1,0.03125,0.0625
SBUX,2024-01-30,amc,2024-01-30,0,0.6233249087312547,0.5866566374777785,-0.011160921012273284,0.016900450174240467,0.0037707789106524725,0.014784694369834428,17.817026040031806,25.70340928084245,24.58675454342394,20.753551540454467,0,1,0.90625,0.875
SBUX,2024-04-30,amc,2024-04-30,0,0.3848326951117575,0.34522268177757154,-0.15877486277603692,-0.18069843736991675,-0.14532722053882874,-0.1032031673163194,274.46381663276554,124.14480744519936,89.38723290828733,65.93084359638695,1,1,0.375,0.25
SBUX,2024-07-30,amc,2024-07-30,0,0.6551820605219353,0.6155152028745409,0.026468079709570436,-0.00750603740283351,0.262838979692132,0.2625226567743095,41.47034330284318,40.79168071139673,114.55704309066144,82.07002518906606,0,1,0.96875,0.90625
SBUX,2024-10-30,amc,2024-10-30,0,0.6645100239149183,0.6857034060845782,0.0039046623962641913,-0.012741447950759266,0.02548297787541043,0.0593274566796671,6.186389356263761,17.670504551083503,22.154411107685632,22.03154199451888,0,1,1.0,1.0
SBUX,2025-01-28,amc,2025-01-28,0,0.46103480806509134,0.5099414847438435,0.08136646129486724,0.10148398009947113,0.1057664503664113,0.146413673962148,124.17910505017686,58.54242872890166,42.366310198457974,31.797860124731724,1,1,0.53125,0.8125
SBUX,2025-04-29,amc,2025-04-29,0,0.513797154044485,0.45961462866890185,-0.05657045239539993,-0.024395969839129394,0.02392449131575214,-0.002454978355018622,92.44295553476142,57.33872379059303,53.814453534455275,42.012880417862036,0,1,0.8125,0.5625
SBUX,2025-07-29,amc,2025-07-29,0,0.5778932355577708,0.6208055506122269,-0.0021514291040510836,-0.029690227061692887,0.004410513900936053,-0.05079175370870914,3.418966976339524,41.209810044033716,33.79535266007199,29.763515754018027,0,1,0.875,0.9375
SBUX,2025-10-29,amc,2025-10-29,0,0.639246161750961,0.6568397121603113,-0.012118285334023482,-0.015326167325964035,0.036711523531369084,0.04240609634367254,19.354692734660585,37.83617474970693,36.11525844116672,31.811331737813326,0,1,0.9375,0.96875
SBUX,2026-01-28,bmo,2026-01-27,0,,,-0.005850394192548736,-0.027998378463255036,0.018909268015268488,0.03126315743608066,9.314486216475663,20.95156792472439,32.16471979175884,30.00955828293704,0,1,,
SBUX,2026-04-28,amc,2026-04-28,0,,,0.08449838025588519,0.07874177062309173,0.09560036240615921,0.04174052776087178,128.77013085043703,58.06542787042349,43.42224166266752,32.3833944915075,1,1,,
SHOP,2025-02-11,bmo,2025-02-10,0,0.5288064069087913,0.5242239154006549,0.030775602711024863,0.07848203430325906,-0.07464557517711934,-0.1949124474492847,48.118064064808195,50.10791496830402,55.55131974298775,58.722121769303214,0,1,0.75,1.0
SHOP,2025-05-08,bmo,2025-05-07,0,0.530670733414542,0.4411901094037928,-0.005291005291005346,0.17936504707134593,0.08275131952194936,0.17894183769427907,8.42150933518639,98.52509159231808,74.11810818892734,58.87520036073561,0,1,1.0,0.75
SHOP,2025-08-06,bmo,2025-08-05,0,0.2770863840410517,0.32897997533217405,0.2196849913109007,0.17559057521069144,0.09645669291338588,0.14291333776759352,315.256013318121,142.88650183884323,104.53764588147916,75.05426601364094,1,1,0.25,0.5
SHOP,2025-11-04,bmo,2025-11-03,0,0.29032496657101314,0.3045598305256195,-0.0693882261512383,-0.08129985752346347,-0.19087550190598102,-0.07482365131682267,114.15848773693318,69.05930534766337,63.693239656640166,57.48858340142733,0,1,0.5,0.25
SHOP,2026-02-11,bmo,2026-02-10,0,,,-0.06703865861762737,-0.04401130594262326,-0.05446400834268672,-0.008409302992678613,110.15561307073935,86.61048100518371,74.04493550918701,64.83923414561758,1,1,,
SHOP,2026-05-05,bmo,2026-05-04,0,,,-0.15617409111512615,-0.19607998069652577,-0.19725600203944982,-0.11454331839116505,269.5635493003307,138.82193005402843,103.76683702413874,84.0279539483492,1,1,,
SNDK,2025-05-07,amc,2025-05-07,0,0.52385144116575,0.4708919504360001,0.048327096588960394,0.19902770493334043,0.10380317777252235,0.11953103114852381,74.92077531698486,75.71900196753924,65.72570202401805,50.80424457409689,0,1,1.0,1.0
SNDK,2025-08-14,amc,2025-08-14,0,0.3945320054020572,0.3636800653250518,-0.04584403118376068,-0.025278498231820823,0.08976003854576686,0.9299484950496377,74.49609937878414,43.338408526377556,42.664818282766035,90.81187551198856,0,1,0.3333333333333333,0.3333333333333333
SNDK,2025-11-06,amc,2025-11-06,0,0.42704735046025294,0.4304410107108225,0.1530646295557796,0.17275749656238282,-0.056478384080371646,0.08560835172753678,226.08996867280564,170.12908017579434,173.65862754827413,138.30935296118915,1,1,0.6666666666666666,0.6666666666666666
SNDK,2026-01-29,amc,2026-01-29,0,,,0.0685147655171392,0.06842207537417555,0.16871869514913662,0.14793256277154176,105.1997518311953,170.1003276380503,139.91841683688904,103.64704835739036,0,1,,
SNDK,2026-04-30,amc,2026-04-30,0,,,0.08252545752292484,0.22202255246526348,0.26101901340478983,0.6063966931660174,125.87960555473308,111.96513179638885,117.39699124641578,98.1844258193468,0,1,,
SNPS,2018-02-21,amc,2018-02-21,0,0.3873843148709657,0.3605653160132142,-0.04612256243817714,-0.042844234170838935,-0.019443830414927477,-0.041374588182166105,74.95956575268566,34.69700220297231,25.84690689121418,22.391966819744763,1,1,0.22580645161290322,0.12903225806451613
SNPS,2018-05-23,amc,2018-05-23,0,0.3017667519188349,0.33747055917963487,-0.019594865898169722,-0.02501939655063201,-0.0023247988510552986,-0.024465836816942033,31.414683674941436,15.698354237020732,17.028077830350867,15.004580997056516,0,1,0.06451612903225806,0.0967741935483871
SNPS,2018-08-22,amc,2018-08-22,0,0.2687134047545553,0.2642386804489977,0.06358935659550569,0.07922256411810347,0.0751029972311108,0.04806172113405993,97.86534625981773,45.00374447324279,32.8440552192741,25.057257612523014,1,1,0.03225806451612903,0.03225806451612903
SNPS,2018-12-07,amc,2018-12-07,0,0.3027427890016874,0.3050454636241071,0.017308092101439465,-0.001935756883808426,-0.07993619525690043,-0.009792764897973982,27.240676571672424,19.238861673605403,26.91994180254097,31.543952554223758,0,1,0.0967741935483871,0.06451612903225806
SNPS,2019-02-20,amc,2019-02-20,0,0.3361495820358986,0.3884135912390836,-0.014663061633400143,-0.00339877735585703,0.006797406539364337,0.09642649040083962,23.449230733979654,12.851147085334205,12.86547505396457,17.564815484883773,0,1,0.16129032258064516,0.25806451612903225
SNPS,2019-05-22,amc,2019-05-22,0,0.41860354361776925,0.369857705866136,0.01668264714078993,0.01694330210865358,0.06108268861224175,0.11947172158761421,26.264405532754783,17.824656375880984,30.323861802948805,24.70595404065228,0,1,0.3225806451612903,0.1935483870967742
SNPS,2019-08-22,amc,2019-08-22,0,0.5306730987034095,0.5702691954353132,-0.02841724423195824,0.01661868747189743,0.046834492854934906,-0.013597117911139822,45.76434932939188,32.07352821521683,30.104059571955275,31.375938281216015,0,1,0.5806451612903226,0.8387096774193549
SNPS,2019-12-04,amc,2019-12-04,0,0.5469850840128795,0.474303790017232,-0.03036533924582918,-0.028894881512429804,0.015366603051915062,0.04389384208381153,48.95050042617034,27.602913576194,24.74769927309675,21.190945073006755,0,1,0.6451612903225806,0.4838709677419355
SNPS,2020-02-19,amc,2020-02-19,0,0.5782432181398331,0.5575186429472325,-0.060064266514131215,-0.1390994087092271,-0.11012787177401562,-0.303230527565285,98.33269385485988,57.15362991068167,52.50387857204635,88.87487930687004,1,1,0.8387096774193549,0.7741935483870968
SNPS,2020-05-20,amc,2020-05-20,0,0.5160581651176562,0.5312258529505441,0.01825106817055544,0.05185231019374159,0.10261676196455216,0.11470354497806312,28.71145495924983,26.225468241914022,27.88183382819544,31.842433196550644,0,1,0.5161290322580645,0.6129032258064516
SNPS,2020-08-19,amc,2020-08-19,0,0.32406920940937545,0.3655832250497493,0.08546061112442849,0.1087176012463218,0.15709816969971846,-0.0014630639851473948,130.17798625727377,60.34221269792209,45.42031004581199,48.59989640616579,1,1,0.12903225806451613,0.16129032258064516
SNPS,2020-12-02,amc,2020-12-02,0,0.4604824900053656,0.38335241829027933,0.043387326215009514,0.03582237009625011,0.1040406050009337,0.1334104466210595,67.42294783309217,36.54277967954454,30.200216178614447,24.757397433833585,0,1,0.3870967741935484,0.22580645161290322
SNPS,2021-02-17,amc,2021-02-17,0,0.46524234863308445,0.49098185875344624,-0.0451437733215978,-0.0813363979966979,-0.16503388595356894,-0.19865382166618917,73.33149189579193,53.82818634525307,59.50158662082021,50.92680979807146,1,1,0.41935483870967744,0.5483870967741935
SNPS,2021-05-19,amc,2021-05-19,0,0.45285574640033915,0.41154097072571066,0.03096564747478814,0.07128411748161834,0.05573810116919131,0.120070713970027,48.41071641442616,36.45683748998463,26.319885262815635,23.426501817937297,0,1,0.3548387096774194,0.3548387096774194
SNPS,2021-08-18,amc,2021-08-18,0,0.5867531200253259,0.587978178446632,0.08725866196020649,0.11829475382858412,0.14795444130876434,0.12011837413754223,132.80540149736086,60.752292164764796,44.088504860404605,32.83646785031731,1,1,0.9032258064516129,0.8709677419354839
SNPS,2021-12-01,amc,2021-12-01,0,0.5602873277067324,0.554384293887711,0.04457061516873595,0.08845402644230771,0.07931288362350641,0.10082150858849892,69.22223041851268,42.45924801883782,47.15431703254359,38.02676529474152,1,1,0.7096774193548387,0.7419354838709677
SNPS,2022-02-16,amc,2022-02-16,0,0.6232659262435872,0.5485987550620945,-0.043938885266383454,0.0032920865084138384,0.006682055268656395,0.03722410310661761,71.32962535443347,64.56210359490686,49.336851218492484,51.5306291410396,0,1,0.967741935483871,0.7096774193548387
SNPS,2022-05-18,amc,2022-05-18,0,0.566403123266004,0.5924726856669988,0.10254239622265904,0.09758962977858099,0.21366984139637646,0.08661989476882792,154.96501263098503,75.37564805119837,64.909966003832,55.04864577565461,1,1,0.7741935483870968,0.9032258064516129
SNPS,2022-08-17,amc,2022-08-17,0,0.46711261052263425,0.48213388231059484,-0.020157461091289353,-0.05839895013123364,-0.09181105245755417,-0.17530185969795764,32.32588710978896,26.487259906710726,25.36344721337956,30.663310931824956,0,1,0.45161290322580644,0.5161290322580645
SNPS,2022-11-30,amc,2022-11-30,0,0.5290026023658945,0.47162817711913385,0.05389641082767316,-0.04635689567013335,-0.022118188068053324,-0.05963951078042362,83.33190089120781,56.11036152463501,44.99865187264797,36.146043063477855,1,1,0.5483870967741935,0.45161290322580644
SNPS,2023-02-15,amc,2023-02-15,0,0.617567597535337,0.6265792318120409,-0.05209765721220627,-0.03689258879173052,-0.04242649319438241,-0.018314567317965103,84.93464300127766,44.95772037071477,32.5227730550035,30.231187533061636,1,1,0.9354838709677419,0.967741935483871
SNPS,2023-05-17,amc,2023-05-17,0,0.39829545394355276,0.3932875713375096,0.08653337765131996,0.04855741149938453,0.2054471305277199,0.17001702066427282,131.74609760037237,62.22019089071905,69.98834378028852,49.89344616657735,1,1,0.25806451612903225,0.2903225806451613
SNPS,2023-08-16,amc,2023-08-16,0,0.632045635654972,0.6281151082409029,-0.009598060375930473,0.046776112605952935,0.06788727004112505,0.05539338570802932,15.310039938920864,26.738452357518,27.002102748416156,25.426684359583906,0,1,1.0,1.0
SNPS,2023-11-29,amc,2023-11-29,0,0.5833788749791586,0.5948334333689483,-0.016707166377304072,-0.04519789802911234,0.028291648736867625,-0.06796880739722289,26.745855519420473,26.283996996116816,28.764674666260646,32.966531553955946,0,1,0.8709677419354839,0.9354838709677419
SNPS,2024-02-21,amc,2024-02-21,0,0.4723404753472217,0.4629147722871365,0.06867563807209431,0.0491381452485562,0.05960587034299136,0.10751145510968008,105.43873593290687,47.861521466669636,45.97336683579627,39.73734430849132,1,1,0.4838709677419355,0.41935483870967744
SNPS,2024-05-22,amc,2024-05-22,0,0.5611971042393709,0.5146391308499373,0.02297904977571208,-0.01465640315896577,0.0012562083593445905,0.03920571338385859,36.06530641826641,26.817711918468717,32.5059151735609,28.81884832638254,0,1,0.7419354838709677,0.5806451612903226
SNPS,2024-08-21,amc,2024-08-21,0,0.567878873476837,0.5449983110549911,-0.029432590728834418,-0.09686899199359422,-0.15699156167444384,-0.10276616762056168,47.42417231428364,34.58087466253889,46.38107313397149,38.89141289847009,0,1,0.8064516129032258,0.6451612903225806
SNPS,2024-12-04,amc,2024-12-04,0,0.4154150617388189,0.46250174520834897,-0.12365649995349703,-0.12914966401599703,-0.1591326655173788,-0.14785714700919428,209.5389662118293,95.10542174218284,71.53644684512915,50.86327379104018,1,1,0.2903225806451613,0.3870967741935484
SNPS,2025-02-26,amc,2025-02-26,0,0.3716194856593466,0.4007226320649545,-0.03347787332837182,-0.047825533326245506,-0.08077201183988125,-0.05150274392899912,54.05442482552512,33.424837469116106,34.3264007587658,30.14504522733727,0,1,0.1935483870967742,0.3225806451612903
SNPS,2025-05-28,amc,2025-05-28,0,0.5314883326282718,0.5654446538137347,-0.01608892710084786,0.023268408053214396,0.08282338714435378,0.08693210398058304,25.748069316578835,21.124500299645852,22.729354190305624,23.174235413832907,0,1,0.6129032258064516,0.8064516129032258
SNPS,2025-09-09,amc,2025-09-09,0,0.5486530394787505,0.5484332920700382,-0.3583731788271417,-0.2951834064195933,-0.1887088848129438,-0.19029735211014986,704.4287779699663,327.74844787714454,242.1048103088201,169.5244874928358,1,1,0.6774193548387096,0.6774193548387096
SNPS,2025-12-10,amc,2025-12-10,0,,,0.0030053238209319932,-0.047832166719888436,-0.00016809905748438325,0.12103061589865627,4.763649089652793,42.6888140891047,36.910396624464035,32.84464687261674,0,1,,
SNPS,2026-02-25,amc,2026-02-25,0,,,-0.051584061124022806,-0.04049692075967748,-0.03604426376964942,-0.10512723425224868,84.07475725106298,47.68133317258362,36.95009518524729,36.57266823864799,0,1,,
SNPS,2026-05-27,amc,2026-05-27,0,,,-0.08609668720166119,-0.053049883638383366,-0.12431544054184251,-0.13610432936238848,142.91898456696694,73.96388981674065,62.442243120641564,46.02097778676617,1,1,,
STX,2018-01-29,bmo,2018-01-26,0,0.6299153233470017,0.6372170910121906,0.0030942265074398456,-0.05769935428496675,-0.12959606282889125,-0.03767738804023457,4.904348627418938,37.243742580225046,42.479816991298,36.54233903477188,0,1,0.78125,0.8125
STX,2018-05-01,bmo,2018-04-30,0,0.4792012749507412,0.4834846552983875,-0.06356876765910102,-0.03351186969081987,-0.014164728504131863,0.002418381423022975,104.26248229120296,48.18670217032078,35.517028977631185,32.87871559300963,1,1,0.1875,0.125
STX,2018-07-30,bmo,2018-07-27,0,0.5505403894141343,0.5629745935476441,-0.012616250753391123,-0.014810524426047356,-0.06966557945122376,0.03053598000373725,20.155087039003273,22.68049572602784,41.908252037160565,34.04152495293008,0,1,0.4375,0.5625
STX,2018-11-02,bmo,2018-11-01,0,0.5612664531101343,0.5655326787543127,0.030013997320988528,0.05467634870794913,0.020474846095009713,0.04141461628292431,46.94471659590873,26.476727346825463,38.155391934766435,34.913038130379874,0,1,0.5,0.59375
STX,2019-02-04,amc,2019-02-04,0,0.6844195865834465,0.6338462312161894,-0.009218471027341746,-0.019973627713967046,0.007243342553082233,0.01536444696457484,14.701737450088881,17.524352833919156,15.522396807969852,21.441934172944528,0,1,0.875,0.78125
STX,2019-04-30,bmo,2019-04-29,0,0.5356798125341595,0.553645148808833,0.07521135234267007,0.09857586136798613,-0.020026815953465005,-0.026924992589175134,115.1175641055387,54.49887189841591,56.367496031676964,45.0978718416333,1,1,0.34375,0.46875
STX,2019-08-02,bmo,2019-08-01,0,0.42339122229104376,0.4508428514629982,-0.028750335178146846,-0.024210803047484353,-0.036316047149004826,0.08538738722665595,46.308673671653196,24.190832232970898,24.58293833789628,27.198260077260905,0,1,0.0625,0.0625
STX,2019-11-01,bmo,2019-10-31,0,0.7080610420554591,0.7092410006152343,-0.007065430517356197,0.0015506699317338057,0.0031020838279318674,0.02240225794868156,11.255833879533437,9.93075741974997,10.58845296909832,13.87132925408082,0,1,0.9375,1.0
STX,2020-02-04,amc,2020-02-04,0,0.5361951513782659,0.5228439446076809,-0.07190109239370401,-0.05460415464154866,-0.08512789736441606,-0.14753265702178775,118.45076836290076,57.046899286360066,44.07152685374706,45.566114092757786,1,1,0.375,0.28125
STX,2020-04-22,amc,2020-04-22,0,0.476469209939889,0.48351859447956896,-0.05616877606997572,0.006306582729827204,-0.06346073071581049,0.010248162424484342,91.76722336460853,51.96273102530237,47.5828861007234,44.371003694235775,0,1,0.15625,0.15625
STX,2020-07-28,amc,2020-07-28,0,0.6980866453916199,0.6977683707902425,-0.0877081565741965,-0.06547254924870627,-0.0574429426489349,-0.05847219929764913,145.72057888543824,67.59362620978634,48.90077908037521,35.14148520709384,1,1,0.90625,0.9375
STX,2020-10-22,amc,2020-10-22,0,0.5087468086465676,0.5023512237532376,-0.020274388624164086,-0.07974539585063445,0.01853602438487001,0.07375903352708879,32.51533365109414,32.182464159194865,37.437673864967714,31.52963333167569,0,1,0.28125,0.21875
STX,2021-01-21,amc,2021-01-21,0,0.4868930073487993,0.46309399467733153,-0.046711010112184925,0.05894527857870613,0.07594554610969118,0.16746123822150327,75.93916746881986,104.21651111822202,74.15011337041909,54.60126353728665,1,1,0.21875,0.09375
STX,2021-04-22,amc,2021-04-22,0,0.5577901149867024,0.5260611905977159,0.060299480038572995,0.15164128445127822,0.07028993020310836,0.1254101712168023,92.94746052580464,54.840816464408995,48.73719368807532,62.99029280565151,1,1,0.46875,0.3125
STX,2021-07-21,bmo,2021-07-20,0,0.5850177373717335,0.586316449030616,-0.03380512339412867,-0.0036264024390938454,0.057667319687068286,0.041408178705001575,54.59200314495543,33.61379450680373,28.101538332635208,25.774710428282816,0,1,0.65625,0.65625
STX,2021-10-22,bmo,2021-10-21,0,0.7370144799032562,0.7022853286170532,0.06067614603489635,0.08888630152423671,0.15880346965599856,0.22543748567973787,93.51129419847841,47.056509320717446,39.191097816146495,39.19211545315762,1,1,1.0,0.96875
STX,2022-01-26,amc,2022-01-26,0,0.4735269805237853,0.5125152817139191,0.07652357692255762,0.14619439763418507,0.16374203091763406,0.08919111418605619,117.05376188854615,59.380275396516865,44.227509341275855,38.21865026575087,1,1,0.125,0.25
STX,2022-04-27,bmo,2022-04-26,0,0.6079122358619168,0.5991150108695183,0.030414079018935336,0.05868247266901827,0.019686963851923922,0.04315986547438122,47.56120015231192,25.250914705116706,35.19134528225925,44.908786798834406,0,1,0.71875,0.6875
STX,2022-07-21,amc,2022-07-21,0,0.7133303607015078,0.6449411701659143,-0.08109087891356492,-0.04556875961500684,-0.03851213830981859,-0.04353550975833753,134.2476181828179,65.9369507070432,47.42093478627689,43.907627198089116,1,1,0.96875,0.84375
STX,2022-10-26,bmo,2022-10-25,0,0.6552514360152699,0.571984862908627,-0.07948266396477599,-0.12017228939178948,-0.08620697973801306,-0.05499992324174241,131.47179344010615,69.87657512329183,60.826678568715245,55.895132764200916,1,1,0.8125,0.625
STX,2023-01-25,amc,2023-01-25,0,0.660875662447945,0.6701755995499695,0.10859436666458411,0.13236934226251051,0.1418474905666589,0.06168696422081643,163.65486790411688,82.40892562162796,62.19454889375822,48.270732140939764,1,1,0.84375,0.90625
STX,2023-04-20,bmo,2023-04-19,0,0.6095060799277082,0.6154955850789652,-0.09195030028506146,-0.10372254550910265,-0.11040408298492965,-0.001749873235483701,153.1194174022909,70.39313801764034,55.50063020092303,45.75917096135533,1,1,0.75,0.71875
STX,2023-07-26,amc,2023-07-26,0,0.519884122282805,0.5434809764193741,0.07210629867238838,0.1214420907000866,0.15335517036574875,0.1195445249641216,110.52660540443688,55.43822195716041,50.465601089662634,39.35239604064579,1,1,0.3125,0.40625
STX,2023-10-26,bmo,2023-10-25,0,0.5750956714441587,0.5515063337358965,-0.0187780121518476,0.06169901911225706,0.07093896271695543,0.13383030069795843,30.092602446955773,41.72672005869465,31.903297322251973,25.96720116073795,0,1,0.5625,0.4375
STX,2024-01-24,amc,2024-01-24,0,0.47127563566647285,0.49781472031626645,0.02041061515057474,-0.03913869704105977,-0.02702699540741138,-0.01334516338283498,32.07461802110012,27.303409236056424,24.43697774173309,25.73301242963183,0,1,0.09375,0.1875
STX,2024-04-23,amc,2024-04-23,0,0.5645823786295938,0.5306100984356485,0.006702950011848285,-0.007165108231862116,0.03443906649926931,0.09407145937496786,10.605100115477102,11.223996693153133,17.339724409905255,27.855109387577638,0,1,0.53125,0.34375
STX,2024-07-23,amc,2024-07-23,0,0.5784642020722531,0.6467834147671255,0.0401708223962971,-0.05887943421651898,-0.11035143321327157,-0.008167229929513575,62.52167298568093,55.350154223864564,51.980856649221884,42.132983032980505,1,1,0.625,0.875
STX,2024-10-22,amc,2024-10-22,0,0.5367970976866661,0.55605138403894,-0.08096598179326886,-0.10040827426547239,-0.09756736874034666,-0.1297940498645478,134.03186827420538,61.52245513478047,45.745527713838754,35.582854682973796,1,1,0.40625,0.5
STX,2025-01-21,amc,2025-01-21,0,0.575640791714749,0.6292792930323414,0.068444376065675,-0.009679061011650059,-0.06656788706599404,0.013728347011782382,105.09517351899011,60.9322606732668,47.62348136016163,35.51125819340461,1,1,0.59375,0.75
STX,2025-04-29,amc,2025-04-29,0,0.49821237133328583,0.5307617867135601,0.11556384014338339,0.15073528296822847,0.29252455681730294,0.4477942079573489,173.60355980410236,81.70587121845583,68.77803743804168,54.468997413743146,1,1,0.25,0.375
STX,2025-07-29,amc,2025-07-29,0,0.590764439166531,0.5573509175852851,-0.034451104554229284,-0.006156531770053819,0.019059674364229062,0.09536306286498286,55.65370020210618,54.07330477547557,44.011971380434694,36.65557495376882,0,1,0.6875,0.53125
STX,2025-10-28,amc,2025-10-28,0,0.39616512433531426,0.3784269945573662,0.19112101507124635,0.12278027439978834,0.2914797638821567,0.22098662662779422,277.63703573193135,138.0056965168651,112.5364729574731,91.99408406658696,1,1,0.03125,0.03125
STX,2026-01-27,amc,2026-01-27,0,,,0.19144073455182609,0.19552945970664481,0.06582208918829013,0.101974464353634,278.0630804664094,147.80773014296093,119.04902677652997,90.62278720143753,1,1,,
STX,2026-04-28,amc,2026-04-28,0,,,0.11099581659163027,0.33155433784289956,0.3968186307504724,0.521026376495783,167.0899029768182,103.12696862841537,83.36232503674343,71.12691387437069,1,1,,
TER,2018-01-25,bmo,2018-01-24,0,0.5613374889960386,0.5145342080431414,-0.042530393711238124,-0.020303369204414112,-0.10279959484977663,-0.048708381598420614,68.99267679496734,56.710904769168714,48.342472680522576,49.883564524277816,1,1,0.6333333333333333,0.6
TER,2018-04-25,bmo,2018-04-24,0,0.4615370919234046,0.4398388440074326,-0.16385544198590118,-0.19253028792688298,-0.13036140843730215,-0.07301190801327073,284.08029432420847,131.3981715137567,94.96342034764301,68.70457846152186,1,1,0.36666666666666664,0.2
TER,2018-07-25,intraday,2018-07-24,0,0.5407978174217939,0.41364934698859185,0.06389294648443178,0.07107431802784947,0.08989582476526858,-0.01114445526542629,98.31840197789845,50.26167978498434,35.848801397209975,32.49197536914654,1,1,0.5666666666666667,0.1
TER,2018-10-24,bmo,2018-10-23,0,0.5539773709126388,0.4910943058227034,-0.06118009523493695,0.05559023184806633,0.12391325440894518,0.11211168795758275,100.21832853007349,80.9115625866118,63.11136273930762,52.3358529563789,1,1,0.6,0.5
TER,2019-04-24,bmo,2019-04-23,0,0.5938414497241539,0.5707934842936381,0.07625031296006002,0.09890120561573057,0.07916582945804329,-0.02444487329928935,116.65075338254806,53.229428563544715,39.37709428324974,38.00828960146825,1,1,0.8333333333333334,0.8333333333333334
TER,2019-07-24,bmo,2019-07-23,0,0.5036141815987785,0.5209994628804945,0.20482447517267577,0.19276385900837067,0.06591832662309849,0.1110419635602844,295.79588434644995,135.74171253957056,99.7127357337662,72.8948598956553,1,1,0.5333333333333333,0.6666666666666666
TER,2019-10-23,bmo,2019-10-22,0,0.6658666237456755,0.637552756377505,0.0262044744417389,0.07557053564011795,0.058157281208791156,0.07945875461506402,41.062620803475305,34.3775185170698,30.06951105916813,25.78051891964036,0,1,1.0,1.0
TER,2020-04-22,bmo,2020-04-21,0,0.3882649588223384,0.43035593660956,0.03036278308527174,0.037091764667831484,-0.024454252493423367,0.042672050690458985,47.48217192586044,35.95961407288072,68.17683733601825,65.86953981669087,0,1,0.16666666666666666,0.13333333333333333
TER,2020-07-22,bmo,2020-07-21,0,0.25495009090829646,0.3371536718552671,-0.0025635067951466084,-0.0303165266910852,-0.0021176038547456866,0.0057958680008944885,4.074665829556954,53.843393416111184,40.325802850088984,35.01347444540775,0,1,0.03333333333333333,0.03333333333333333
TER,2020-10-21,bmo,2020-10-20,0,0.458188238532105,0.46991710261222597,0.04696358142246826,-0.005458419149516391,0.021491815962807692,0.19194911552982852,72.85470061727882,43.04710136763122,38.412447765170135,44.418935253523614,1,1,0.3333333333333333,0.36666666666666664
TER,2021-01-28,bmo,2021-01-27,0,0.48367910808096326,0.518025948948287,-0.07816460100214451,-0.07332256727012987,-0.010760274568145878,-0.010818719823744494,129.2003929595567,78.27846809210371,60.22582885576727,64.555398516898,1,1,0.43333333333333335,0.6333333333333333
TER,2021-04-28,bmo,2021-04-27,0,0.4580533089815673,0.47687297104310106,0.009916297978767918,-0.061861353554244825,-0.07315027631252158,-0.014788988262760538,15.664097821804262,35.57039347371228,37.80860684141004,42.082337703979064,0,1,0.3,0.43333333333333335
TER,2021-07-28,bmo,2021-07-27,0,0.6196283197012307,0.5849270418855175,-0.011177727294380935,0.026567384706589037,-0.007937587163046267,-0.04373880412489628,17.84400653973229,23.29027420317429,23.017004080930295,22.766716968543914,0,1,0.9666666666666667,0.9333333333333333
TER,2021-10-27,bmo,2021-10-26,0,0.49014335130292874,0.5050511548341727,0.06877988315008188,0.21016068281352474,0.26287451230402037,0.31073426648013447,105.59357792100433,90.13194081231973,65.81509694674986,47.9751543485058,1,1,0.5,0.5666666666666667
TER,2022-01-27,bmo,2022-01-26,0,0.370736297166308,0.4484498089570189,-0.22410540119120548,-0.1823951675588481,-0.1534491112013906,-0.16195169964535616,402.79753112447827,183.23474823285167,134.0245623467139,98.47163995187267,1,1,0.1,0.26666666666666666
TER,2022-04-27,bmo,2022-04-26,0,0.44096195652958325,0.47693946610415916,-0.012721955345272984,0.015321492255691904,-0.04856545502201548,-0.06827706648626797,20.32504104146863,58.37682261591256,62.19004855469833,56.50562189118792,0,1,0.26666666666666666,0.4666666666666667
TER,2022-07-27,bmo,2022-07-26,0,0.590594181191773,0.5346507395541065,-0.002139692395818016,0.008048905268790207,-0.054202802460713406,-0.056851727271011065,3.400295468768339,18.884930778301666,41.01308621172184,45.66964100593782,0,1,0.8,0.7
TER,2022-10-26,bmo,2022-10-25,0,0.41314700048482333,0.43083335022048763,0.032642918302735024,0.03226602958182756,0.0853733152286762,0.18053951566931636,50.991230496123386,47.273052553241264,47.74720003288934,55.865973859524686,0,1,0.23333333333333334,0.16666666666666666
TER,2023-01-26,bmo,2023-01-25,0,0.4901029074052069,0.44401517014800856,0.002223402201630309,0.04398669816623535,0.040506622879495024,-0.02608112539530849,3.5256235851744324,49.55751727305701,46.314031129725954,38.32107521816267,0,1,0.4666666666666667,0.23333333333333334
TER,2023-04-27,bmo,2023-04-26,0,0.5647787447998626,0.5020243713405638,-0.031715304067780115,-0.01253592300134998,-0.025393700200761482,0.043389224043303365,51.16215392742129,25.252423344944024,27.782833107725963,30.793973544639265,0,1,0.6666666666666666,0.5333333333333333
TER,2023-07-27,bmo,2023-07-26,0,0.5663035672947867,0.5706513972332605,-0.03506633116419977,-0.059665095763138054,-0.07117931800836796,-0.10929864173739456,56.66551146328304,37.22388025074165,29.958733880502468,33.13787730421298,0,1,0.7333333333333333,0.8
TER,2023-10-26,bmo,2023-10-25,0,0.619497566740561,0.5754864601857864,-0.03173699205233438,-0.058582627281960065,-0.017404236141616125,0.053351885223596573,51.197710612210614,25.92278706970374,28.624700729444413,30.915650658044612,0,1,0.9333333333333333,0.8666666666666667
TER,2024-01-31,bmo,2024-01-30,0,0.4033308686317805,0.4546800727521479,-0.07648906975588476,-0.06539814359784213,-0.054307143816870296,-0.008389480019657336,126.3176558996312,59.25377781914219,50.543940380155604,41.758397734863394,1,1,0.2,0.3
TER,2024-04-25,bmo,2024-04-24,0,0.6156964725781385,0.5526612024707629,0.08152943241334665,0.12949363683564385,0.19592853104716768,0.39394978115810453,124.41832935262296,72.40391590192007,55.656546337653815,47.06093809282626,1,1,0.9,0.7333333333333333
TER,2024-07-25,bmo,2024-07-24,0,0.3190297182958227,0.35768904178754296,-0.13376046943498887,-0.08624756519787635,-0.2040545665495449,-0.08596896558812994,227.94811375098277,122.74140141353169,98.36872322641113,77.63199431462189,1,1,0.06666666666666667,0.06666666666666667
TER,2024-10-24,bmo,2024-10-23,0,0.565061322959112,0.581897953939578,-0.11018246247870067,-0.12014781158120225,-0.12400549345152267,-0.15197300831995442,185.31718131988586,87.40352746528485,66.88192133256938,50.5588194727846,1,1,0.7,0.9
TER,2025-01-30,bmo,2025-01-29,0,0.5942668973737821,0.5983946824935227,-0.0571078037282734,-0.07734537005044773,-0.086112278226811,-0.09891882045852352,93.34738111530137,51.732959212750174,38.34417065712366,37.99719046557319,1,1,0.8666666666666667,0.9666666666666667
TER,2025-04-29,bmo,2025-04-28,0,0.38760082032279375,0.4564510591862703,-0.025250548717969723,-0.018091914210850657,0.08108791781509495,0.04610327733167874,40.59875868433837,28.33082782808346,43.89916620274969,40.879884119579756,0,1,0.13333333333333333,0.3333333333333333
TER,2025-07-30,bmo,2025-07-29,0,0.4755293150735307,0.4746118976493456,0.18884591618788726,0.18089441315936083,0.23279948539756457,0.29199321015368374,274.6020283419147,125.46550148541537,96.2272928691209,70.71641707658496,1,1,0.4,0.4
TER,2025-10-29,bmo,2025-10-28,0,0.5864189048801127,0.5622757877282546,0.20473752471970408,0.216581177745508,0.22752458527579433,0.24335482808380648,295.68131616764117,137.43793280957365,105.00141069542046,85.70641424567357,1,1,0.7666666666666667,0.7666666666666667
TER,2026-02-03,bmo,2026-02-02,0,,,0.13405215801625836,0.24237560978475647,0.224933831866847,0.22361083639653678,199.696862463731,122.53151051651632,93.86360051954162,75.28279797568322,1,1,,
TER,2026-04-29,bmo,2026-04-28,0,,,-0.19414415908512117,-0.06058452718197005,-0.05703303814021832,0.007009494597272958,342.6519029890576,178.857629369311,137.7023789203158,106.87473870142037,1,1,,
TMUS,2018-02-08,bmo,2018-02-07,0,0.4373332223671242,0.39049189671497786,-0.051240806755789126,-0.055430329317723404,-0.05365775742047951,0.051401885378354883,83.50032486093949,41.67504305086854,35.29441889699399,29.46158646008768,1,1,0.53125,0.5
TMUS,2018-05-01,amc,2018-05-01,0,0.3329881158474854,0.2864675764814437,-0.04139321286867936,-0.06478203705225127,-0.05148898747723907,-0.0627627478871432,67.10838988320947,39.82767279929457,29.613806106870435,21.196071782571344,1,1,0.25,0.125
TMUS,2018-08-01,amc,2018-08-01,0,0.17544814628352223,0.24363176578585,0.04750676779767482,0.10343675902661986,0.1019205062320725,0.1120283205889161,73.67808936400208,63.53091761766926,45.68289487032852,32.39939479777389,1,1,0.03125,0.03125
TMUS,2018-10-30,amc,2018-10-30,0,0.2433711904784916,0.2577822848027569,0.0724342614576543,0.07587599644156429,0.07024403242782107,0.07446809904832752,111.0121404371589,50.07927853626537,38.84430321961505,29.9845567103308,1,1,0.0625,0.0625
TMUS,2019-02-07,bmo,2019-02-06,0,0.36528520203897863,0.39314393844342155,0.020017793965426245,0.03181961471833872,0.09665376912061707,0.0554230178589199,31.463389218079907,19.268618900925897,21.08038620587144,16.2195571313533,0,1,0.4375,0.53125
TMUS,2019-04-25,amc,2019-04-25,0,0.25620736691658774,0.27292764035407246,0.0028881742639335073,0.012377936727455685,0.021180054326906728,0.06271481358427233,4.578226327375864,10.736711123029389,18.438600222830186,23.165837533153315,0,1,0.09375,0.09375
TMUS,2019-07-25,amc,2019-07-25,0,0.40961667791783796,0.4792699769990875,0.05431107037705951,-0.007508643506163537,-0.025153376683149986,-0.0429233071656987,83.95636659699706,44.2396060368885,36.673488336123356,26.999138960153836,1,1,0.5,0.78125
TMUS,2019-10-28,amc,2019-10-28,0,0.5191302403789446,0.44394531011036725,-0.007525003781335915,-0.017841902005202304,-0.033620385632356586,-0.04782106931338881,11.990745169432659,20.16557077480268,17.915349718593173,18.98001541002758,0,1,0.875,0.625
TMUS,2020-02-06,amc,2020-02-06,0,0.3476685892182015,0.35223341213573817,0.03225798678338809,0.14945023316883987,0.1908901978674793,-0.03648645822118113,50.399376573484545,83.13970812873086,62.160592589956096,64.07027246029374,1,1,0.34375,0.3125
TMUS,2020-05-06,amc,2020-05-06,0,0.44634566862633707,0.36235527881869706,0.1004736637029171,0.07148628168234694,0.13338734365499882,0.16791792421251772,151.98363442786072,76.08347097633008,63.19963156463285,47.36187376855436,1,1,0.59375,0.40625
TMUS,2020-08-06,amc,2020-08-06,0,0.37447553726839267,0.33204770862538446,0.06466233955820755,0.06725252328146825,0.06753002187958357,0.057261614312669185,99.46601012451481,48.54555640815365,35.26304397773947,28.269847922703967,1,1,0.46875,0.28125
TMUS,2020-11-05,amc,2020-11-05,0,0.3392746744123965,0.36218542969945566,0.0537266793593012,0.0814430059866933,0.10173983619139859,0.13389057913098745,83.07621916631047,43.76257701635798,32.264312966170706,25.43460994822978,1,1,0.3125,0.375
TMUS,2021-02-04,amc,2021-02-04,0,0.45646938581747926,0.44707768668635967,-0.04073508331935949,-0.0474732045416435,-0.08039819558462524,-0.027105754513863767,66.01890270874327,31.319310281288924,27.439672976161557,31.69526256200931,1,1,0.65625,0.65625
TMUS,2021-05-04,amc,2021-05-04,0,0.3519499619447247,0.29279393332006176,0.04397571403484668,0.07409733014839182,0.05074715060423052,0.10772115650433722,68.31789204181486,44.3461888278173,39.60301390534101,29.64572806526814,1,1,0.375,0.15625
TMUS,2021-07-29,amc,2021-07-29,0,0.4577950141741415,0.4088290169690099,-0.004217468603148311,-0.018668377425267835,0.0007609051207468909,-0.043213828460411,6.709181699010153,12.71852771125117,10.653176793878245,16.01190975920754,0,1,0.6875,0.5625
TMUS,2021-11-02,amc,2021-11-02,0,0.4443985120744974,0.45275099085220544,0.0530225747430495,0.035060515291984506,0.022107218989000144,-0.046977625053557515,82.01512329418857,38.838833010600474,28.06979160436174,29.295984288043957,1,1,0.5625,0.6875
TMUS,2022-02-02,amc,2022-02-02,0,0.3648847959248528,0.3650119110617835,0.10220829394527664,0.16882631162956763,0.16316826461318734,0.12456636734655846,154.48389616781927,73.57259293172972,53.91322696754833,40.791220245268306,1,1,0.40625,0.4375
TMUS,2022-04-27,bmo,2022-04-26,0,0.48316892588407667,0.5094219600341822,0.039052520710235905,0.010323307161308026,-0.01568508323518747,0.05185652957014941,60.81406512498365,62.046600649936046,56.29546989794644,42.681534911861796,1,1,0.78125,0.84375
TMUS,2022-07-27,bmo,2022-07-26,0,0.5794869118987757,0.5592602500199197,0.052274061006641226,0.06302752561405511,0.08714802084990336,0.08528132415594403,80.88632391308384,37.87306360359829,27.54815035533533,21.70200195486144,1,1,1.0,0.96875
TMUS,2022-10-27,amc,2022-10-27,0,0.26733919457784294,0.2994288845007159,0.07373955851232639,0.05361570106106317,0.06982863485061985,0.06591748426479827,112.94310713934028,52.53320574618422,38.07996662361215,29.857182699290586,1,1,0.125,0.21875
TMUS,2023-02-01,bmo,2023-01-31,0,0.47183767446284897,0.5240074233953421,0.011117916103527081,-0.04232803837004062,-0.012189355094395338,-0.05465118975573524,17.551754991447858,27.95061404763664,22.976415317096695,19.675922633095006,0,1,0.71875,0.90625
TMUS,2023-04-27,amc,2023-04-27,0,0.5558276574860159,0.5625493019583131,-0.04028299265520363,-0.05788990158873164,-0.04828619112518229,-0.09863974571440037,65.27093141757359,33.451842006079296,26.31332541680422,24.851809447559862,1,1,0.9375,1.0
TMUS,2023-07-27,amc,2023-07-27,0,0.5559474960177846,0.5508332553114432,0.007077269921140772,-0.03224222712877045,-0.015370416252020735,-0.046682969608451086,11.195248370409091,18.58474111697289,16.394280751892765,15.47469512034495,0,1,0.96875,0.9375
TMUS,2023-10-25,bmo,2023-10-24,0,0.5289849052050462,0.46987849205504056,-0.0005672374293003157,0.01977718823290564,0.04295712239264482,0.0555753557675831,0.9007169877060578,22.050631256695926,17.24397686972691,12.335116344250666,0,1,0.90625,0.75
TMUS,2024-01-25,amc,2024-01-25,0,0.5078501729257126,0.48634899560090866,-0.0024608146058631153,-0.0003692199198153112,-0.010027184280808843,0.008304320869896964,3.9112364719435626,9.579482948938935,8.607876385017812,9.237925656251438,0,1,0.84375,0.8125
TMUS,2024-04-25,amc,2024-04-25,0,0.49266482028014486,0.4630623037668988,-0.0005487439752946965,0.005242246013238638,0.0038400503428468458,0.01188639832581484,0.8713431492674286,6.244338622547049,10.181254049368963,8.659569909461535,0,1,0.8125,0.71875
TMUS,2024-07-31,bmo,2024-07-30,0,0.4533047273445202,0.5165138593468834,0.03946165637953758,0.08268692504300668,0.11387992487517784,0.1485514883968322,61.439014192563675,36.233307667896625,27.008390776240166,21.687219076266672,1,1,0.625,0.875
TMUS,2024-10-23,amc,2024-10-23,0,0.2997946437361915,0.3860476314732201,0.05707170196348055,0.008237175587387568,0.05087118871603735,0.07073995341988248,88.10755068184726,46.96038723254794,35.665246178713566,27.33344327318563,1,1,0.21875,0.46875
TMUS,2025-01-29,bmo,2025-01-28,0,0.2716440176373299,0.2977148070417802,0.06335354019913675,0.07284970754475006,0.16984712355700693,0.1945827938373672,97.5133415811621,46.59374983169854,41.23502139266312,35.603752624651605,1,1,0.15625,0.1875
TMUS,2025-04-24,amc,2025-04-24,0,0.2964459609578963,0.323062161753905,-0.11217484003199063,-0.057899152872127546,-0.05603019612291604,-0.07361355404595837,188.8756046668012,87.91199629743413,63.907516503520725,46.0515015305279,1,1,0.1875,0.25
TMUS,2025-07-23,amc,2025-07-23,0,0.3340789214805694,0.3542591713409906,0.05800878816110999,0.03270210334898205,0.022613575109775574,0.10357799335149331,89.51419059541527,45.16504692472929,33.96649758141588,26.414101634306725,1,1,0.28125,0.34375
TMUS,2025-10-23,bmo,2025-10-22,0,0.47659521456507914,0.4281480348502612,-0.032585686289083315,-0.05448549054429286,-0.09964815260531734,-0.07427436030734647,52.58974058021998,31.03192419587273,30.395209055028882,27.150150778794018,1,1,0.75,0.59375
TMUS,2026-02-11,bmo,2026-02-10,0,,,0.05069441341827141,0.06929749203569946,0.09642481092757538,0.08008205235390364,78.50149189216835,47.03586463058202,36.26407350531718,30.241517028068092,1,1,,
TMUS,2026-04-28,amc,2026-04-28,0,,,0.061321789900372625,0.04064910858695514,0.03523995252589285,0.012264308681936287,94.47729692299626,43.79244063624949,32.72483404790512,27.54867082999096,1,1,,
TMUS,2026-07-23,bmo,2026-07-22,0,,,-0.10746833565563563,,,,180.48249899600722,,,,1,1,,
TSLA,2018-02-07,amc,2018-02-07,0,0.5520254115174585,0.5723723385964954,-0.0862898619278617,-0.0657681174900221,0.003391265869140625,-0.05168118684188183,143.2545646887497,68.46505882835022,55.133230094723565,43.03561661499052,1,1,0.6875,0.90625
TSLA,2018-05-02,amc,2018-05-02,0,0.5966429453037815,0.5835303343553634,-0.055454155423032336,0.01892740193859832,-0.048713295020423764,-0.030981318941481373,90.56574175247549,52.53335339753813,43.237298769374114,38.92595930270454,0,1,0.96875,0.9375
TSLA,2018-08-01,amc,2018-08-01,0,0.4134692228800585,0.4069278046601883,0.1618801307070199,0.23101980766743502,0.12581435114387673,0.007678466817306884,238.18031495098535,131.52615689238135,98.05849845567286,77.62328634560065,1,1,0.1875,0.125
TSLA,2018-10-24,amc,2018-10-24,0,0.3963166375336849,0.4133561613608472,0.09136917152114976,0.16922013374711886,0.20679374434613274,0.1293934056248207,138.7956300977454,74.35909435809495,55.13660454189581,47.667777444846735,0,1,0.09375,0.15625
TSLA,2019-01-30,amc,2019-01-30,0,0.5200480426832378,0.43532546964517227,-0.005667655087972956,0.027366656245650933,-0.0019432383884279147,-0.04527647226808318,9.022716571778139,24.563329523038956,26.853255822938277,42.66917926984331,0,1,0.53125,0.21875
TSLA,2019-04-24,amc,2019-04-24,0,0.5696709611658369,0.5614838988389362,-0.0426428039397303,-0.09529880137005242,-0.05342921252071986,-0.2442201605119535,69.17905992437852,54.11088781093299,51.8780347257499,55.41907396983097,0,1,0.84375,0.78125
TSLA,2019-07-24,amc,2019-07-24,0,0.4987166490046566,0.5461475537924012,-0.13613708110635003,-0.08785116199894427,-0.11877079704353766,-0.16131830641007183,232.3094236161743,108.32713502983135,79.80801118898859,63.92221645011465,1,1,0.4375,0.75
TSLA,2019-10-23,amc,2019-10-23,0,0.5786987298740212,0.5290315777845841,0.1766923235319593,0.23688558300758134,0.2823150515670527,0.3932385582951412,258.2899690735527,134.67982937851332,96.60777623411015,69.31315119206256,1,1,0.90625,0.625
TSLA,2020-01-29,amc,2020-01-29,0,0.37535616168569214,0.3630877941013978,0.10296225866535558,0.26456566461181596,0.3206596204514369,0.14974438461635442,155.56941940157452,218.59721487048353,155.71285267153087,127.61842130492505,1,1,0.0625,0.03125
TSLA,2020-04-29,amc,2020-04-29,0,0.3360198077356258,0.39561286746639673,-0.023272674923369818,-0.022398188525085794,-0.011929870107961982,0.04308507421697594,37.38091010500117,99.17860489210287,75.44889627298224,55.08631276032907,0,1,0.03125,0.0625
TSLA,2020-07-22,amc,2020-07-22,0,0.5344946536777867,0.4653041228094662,-0.04977615338574293,-0.058543155695360505,-0.06739180243886878,0.2571703361623321,81.05157670818994,89.17705940841768,68.71938977099391,80.73807747283273,0,1,0.625,0.34375
TSLA,2020-10-21,amc,2020-10-21,0,0.40401759530391324,0.4500524555769168,0.007453064711647084,-0.039324306877545845,-0.003927773334638784,0.18131270638572938,11.787501296529502,34.28289706755321,50.19360948286714,59.85622399430651,0,1,0.15625,0.25
TSLA,2021-01-27,amc,2021-01-27,0,0.40087883871778207,0.3964446857688284,-0.033246240146660666,-0.01095865506817928,-0.06866783233526841,-0.21831606584304242,53.674027717340536,67.07556983885887,55.70600867195034,62.45713100657204,0,1,0.125,0.09375
TSLA,2021-04-26,amc,2021-04-26,0,0.5569695621590547,0.503819002321976,-0.04532647907368281,-0.07220263886929523,-0.147873231335914,-0.18085881847735596,73.63526971451304,56.98939676884537,53.7666565314463,49.68245099933345,0,1,0.71875,0.46875
TSLA,2021-07-26,amc,2021-07-26,0,0.48466677311054873,0.5088784502649912,-0.01952494819687245,0.07914908107572316,0.08536844957040013,0.07735469647348925,31.30147848191805,43.46462831027289,34.3844845195031,36.78633926160496,0,1,0.34375,0.53125
TSLA,2021-10-20,amc,2021-10-20,0,0.48056919170487794,0.5400832500313483,0.03257101073349511,0.19872949170680076,0.4020096554400543,0.2663201099309547,50.88068531163115,89.62966619455251,82.8969661636938,78.96016755965745,0,1,0.3125,0.65625
TSLA,2022-01-26,amc,2022-01-26,0,0.5297906844757626,0.4822515263870028,-0.11554175561970448,-0.03386995060170328,-0.00577125714314175,-0.13605573660049597,194.90716735608672,115.79044351529713,85.1912063359909,75.80328115379282,1,1,0.59375,0.40625
TSLA,2022-04-20,amc,2022-04-20,0,0.48815508096099924,0.47262578031068747,0.03231684066245499,-0.09792263737828644,-0.025153485740090242,-0.27402786118686895,50.489882023232035,95.21892720865065,73.788833948447,85.04732913107385,0,1,0.40625,0.375
TSLA,2022-07-20,amc,2022-07-20,0,0.518934789543951,0.5129184362809645,0.09780470722853529,0.11038386797664135,0.24200673729482314,0.2237171519886363,148.1289459656668,83.42217664718588,67.48872904580563,58.80288878738745,1,1,0.5,0.5625
TSLA,2022-10-19,amc,2022-10-19,0,0.6524152022065429,0.6446537734558387,-0.0664744863679374,0.011709629715963343,-0.03179606274575886,-0.17505853131195837,109.1959537980919,66.83530188480695,56.08214804697158,61.67300530933431,1,1,1.0,1.0
TSLA,2023-01-25,amc,2023-01-25,0,0.5940916970531168,0.5434728169511386,0.10967259156647335,0.256041077765208,0.393685546588594,0.36315180271989544,165.19808081374637,122.15152457873384,90.21739747605382,77.50798285390879,1,1,0.9375,0.6875
TSLA,2023-04-19,amc,2023-04-19,0,0.5715729933701856,0.5434916297090328,-0.09745828230593856,-0.1486239375500733,-0.110637333920511,-0.020488382652820714,162.77778348098323,80.909865623666,62.782229340794316,51.546225891110396,1,1,0.875,0.71875
TSLA,2023-07-19,amc,2023-07-19,0,0.4525677246191644,0.45757405648907207,-0.09737009860008494,-0.09239168701451217,-0.12754929585138652,-0.24733916819851787,162.62268765313362,77.75702494589,63.72272236248634,50.39523859246506,1,1,0.25,0.28125
TSLA,2023-10-18,amc,2023-10-18,0,0.5681579173396762,0.592428495334468,-0.09300310180733784,-0.1246909321744668,-0.1525465227087357,-0.03745671918671434,154.9609908297396,76.91117418294372,63.675505187214384,60.88330912063282,1,1,0.8125,0.96875
TSLA,2024-01-24,amc,2024-01-24,0,0.5235172628769773,0.5715342446938616,-0.12125293136804816,-0.0988308153969939,-0.09743540307746934,-0.07631237295202542,205.19098634669675,97.68148037048731,72.86746987324561,59.173601905154406,1,1,0.5625,0.84375
TSLA,2024-04-23,amc,2024-04-23,0,0.5656180296675085,0.5678557587354612,0.12061109407252757,0.2667957427259193,0.22898815703602327,0.24488533127014134,180.7696188665741,140.17516258066271,101.90381305044005,77.39030328405948,1,1,0.78125,0.8125
TSLA,2024-07-23,amc,2024-07-23,0,0.4275180744325837,0.42399273561069223,-0.12334604589403697,-0.09643643678360236,-0.18564820434563967,-0.09379819852403826,208.9766943786446,106.29855263612808,90.59033426275008,73.18513219285056,1,1,0.21875,0.1875
TSLA,2024-10-23,amc,2024-10-23,0,0.5440613164803476,0.5035419150331337,0.21919035070290427,0.20547622349923578,0.3504797894779845,0.5897028989057522,314.61209550936206,144.0661103741898,125.88099687009687,103.56108937970583,1,1,0.65625,0.4375
TSLA,2025-01-29,amc,2025-01-29,0,0.48748714427963213,0.5286772198379486,0.028732954254456988,-0.028090445911926998,-0.1351580455228768,-0.24703159498696037,44.9691526883697,52.88196279213352,56.455513593975894,60.95354078652434,0,1,0.375,0.59375
TSLA,2025-04-22,amc,2025-04-22,0,0.5633626568816853,0.572276222670319,0.0536622440095611,0.2271714807802867,0.15707864306873187,0.40614360381856374,82.97914363788864,81.32831970894372,63.11518487937393,58.95099716992676,0,1,0.75,0.875
TSLA,2025-07-23,amc,2025-07-23,0,0.4544397774494186,0.46462412322258073,-0.08197020076301287,-0.04065428528062753,-0.03803823066319201,-0.03743689048120613,135.76740771178825,69.65504637608412,56.98768763505594,43.205383311032506,1,1,0.28125,0.3125
TSLA,2025-10-22,amc,2025-10-22,0,0.5151303337893639,0.5061731020372765,0.022803402824313368,0.05134749181548126,0.05262319985256014,-0.09964232205558765,35.792715467552576,43.8060827878098,55.905099348135266,52.22176033032293,0,1,0.46875,0.5
TSLA,2026-01-28,amc,2026-01-28,0,,,-0.03453389466363932,-0.058985727978217106,-0.007393506940581274,-0.06709771998052638,55.789820557812966,45.993228991448845,40.43299554924026,34.55695421730172,0,1,,
TSLA,2026-04-22,amc,2026-04-22,0,,,-0.03558619957523779,-0.037960366447187255,0.028954093927765268,0.07829474226031197,57.52099815106049,27.705434588104065,28.770280945603066,39.85830522523276,0,1,,
TSLA,2026-07-22,amc,2026-07-22,0,,,-0.14523677416617442,,,,249.1198857879103,,,,1,1,,
TTWO,2018-02-07,amc,2018-02-07,0,0.37267136373379695,0.34228408446492004,-0.11673350985734154,-0.09070743801825065,-0.07304381781430713,-0.004949243271367698,197.0476041013458,95.9976130055532,68.70030560254669,54.227299685038666,1,1,0.3548387096774194,0.1935483870967742
TTWO,2018-05-16,amc,2018-05-16,0,0.2533670801607084,0.32670033411068133,0.00716368232758402,-0.004156727885130107,-0.008755619230932488,0.07464404761816401,11.331453964396552,21.6566083836071,17.736404359179915,21.61057713912056,0,1,0.03225806451612903,0.0967741935483871
TTWO,2018-08-02,amc,2018-08-02,0,0.42693062493784845,0.467784630707044,0.08980930757853423,0.10561638387578243,0.11215122586734005,0.17944189401407162,136.5251073609565,64.43276549349444,49.53317190512023,37.71382778260381,1,1,0.45161290322580644,0.5161290322580645
TTWO,2018-11-07,amc,2018-11-07,0,0.35735675407673984,0.3884030446402309,-0.05301643985676796,-0.15292900593856895,-0.1507829392641724,-0.16350051739921634,86.4740732581654,61.07360451645355,64.88869804939625,56.91490148327307,0,1,0.2903225806451613,0.2903225806451613
TTWO,2019-02-06,bmo,2019-02-05,0,0.29349438506725567,0.31304640614913226,-0.13757108780203542,-0.16814242484470454,-0.17354835108298794,-0.17597163847806063,234.9467709519103,117.18786702344588,88.34692989508281,63.43728327322845,1,1,0.12903225806451613,0.06451612903225806
TTWO,2019-05-13,amc,2019-05-13,0,0.5974607589755496,0.49369194948480316,0.03539646875224811,0.029697041868447238,0.06529345705244483,0.08699126849723826,55.21854689791803,44.33405379992704,32.620237971637536,28.247111266248865,0,1,0.9354838709677419,0.5806451612903226
TTWO,2019-08-05,amc,2019-08-05,0,0.3246277721513953,0.3412807338361218,0.07956318706623855,0.10608429350436199,0.1254983853494991,0.15045942670302703,121.52968075317006,63.56568131810807,46.6076334752291,35.474663550544356,1,1,0.1935483870967742,0.16129032258064516
TTWO,2019-11-07,amc,2019-11-07,0,0.5779270835021716,0.5540187005403292,0.0004276402428979864,0.04610383389625494,0.048156676734778525,0.026943749874376977,0.6787127278893611,21.79466600250665,17.345440350418144,21.016836851499857,0,1,0.8709677419354839,0.8064516129032258
TTWO,2020-02-06,amc,2020-02-06,0,0.47372808805825706,0.43209346541067023,-0.11852199501204586,-0.1215750668467922,-0.09167057523330302,-0.10850165055688188,200.26521792087973,91.84803207634276,65.66392954905989,56.753892032022414,1,1,0.5806451612903226,0.45161290322580644
TTWO,2020-05-20,amc,2020-05-20,0,0.5083395087593552,0.5645265733640047,-0.05890761449339754,-0.08696533187243549,-0.13109507273280097,-0.02880683623694391,96.3804334148823,73.94027210476989,57.28787280235257,45.866490968893494,0,1,0.6129032258064516,0.8387096774193549
TTWO,2020-08-03,amc,2020-08-03,0,0.3998237173643625,0.40784478137268004,0.05862008281912612,0.041982188464650516,0.044844678650944436,0.028683865994184377,90.43112055514638,42.34219711973429,39.49360729759387,30.332934868109284,1,1,0.41935483870967744,0.3548387096774194
TTWO,2020-11-05,amc,2020-11-05,0,0.33786067818751586,0.36385811661044787,0.03859384662256793,-0.050154089532947865,-0.01837794035647744,0.08720658852612817,60.11315416674068,79.60721566013648,57.9082449861769,43.410175802344995,1,1,0.22580645161290322,0.22580645161290322
TTWO,2021-02-08,amc,2021-02-08,0,0.2933948960330416,0.3302477743451952,-0.06107621169478128,-0.0822630699963165,-0.12838661226124615,-0.2274303452073998,100.0426815466051,49.06528745844326,38.682400352989134,42.67442510340549,1,1,0.0967741935483871,0.12903225806451613
TTWO,2021-05-18,amc,2021-05-18,0,0.43450331724071845,0.43515655552318433,0.06953308779504352,0.10096005980855582,0.05498241449382024,0.01675709653338231,106.71191314306046,52.84330424846804,41.715919554850565,38.0928167900007,1,1,0.5161290322580645,0.4838709677419355
TTWO,2021-08-02,amc,2021-08-02,0,0.4473265649361222,0.486614284012634,-0.07707410418596117,-0.07297499509095329,-0.07424513660804555,-0.06922236030491502,127.3236078869481,59.1135135916803,41.92269032845122,32.59325923452083,1,1,0.5483870967741935,0.5483870967741935
TTWO,2021-11-03,amc,2021-11-03,0,0.31961493002619834,0.3972317098688605,0.0475130312011407,-0.007656405484745776,-0.038662088588139465,-0.09980454233990743,73.68758125020088,43.43567237859258,43.83311693879455,39.35671554665422,1,1,0.16129032258064516,0.3225806451612903
TTWO,2022-02-07,amc,2022-02-07,0,0.35852930382748655,0.4280962347987153,-0.016562016300325055,-0.045859500282082855,-0.09605943311204168,-0.09583094342884757,26.511539158209096,23.268828298725378,25.504721345314056,24.931871423006097,0,1,0.3225806451612903,0.41935483870967744
TTWO,2022-05-16,amc,2022-05-16,0,0.5259522401383793,0.4960628340446444,0.11779131004276655,0.12269550505261173,0.13095993178652,0.14576335448906486,176.770096049946,95.2585872361181,68.6188637842552,54.73361102453068,1,1,0.6774193548387096,0.6129032258064516
TTWO,2022-08-08,amc,2022-08-08,0,0.5281536226546497,0.5324816813004091,-0.03784558934868221,0.014978864006212067,-0.0015138430258332392,-0.039279740429170595,61.2443770554446,46.64022710670457,52.81629537170331,40.65538860623988,0,1,0.7096774193548387,0.7096774193548387
TTWO,2022-11-07,amc,2022-11-07,0,0.5196715012618194,0.601113022130058,-0.13680813304706685,-0.07859782428533368,-0.10119927182920008,-0.08219560458200037,233.54304051530832,113.88040299955382,81.3576500981389,63.85656620993052,1,1,0.6451612903225806,0.9032258064516129
TTWO,2023-05-17,amc,2023-05-17,0,0.6077280538205568,0.6042320286337655,0.11686137123693774,0.08654615249843145,0.10054391323263046,0.10894259408330731,175.44887760161888,79.64286190585341,57.09694955090495,41.17315631259126,1,1,0.967741935483871,0.9354838709677419
TTWO,2023-08-08,amc,2023-08-08,0,0.6470566263729964,0.6256179724827391,-0.005280473072548975,-0.00449553935747371,0.002426119162062257,0.014913631703961538,8.40470111283304,21.089908934431254,19.134818891214042,21.27631954868116,0,1,1.0,1.0
TTWO,2023-11-08,amc,2023-11-08,0,0.3453579975403979,0.4266315375271123,0.0198648224664848,0.07297693686220086,0.08649894442405959,0.08259570643821568,31.225302256773503,24.670589573874516,18.410798922135154,15.172997730394034,0,1,0.25806451612903225,0.3870967741935484
TTWO,2024-02-08,amc,2024-02-08,0,0.557243193537212,0.5158099726621845,-0.08661557731572356,-0.07452829560591878,-0.10961091348860708,-0.13991751257275586,143.82055307847548,65.90261505412113,48.75907853664612,37.24320689128873,1,1,0.8064516129032258,0.6774193548387096
TTWO,2024-05-16,amc,2024-05-16,0,0.5624219320398252,0.6161500514976039,0.012048155016258999,0.04278477492920829,0.09775464540185363,0.07749173003517318,19.01155467761567,19.21649821213341,19.419238517864933,20.56637698929332,0,1,0.8387096774193549,0.967741935483871
TTWO,2024-08-08,amc,2024-08-08,0,0.4331592747015781,0.5362192560770364,0.043522183297662,0.05476297860185153,0.1435365207101944,0.12638715015998758,67.6281114793957,35.31851723215645,35.68705169934979,28.90141676914983,1,1,0.4838709677419355,0.7419354838709677
TTWO,2024-11-06,amc,2024-11-06,0,0.2786597415626871,0.28140267786408846,0.07532111042813994,0.09152562985777513,0.11331175990933007,0.1385788757252091,115.27960356533626,52.593955770429716,42.326341988455766,30.403513179426046,1,1,0.06451612903225806,0.03225806451612903
TTWO,2025-02-06,amc,2025-02-06,0,0.5379829846822657,0.5817075882113383,0.1403211830045361,0.14753110245083256,0.15605195422596685,0.1029604034094409,208.44810279258388,94.55028975740387,69.8787532072565,52.3995411696445,1,1,0.7419354838709677,0.8709677419354839
TTWO,2025-05-15,amc,2025-05-15,0,0.593863935179118,0.5374097200541806,-0.024102569221799097,-0.027244563703310964,-0.026082455255705184,0.026943315246166666,38.73029014562843,45.29754509828532,33.25863375931062,27.455416586025038,0,1,0.9032258064516129,0.7741935483870968
TTWO,2025-08-07,amc,2025-08-07,0,0.3785473393760965,0.376183252217878,-0.04026672327601588,0.02944941501688758,0.006092938277866278,0.09841490902699257,65.24402075569728,47.90173458529082,35.20317659427259,30.834462058695106,1,1,0.3870967741935484,0.25806451612903225
TTWO,2025-11-06,amc,2025-11-06,0,0.5519811786347002,0.4986952025955288,-0.08082406652058371,-0.05883514740026863,-0.06747226303928244,-0.020285242634701994,133.78675643428676,63.90154834510561,48.37961069328211,35.08185146308306,1,1,0.7741935483870968,0.6451612903225806
TTWO,2026-02-03,amc,2026-02-03,0,,,-0.053777648869204886,-0.006881234235179501,-0.06146011876641211,0.001696755495397051,87.75061893501051,62.003081587153176,60.32284111586801,47.2947000384405,1,1,,
TTWO,2026-05-21,amc,2026-05-21,0,,,-0.04422882517771953,-0.05846773379489123,-0.09950437776885201,0.019153215404583257,71.81111669274051,44.378501339936996,37.265161484777735,38.72447422984585,1,1,,
TXN,2018-01-23,amc,2018-01-23,0,0.27012665631063043,0.26538092231793753,-0.08499455837077907,-0.07833698203408324,-0.11205341014672898,-0.12832439715868638,141.00573931937427,68.69727101166609,53.09388454192613,44.49144221948265,1,1,0.03125,0.03125
TXN,2018-04-24,amc,2018-04-24,0,0.3793320937814438,0.38991611982945085,0.046535384437593974,0.0505998394597853,0.07798176509905708,0.1353256014792188,72.20531730155841,35.93888660018155,27.382294891726115,23.851576573304566,1,1,0.1875,0.15625
TXN,2018-07-24,amc,2018-07-24,0,0.4777321912899777,0.46329122465203765,-0.005096672826932824,-0.016376714613256294,0.022855188992911835,-0.008689373645667908,8.111405481737236,9.278545594454341,14.806871955121117,19.62183444409119,0,1,0.5625,0.5
TXN,2018-10-23,amc,2018-10-23,0,0.2904668455940974,0.3069617455640491,-0.08219433580272029,-0.06443054954446259,-0.02267755284686157,-0.03283908650584055,136.15502779425452,67.71700478581569,56.310476083789275,45.31123953802039,1,1,0.0625,0.0625
TXN,2019-01-23,amc,2019-01-23,0,0.38621221176634546,0.342148013541268,0.06911724904273875,0.07782974429155765,0.12362733387134872,0.1323857756910103,106.09458589567447,53.3990068369618,43.90573549612844,32.644603053064145,1,1,0.21875,0.125
TXN,2019-04-23,amc,2019-04-23,0,0.49640104801077883,0.4732052288032274,0.017614859798227522,0.012459355696464725,-0.014591806750687608,-0.07643409159881243,27.719297764496293,16.363932493647106,18.249613889550005,26.57929171066472,0,1,0.625,0.5625
TXN,2019-07-23,amc,2019-07-23,0,0.5158675238870709,0.48118851845194033,0.07437304532658384,0.076921952990044,-0.003004713055585251,0.05597701491533469,113.87939806652336,53.007852020198364,46.74568928155681,39.39372420252313,1,1,0.65625,0.65625
TXN,2019-10-22,amc,2019-10-22,0,0.5627087849666043,0.5543235260590383,-0.0748231022094703,-0.06440075009988433,-0.06071756991062838,-0.08916374944011285,123.45655391381796,56.80225259527928,42.811267169622916,30.86893041172557,1,1,0.8125,0.84375
TXN,2020-01-22,amc,2020-01-22,0,0.44731650719389326,0.46870476399217464,0.006824828843545738,-0.05887185852577492,0.0004252897389371846,-0.029185645702052954,10.797276900441654,35.53175827581402,41.06823438115313,32.494575836372036,0,1,0.46875,0.53125
TXN,2020-04-21,amc,2020-04-21,0,0.42383267749428927,0.42616409043957715,0.04810955180944543,0.06926271826963326,0.052149652223029586,0.10818145014175506,74.5913194921465,43.70619650150471,47.72937404898283,44.20524128509971,0,1,0.375,0.375
TXN,2020-07-21,amc,2020-07-21,0,0.5290489973264377,0.4791047096124105,-0.021774380171618368,-0.039489213665941825,-0.017270054749939368,0.02917972317700812,34.947634507064905,30.20310346090444,27.221513300430374,21.466976857027895,0,1,0.6875,0.625
TXN,2020-10-20,amc,2020-10-20,0,0.41509484185330237,0.41291524044715694,-0.031161085677480327,-0.024597696014440285,-0.016388245935731405,0.025347239260596455,50.25380255634806,32.829423519504836,32.15680105711291,31.853373614881413,1,1,0.28125,0.28125
TXN,2021-01-26,amc,2021-01-26,0,0.43139785654470764,0.40940868128663854,-0.04980456944418066,0.02530858644047007,0.019089383991390596,0.0005488264049318126,81.09904948945025,55.24159698607718,47.27635889345155,42.31025806057217,1,1,0.40625,0.25
TXN,2021-04-27,amc,2021-04-27,0,0.35699038410183437,0.40266207868352294,-0.0441089944260199,-0.0535819154154934,-0.031538064441264946,-0.004260076176860306,71.6121009636535,39.860626739205514,35.19029099041134,31.601237764995165,0,1,0.125,0.21875
TXN,2021-07-21,amc,2021-07-21,0,0.5326914831693716,0.5515135808325115,-0.053181611560145114,-0.03268060915691273,-0.004051900400780184,-0.04205122307682552,86.7509786138886,44.155229186600025,33.46004253286715,25.37054191444794,1,1,0.75,0.8125
TXN,2021-10-26,amc,2021-10-26,0,0.5402028546454873,0.534036073028281,-0.050157427358671014,-0.03286572491440454,-0.025458940398174312,-0.011105870142896657,81.68866357024879,37.430958278456096,28.042711421403606,23.02988957527673,1,1,0.78125,0.75
TXN,2022-01-25,amc,2022-01-25,0,0.5856851233896325,0.5797511433030795,0.025120967016626583,0.049037360370785654,-0.001073663466861774,-0.018664895881425392,39.385641773704464,29.2078790614865,46.00062566218062,40.357084939605194,0,1,0.9375,0.9375
TXN,2022-04-26,amc,2022-04-26,0,0.6177052833636866,0.5985385692909249,0.005639928177525677,0.02434122831687069,0.005604248652252064,0.01618353547800777,8.927955507205759,39.049693491413905,36.797118136445356,33.497538944015474,0,1,1.0,0.96875
TXN,2022-07-26,amc,2022-07-26,0,0.4881130501295269,0.48462502245131456,0.06652577195789333,0.10909780817260417,0.11216422505812784,0.07761843079397934,102.24202784587857,52.18973634496072,43.595291898159225,36.96497157319781,1,1,0.59375,0.6875
TXN,2022-10-25,amc,2022-10-25,0,0.38974034403612395,0.4228941441419122,-0.026455540767541752,0.012572870959487448,0.044957710542230966,0.11252479385958236,42.56239036287477,34.379022048666044,36.489855829582254,37.22522397047086,0,1,0.25,0.34375
TXN,2023-01-24,amc,2023-01-24,0,0.35606756361817415,0.43380553686328926,-0.011296701344872706,0.008093682244882716,0.04381877569651249,-0.022568479072039294,18.03501843156783,19.678391363200713,23.145343506705196,24.44591502171126,0,1,0.09375,0.40625
TXN,2023-04-25,amc,2023-04-25,0,0.4616409035718595,0.47685463596220845,-0.029104446403085182,-0.03217424256988821,-0.030314844129828655,-0.006102430130598857,46.88755329762988,25.751758403581317,24.429704081765895,22.586029652320246,1,1,0.53125,0.59375
TXN,2023-07-25,amc,2023-07-25,0,0.5760074737012402,0.5705125029624201,-0.05417052392358701,-0.034699064133459356,-0.09769210929892769,-0.08091569376956431,88.40987130233448,41.85132023667551,36.22866433972734,28.392040811680523,1,1,0.90625,0.90625
TXN,2023-10-24,amc,2023-10-24,0,0.529156202137728,0.5106886591983675,-0.03491697337516175,-0.024559460614891226,0.006899829300101246,0.057316929959898344,56.419816034089024,29.65323778051158,29.199483726289476,26.681887782889763,1,1,0.71875,0.71875
TXN,2024-01-23,amc,2024-01-23,0,0.41530100325453667,0.4590025501161642,-0.024492555156435003,-0.06315967124503508,-0.08443434655414195,-0.0436192192751238,39.36479044302192,29.06181406742855,21.595874005138707,20.812335575317086,0,1,0.3125,0.46875
TXN,2024-04-23,amc,2024-04-23,0,0.35954954048337184,0.3205064878539466,0.05644520530711539,0.06617510036939711,0.11190293379000815,0.2328504161811351,87.16643435040841,42.2669513216628,32.944481562996195,27.067064814071006,1,1,0.15625,0.09375
TXN,2024-07-23,amc,2024-07-23,0,0.41667039535016437,0.4159433142493036,-5.03244010235937e-05,0.013616577737152635,-0.05105101045778515,0.05767583512651342,0.07988952020573589,17.969845127451855,41.79510178214837,38.46906504322988,0,1,0.34375,0.3125
TXN,2024-10-22,amc,2024-10-22,0,0.5711199547071446,0.6062893891723454,0.04005785135176709,0.08960152801408783,0.050641684533968556,0.02848303215585024,62.349253505125766,37.8519107232172,29.839762504647272,37.54441105662741,0,1,0.875,1.0
TXN,2025-01-23,amc,2025-01-23,0,0.442349141549011,0.4492857102805153,-0.0752205253330045,-0.07646678979688604,-0.07963031698192835,0.008047768466037386,124.1386128738907,64.1603097192197,46.84453126993398,40.76636673900414,1,1,0.4375,0.4375
TXN,2025-04-23,amc,2025-04-23,0,0.6045513174975852,0.5690099967928406,0.06559329152145388,0.06089701964282135,0.0923162378916198,0.1945282843670868,100.85348728818953,45.93178169917017,40.65679946759772,44.221402451970846,0,1,0.96875,0.875
TXN,2025-07-22,amc,2025-07-22,0,0.5670925859619936,0.5341341035794984,-0.13339839564542344,-0.10952905221276088,-0.13111829516597384,-0.059086345293587694,227.2847242239822,103.28506362197227,76.22840430293992,56.478273205329884,1,1,0.84375,0.78125
TXN,2025-10-21,amc,2025-10-21,0,0.4578254499790065,0.39186567007843437,-0.056016248021574455,-0.07702928457342229,-0.11091334750203807,-0.12357794070812178,91.51070376492704,44.578241614415944,38.846871946568854,32.27190624473817,1,1,0.5,0.1875
TXN,2026-01-27,amc,2026-01-27,0,,,0.09937444133931295,0.15282514895917387,0.1308650442210404,0.08842951992509995,150.39719621240175,74.70301900789916,54.002108150196314,41.49341329448171,1,1,,
TXN,2026-04-22,amc,2026-04-22,0,,,0.19432106393086412,0.13926632797958538,0.23105528629615302,0.2691217586114696,281.89613987994096,129.31581689261012,95.17301700262037,69.12632715345879,1,1,,
TXN,2026-07-22,amc,2026-07-22,0,,,-0.031272348246652704,,,,50.436117689404455,,,,0,1,,
VRTX,2018-01-31,amc,2018-01-31,0,0.2678634385529223,0.2370167649613227,0.036675319440613974,-0.06711809957432302,-0.0575897458593605,0.019116692843228034,57.17804733663456,66.86129889279822,50.91128841102602,43.02907727450578,1,1,0.09375,0.03125
VRTX,2018-04-26,amc,2018-04-26,0,0.35590764649329937,0.3411147894811483,-0.017379223910746755,-0.05774194515406372,-0.049115314978075975,-0.008248835581717184,27.831211759307443,23.281107142958298,18.397628447540583,18.17395819598588,0,1,0.21875,0.21875
VRTX,2018-07-25,amc,2018-07-25,0,0.3725218482281501,0.3747884907913148,-0.005316455259238073,0.005995122296421407,-0.008540209986347302,-0.004468035162270789,8.462125323526081,21.83167792060727,20.61416958431824,16.719495838786578,0,1,0.3125,0.34375
VRTX,2018-10-24,amc,2018-10-24,0,0.38016817354956683,0.3613982337431896,0.015451617689903996,0.039058253228353434,0.12747568221075345,-0.016555257887481467,24.34110849175701,22.240011715101275,34.03623301324148,33.268249684404104,0,1,0.375,0.25
VRTX,2019-02-05,amc,2019-02-05,0,0.37801289911588104,0.33849482537157194,-0.024756736055182915,-0.016094587193142496,0.004384515274820977,-0.04496847112599367,39.79475227895238,22.488547140022458,17.97469223022456,23.25723729806256,0,1,0.34375,0.1875
VRTX,2019-04-30,amc,2019-04-30,0,0.2929208370461749,0.3336160900382851,0.021422715513695678,0.007693236386713709,-0.013374331660416905,0.007574853897858613,33.64836023115391,32.57755922802029,27.66978194988951,27.994162776391303,0,1,0.125,0.15625
VRTX,2019-07-31,amc,2019-07-31,0,0.3854243281105938,0.3997494780301093,0.07604128280062805,0.05419516891082532,0.07748171912398316,0.0741807764527811,116.34240753134664,53.913296354151406,47.09748673595905,36.025546160162975,1,1,0.40625,0.46875
VRTX,2019-10-30,amc,2019-10-30,0,0.4451023835123006,0.43873824901275504,-0.019068662560392302,-0.016609783113555654,0.039241305560622,0.11275592813300195,30.562895178018127,26.131751663167663,24.936900769653334,24.03325971974544,0,1,0.65625,0.59375
VRTX,2020-01-30,amc,2020-01-30,0,0.31815958356510976,0.32643734897223287,-0.014154811086768193,0.03825277952318329,0.042464499513568565,0.008597089785628231,22.630612568996956,31.86760595165548,28.21396700750381,32.71469485326619,0,1,0.1875,0.125
VRTX,2020-04-29,amc,2020-04-29,0,0.2589176084975388,0.27041664039318936,0.0005974662205179282,0.07572194493427964,0.10348534320544456,0.14702245749708576,0.9481650016682407,35.59789036344937,38.69666037915881,43.62968070552567,0,1,0.0625,0.09375
VRTX,2020-07-30,amc,2020-07-30,0,0.36401561842288443,0.3757649986182692,-0.026485304431416723,-0.02168932602353213,-0.043843952282040966,-0.03378669523129518,42.61092340463492,29.56597897772194,31.680319127044143,26.009947451064956,0,1,0.25,0.40625
VRTX,2020-10-29,amc,2020-10-29,0,0.30939246967089773,0.3674054149435724,0.006521453743002947,0.060238643310003726,0.05458675113092015,0.10018842589012866,10.318876289664109,23.86936183612917,25.31907104615023,28.94948473704399,0,1,0.15625,0.28125
VRTX,2021-02-01,amc,2021-02-01,0,0.2352232346315039,0.265469674339676,-0.06230315474486969,-0.07507446535151541,-0.09276437676864058,-0.10066014324972239,102.11844683737898,51.410581368749945,38.73586328045974,33.686001076367525,1,1,0.03125,0.0625
VRTX,2021-04-29,amc,2021-04-29,0,0.4392014569390314,0.44571757841537385,0.029925405077058542,0.006136142018373425,0.01175307035773887,-0.01524589690471867,46.80817294104208,23.630527329466183,18.400266902932668,16.712583048481363,0,1,0.59375,0.625
VRTX,2021-07-29,amc,2021-07-29,0,0.46960624052483535,0.5010417688118985,0.00598860624314268,0.013025254749734039,-0.027797221222128576,-0.002295671736988969,9.478265135071641,18.342341611645185,17.67017249532712,21.84726180695036,0,1,0.8125,0.8125
VRTX,2021-11-02,amc,2021-11-02,0,0.46035930074825443,0.48382425803807116,0.042282324618551304,0.05341787633651096,0.038202911619307445,0.12706727578453636,65.7408637916815,35.706109347507926,27.746311712841802,41.86431861221124,1,1,0.75,0.6875
VRTX,2022-01-26,amc,2022-01-26,0,0.5666827499890578,0.4879078985983124,0.007238058859542651,0.1191190982216015,0.07794158142551888,0.016418047447439132,11.448678926829722,50.791173910370254,42.115226207682625,32.87570446996986,0,1,0.9375,0.75
VRTX,2022-05-05,amc,2022-05-05,0,0.3718879146566194,0.3711748875015142,-0.04670196594752862,-0.09580654533722743,-0.04099560149085535,0.006119326172962403,75.92410687508129,70.41067877517021,58.75130313508647,43.73450425504547,1,1,0.28125,0.3125
VRTX,2022-08-04,amc,2022-08-04,0,0.5551371685308556,0.5591220469999129,0.04795340143022342,0.06297979688628552,0.07072949612409563,0.02252138367817591,74.35479888344409,39.75399507695373,35.67488868631573,33.91645869184356,0,1,0.90625,0.9375
VRTX,2022-10-27,amc,2022-10-27,0,0.4397845617753041,0.4187153075543287,0.09031226745307719,0.08131568291147162,0.08037786291100524,0.09520987790425273,137.25756565300713,62.535783850104195,45.97262268716108,35.139109314449996,1,1,0.625,0.53125
VRTX,2023-02-07,amc,2023-02-07,0,0.4172259394063033,0.46347632838583197,-0.049296757475268405,-0.02686850429549692,-0.04595845854880387,-0.07020160453180191,80.25089641311143,39.0582228250284,30.352507816353413,23.25435428473409,1,1,0.4375,0.65625
VRTX,2023-05-01,amc,2023-05-01,0,0.4524991136632007,0.43101235082566963,0.002985503708106796,-0.002637691774230122,0.010579692453577927,-0.0621159207993659,4.732279600554509,9.048995182516745,10.98847278879935,13.362273808703998,0,1,0.6875,0.5625
VRTX,2023-08-01,amc,2023-08-01,0,0.4227383936275693,0.39025340180672696,0.030655098526127578,-0.009403546055971046,0.005866476684337929,0.008684705860877662,47.932470182644124,35.31064879752332,25.46988468050583,20.330941169319978,1,1,0.5,0.4375
VRTX,2023-11-06,amc,2023-11-06,0,0.5160966419161193,0.4851362032141475,-0.01946808786682641,-0.01773122191189902,-0.07496892548635414,-0.08373086243483685,31.209420700027827,25.482015447346466,39.75869590502735,28.840057106980915,0,1,0.84375,0.71875
VRTX,2024-02-05,amc,2024-02-05,0,0.4614693201930707,0.510868826318826,-0.029751240014492808,-0.024155414011288512,-0.01923570080493142,-0.039730485585889985,47.945437616725215,24.178963763232648,20.811473340885783,22.37002894548123,0,1,0.78125,0.875
VRTX,2024-05-06,amc,2024-05-06,0,0.4329311419400061,0.492092343345871,0.019229789402174013,0.06814905012616457,0.10775154066381987,0.2000994001116072,30.23654600759913,24.11403365548489,20.976233945234725,24.64332436052611,0,1,0.5625,0.78125
VRTX,2024-08-01,amc,2024-08-01,0,0.5895940452291776,0.6170013255296031,-0.022381287025069474,-0.07872989722868551,-0.06678792925941146,-0.019553924937183997,35.93282006267516,33.05589029243476,24.490558324564017,20.987826699911764,1,1,0.96875,1.0
VRTX,2024-11-04,amc,2024-11-04,0,0.5242898407360699,0.545825638350808,0.05727584134731756,0.06116754267006863,-0.01224614673611013,-0.01865477376133673,88.41408612110116,51.33766228965707,44.438937444697686,36.35161756859896,1,1,0.875,0.90625
VRTX,2025-02-10,amc,2025-02-10,0,0.4244566726418052,0.374888110751025,-0.03138498193860939,-0.016724505497638043,0.022086526492864245,0.054152418539326286,50.62070087738293,28.06027222602678,24.670965482651745,22.85400151630141,0,1,0.53125,0.375
VRTX,2025-05-05,amc,2025-05-05,0,0.45287582397835074,0.5089293188621896,-0.10028189971267021,-0.12159380840752287,-0.11901477136434846,-0.10863870943573317,167.7519357049834,83.15168263897081,62.94488197285892,45.72392792532337,1,1,0.71875,0.84375
VRTX,2025-08-04,amc,2025-08-04,0,0.42029929423223866,0.4015615066070077,-0.20600499775675407,-0.20710610420718945,-0.1744552608623925,-0.16018378397170263,366.1901506068041,167.62418800416395,120.58611588635854,84.14372232705604,1,1,0.46875,0.5
VRTX,2025-11-03,amc,2025-11-03,0,0.5926029170387144,0.5759356168133845,-0.010164287728323118,-0.011267576978799876,0.018826265290309507,0.08715963587514675,16.217868430728323,25.58772078209844,21.74289122778118,32.0423977402962,0,1,1.0,0.96875
VRTX,2026-02-12,amc,2026-02-12,0,,,0.05687930160407273,0.025547299392463696,0.06840565633762141,0.0023225175591581326,87.81858835280671,47.079241875774166,38.671359197010865,44.331768775583576,1,1,,
VRTX,2026-05-04,amc,2026-05-04,0,,,-0.012771945269278495,0.01237642723898813,0.015656578744189353,-0.003512875989726938,20.40542220030932,16.55392033680146,25.067942762213935,23.753744009458295,0,1,,
WBD,2018-02-27,bmo,2018-02-26,0,,,0.034564991521505606,-0.025029763959355633,-0.029797377740430675,-0.13865712199203284,53.94322918757687,57.65162665508564,42.578921789884134,38.60225547597401,0,1,,
WBD,2018-05-08,bmo,2018-05-07,0,,,-0.014536133452759392,0.01881148121159626,-0.03249252880349307,-0.044035861743233484,23.24475320385007,54.91186187676356,49.09698602692736,40.642717757443855,0,1,,
WBD,2018-08-07,bmo,2018-08-06,0,,,-0.05089156149148144,-0.038261541000237154,0.03714710242072439,0.020059398463904143,82.91608003106994,39.390773636632716,37.32068421325568,34.45530288165058,1,1,,
WBD,2018-11-08,bmo,2018-11-07,0,,,0.021765337549949804,-0.035066556546310745,-0.08222494166096617,-0.14238212609165146,34.180759219346136,27.426122707762413,33.425453639621985,44.45264049193749,0,1,,
WBD,2019-02-26,bmo,2019-02-25,0,,,-0.028072568316515722,-0.01472093157495935,-0.027045499244765625,-0.053748707430079756,45.20128970421152,23.709981160614827,22.456337156198177,27.27720131853202,0,1,,
WBD,2019-05-02,bmo,2019-05-01,0,,,-0.05276785992144861,-0.06377466339525595,-0.10165100199712807,-0.11751373365138529,86.05742755505575,40.776474977776964,36.857110633018905,31.407257192959122,1,1,,
WBD,2019-08-06,bmo,2019-08-05,0,,,0.012337238059853872,0.0023988928749874017,-0.026045244034731296,-0.0733378809892904,19.46493189486679,14.354249631382796,42.70066514333601,37.01267321147253,0,1,,
WBD,2019-11-07,bmo,2019-11-06,0,,,0.12062116605883855,0.07908987303974135,0.1563741365183553,0.15709643544857999,180.78388671634283,83.52771741837354,63.376569327740896,45.97319921080555,1,1,,
WBD,2020-02-27,bmo,2020-02-26,0,,,-0.06800148408588824,0.0015111793186621814,-0.09104646429651508,-0.20929350781598632,111.79472415058507,61.46743716056415,71.88878462094425,94.5560184677119,1,1,,
WBD,2020-05-06,bmo,2020-05-05,0,,,-0.018823511460248188,-0.06917643827550557,-0.009411800608915444,0.08658824247472419,30.16621431915635,41.54005848170447,53.20577547886989,51.16732617555515,0,1,,
WBD,2020-08-05,bmo,2020-08-04,0,,,-0.04043613722822992,0.02135389861276571,0.0022716599973013896,-0.009086813305754005,65.52426533781525,53.15084554505597,44.771171555728635,37.881858524962105,0,1,,
WBD,2020-11-05,bmo,2020-11-04,0,,,0.0438382653886471,0.09303457299222306,0.1933755080649815,0.387238119322723,68.10887633064844,60.09820486310926,57.75944042681246,46.74487117322801,0,1,,
WBD,2021-02-22,bmo,2021-02-19,0,,,0.08860011653640809,0.04410312706028563,0.2650127749920499,0.4697775188079818,134.76278348655944,73.41287869389724,74.41033847453146,68.24825916855525,1,1,,
WBD,2021-04-28,bmo,2021-04-27,0,,,-0.038964283734085225,-0.06382973521931867,-0.05716482025597491,-0.18431168767162354,63.091175723507284,42.90018875552029,36.495744124685054,39.32168045608017,0,1,,
WBD,2021-08-03,bmo,2021-08-02,0,,,-0.041938786763669356,0.004812629388590173,-0.025782055554003813,-0.008594018518001234,68.01211627922243,39.41000659619917,30.850811508678213,29.964136598600366,1,1,,
WBD,2021-11-03,bmo,2021-11-02,0,0.4093406497624102,0.4043075684154904,0.04276990537841252,0.08553973306441409,0.12953158468433967,-0.05295312739146951,66.48330128438779,43.33501545466491,37.73634076842292,46.50051858576947,1,1,0.47058823529411764,0.5294117647058824
WBD,2022-02-24,bmo,2022-02-23,0,0.48812230610919993,0.5065138376996651,-0.01701522714690651,0.03651190074701005,-0.10067346109211506,-0.03863871962474519,27.243273903711117,33.5258120061578,48.947270891152655,43.89078939548101,0,1,0.8235294117647058,0.9411764705882353
WBD,2022-04-26,bmo,2022-04-25,0,0.33023742310600357,0.32913708041443834,-0.07767442215320675,-0.10465116279069764,-0.2046511450479197,-0.21581392509992736,128.35650261870833,82.3776158228736,72.23637325391441,72.47891354916287,1,1,0.11764705882352941,0.17647058823529413
WBD,2022-08-04,amc,2022-08-04,0,0.4102216526990553,0.4523839621509308,-0.16533177719286718,-0.21739126639441486,-0.24542334520588782,-0.25286036832779857,286.8856476498121,143.27877317993884,106.88375070619944,82.78433511198364,1,1,0.5294117647058824,0.7058823529411765
WBD,2022-11-03,amc,2022-11-03,0,0.515569376211746,0.4755238760199024,-0.1286549647032954,-0.09774436509552076,-0.08437762793237913,-0.06850464746915796,218.6193466959848,120.45101596690347,100.12769158295656,76.3098640467615,1,1,0.8823529411764706,0.8235294117647058
WBD,2023-02-23,amc,2023-02-23,0,0.3978232066663546,0.4006495557849359,-0.01144306145833962,-0.031150653870171796,-0.06102982278511715,-0.10998090226202095,18.27002996248367,38.25065950645506,41.00703155935961,45.90338183407231,0,1,0.4117647058823529,0.47058823529411764
WBD,2023-05-05,bmo,2023-05-04,0,0.354883538251143,0.3488599113898105,0.04541771476737999,0.004055165534813332,0.005677185341228963,-0.05677208544983803,70.50905961138861,60.8204338276751,54.389432616834,47.18057505631894,0,1,0.29411764705882354,0.29411764705882354
WBD,2023-08-03,bmo,2023-08-02,0,0.43398483324490095,0.4184249674747549,0.02709164521279428,0.12430274440107691,0.050995966527627834,0.04701196363514493,42.43440543069343,67.00962134333402,51.053329931736634,42.433921470031315,0,1,0.7058823529411765,0.5882352941176471
WBD,2023-11-08,bmo,2023-11-07,0,0.5653343710063996,0.48532886809138737,-0.19035315275620512,-0.10077520334990231,-0.08871660322391217,-0.06804478770149447,335.2015321915347,160.61528611477428,116.06131400255748,87.72603857321347,1,1,0.9411764705882353,0.8823529411764706
WBD,2024-02-23,bmo,2024-02-22,0,0.4653359772650453,0.4654210714640386,-0.09937246038086922,-0.08054397740230901,-0.08577412264710049,-0.1171548943591264,166.14814332926917,75.76891813789996,68.45918427801098,53.51742571322281,1,1,0.7647058823529411,0.7647058823529411
WBD,2024-05-09,bmo,2024-05-08,0,0.33538728786932526,0.3478212435988152,0.030769200673000707,0.0512820011216677,0.03333336186205149,0.06025644301741084,48.10820454559502,45.87335458439441,38.17586776465469,38.81757138161267,0,1,0.17647058823529413,0.23529411764705882
WBD,2024-08-07,amc,2024-08-07,0,0.5757139026737967,0.5131904271381271,-0.08949417040292185,-0.09727626411014334,-0.003891077776902341,-0.06355385804551683,148.8314123110358,83.25047851390805,65.77473899062329,59.832929711699414,1,1,1.0,1.0
WBD,2024-11-07,bmo,2024-11-06,0,0.3501207499800773,0.39765778424004933,0.11813839589478481,0.15990455063105813,0.1873507963464942,0.2720763367344303,177.2629395519409,90.02703164496361,77.21143094212107,57.03881082832696,1,1,0.23529411764705882,0.4117647058823529
WBD,2025-02-27,bmo,2025-02-26,0,0.41255306332496067,0.373847831741737,0.04761904761904767,0.08857145763578878,-0.007619040352957573,0.048571450369698566,73.84823541405812,55.85557038172936,59.672957406779695,51.680188997542906,0,1,0.5882352941176471,0.35294117647058826
WBD,2025-05-08,bmo,2025-05-07,0,0.4180473966454249,0.4435984342748087,0.0525700685988153,0.07593453115267246,0.04556067412738529,0.1471961697945734,81.33281539578934,38.981520930938416,33.90158598267659,36.815276503248015,0,1,0.6470588235294118,0.6470588235294118
WBD,2025-08-07,bmo,2025-08-06,0,0.2248096474429982,0.26083563814233074,-0.07271308115321073,-0.05785768360635335,-0.09773260388805338,-0.05316656037560008,119.8402284514015,99.15472586526079,71.9800726892645,56.16751563339566,1,1,0.058823529411764705,0.058823529411764705
WBD,2025-11-06,bmo,2025-11-05,0,0.3614623202843633,0.28981156765518284,-0.014938495130436769,-0.025043923070831253,0.014499117767463598,0.14586993240058166,23.893036529590113,31.66193358105407,39.01763909516586,38.78312445439244,0,1,0.35294117647058826,0.11764705882352941
WBD,2026-02-26,bmo,2026-02-25,0,,,-0.003460220857774976,-0.03287193315330339,-0.037716268753477666,-0.0633217975038548,5.5024556782254175,20.429785713274406,14.97140638942332,14.390342131240285,0,1,,
WBD,2026-05-06,amc,2026-05-06,0,,,-0.0029411735831660346,0.0018382071933127353,0.008088209822929349,-0.03529415312110251,4.675847934118262,4.331664302383263,7.98977280375902,12.891323482004488,0,1,,
WDAY,2018-02-27,amc,2018-02-27,0,0.4120574189039636,0.4626310897272868,-0.012011609580200644,0.06036962662086687,0.07121120931222857,-0.03463076076978744,19.183282165666412,48.04698646577742,35.62142434542957,35.67359230269299,0,1,0.28125,0.40625
WDAY,2018-05-31,amc,2018-05-31,0,0.4723661055331389,0.5095697615940599,-0.035659785880610695,-0.057956655300640425,-0.02107521093562026,-0.07513747299039508,57.64212778970307,39.54251978353877,31.9906129095129,30.690765445739558,0,1,0.46875,0.625
WDAY,2018-09-04,amc,2018-09-04,0,0.3609436674695483,0.3224495991915911,-0.09241173975317163,-0.06726663080411455,-0.08303024802421621,-0.0703937622530928,153.92631005221483,71.14372007802771,55.86664273853741,42.352074632013924,1,1,0.21875,0.03125
WDAY,2018-11-29,amc,2018-11-29,0,0.33443325031080845,0.3862362638480729,0.12869921923938987,0.10412931387643498,0.11514105558263221,0.0993806065940861,192.18605698190373,95.26570638256055,69.13952596955713,61.88820146123095,1,1,0.09375,0.15625
WDAY,2019-02-28,amc,2019-02-28,0,0.5176707597857323,0.5092014161513122,-0.04440960749456113,-0.08174603786443246,-0.05501945027344479,-0.02566557247635981,72.1114084186402,51.27573186702753,38.316491623539264,32.168418659769316,0,1,0.59375,0.59375
WDAY,2019-05-28,amc,2019-05-28,0,0.272768354307517,0.34407056379194556,-0.0452858533883157,-0.0802367746645174,-0.03335364780187988,-0.03894392575886085,73.56771792573788,60.38718503863978,52.40106970746865,41.20081639991262,1,1,0.03125,0.09375
WDAY,2019-08-29,amc,2019-08-29,0,0.3501026731279301,0.38928249495409595,-0.05526243247792495,-0.08180117955769428,-0.10690113621671471,-0.09427118442847238,90.24355532017717,45.17456675111709,35.029284773543715,34.960371537313016,1,1,0.15625,0.1875
WDAY,2019-12-03,amc,2019-12-03,0,0.6205575181745691,0.5504323076410591,-0.04674351936802057,-0.05925071342534227,-0.0800576333697316,-0.029164251058177215,75.99330396286342,46.59862084815532,37.379679562649294,29.991650771438614,0,1,0.8125,0.75
WDAY,2020-02-27,amc,2020-02-27,0,0.43348509163833954,0.44168945402936516,0.011974317104559207,-0.03440420265561761,-0.23311918442484036,-0.20438078772252144,18.895731802447273,40.77026797183425,83.61249932347177,97.93397532971129,0,1,0.34375,0.34375
WDAY,2020-05-27,amc,2020-05-27,0,0.3106034486078355,0.34184936318569126,0.07148721872709562,0.06649842414811213,0.07436317528961078,0.09320336406226604,109.60967878985994,54.925489022371806,45.55663659125154,43.09639268116023,0,1,0.0625,0.0625
WDAY,2020-08-27,amc,2020-08-27,0,0.4148522741905015,0.4165076177458256,0.12579051556011867,0.029404953024090075,-0.04814664496828358,0.01712593533423523,188.08985158828563,94.52655283814615,71.6477404969879,54.51751852629898,1,1,0.3125,0.21875
WDAY,2020-11-19,amc,2020-11-19,0,0.33588518069480416,0.3671991192351953,-0.09272100897881874,-0.03006933427054559,-0.037348398015590534,0.049913362738897016,154.46734100634913,78.28238479564928,55.68504882216958,46.62773169418309,1,1,0.125,0.125
WDAY,2021-02-25,amc,2021-02-25,0,0.4542326651946091,0.4674266736098408,-0.023926150353165143,-0.08296507080432813,0.02420473153060243,-0.006091001888714809,38.4433430215988,49.16595283361221,58.76480114603419,48.10509097926023,0,1,0.40625,0.4375
WDAY,2021-05-26,amc,2021-05-26,0,0.5248706371875478,0.500937631036843,-0.03256422568100392,-0.06677353246716466,-0.03374530625065164,0.025013677363544984,52.5545258011649,30.392171195093564,24.11824272225544,19.614146929770577,0,1,0.65625,0.5625
WDAY,2021-08-26,amc,2021-08-26,0,0.44385790222131905,0.4395479792953152,0.09126278478595551,0.09952996176089002,0.0841708734593345,0.0689739206165747,138.64087775288215,62.65001399611998,46.81518571979723,33.52363923593007,1,1,0.375,0.3125
WDAY,2021-11-18,amc,2021-11-18,0,0.46641505502223807,0.4938701949564769,-0.041759973209751555,-0.07201848543469003,-0.1073255759020817,-0.09826468451207127,67.71586043831034,43.63053576906394,43.96628710940239,37.43629129788418,1,1,0.4375,0.46875
WDAY,2022-02-28,amc,2022-02-28,0,0.5229497379806641,0.5001343054208076,0.049246883339914005,-0.020257582745370928,-0.03553808898142241,0.07513639478620404,76.31297059486035,65.95001525723686,58.774472142287806,47.7500400152033,1,1,0.625,0.53125
WDAY,2022-05-26,amc,2022-05-26,0,0.507100563416674,0.520387474929053,-0.05566459084211273,-0.03580130378938862,-0.11222120607868802,-0.142134967374412,90.91944940061626,76.88287426955608,60.742492547862604,57.828604576390774,0,1,0.5625,0.6875
WDAY,2022-08-25,amc,2022-08-25,0,0.5897437451436996,0.5169830546974101,0.025252562750078145,-0.007822149961115299,0.04680959642119564,-0.0947893528688939,39.58941123116102,36.68240662910283,34.09882476722325,36.48500809252201,0,1,0.78125,0.65625
WDAY,2022-11-29,amc,2022-11-29,0,0.6293325877832469,0.614381837759527,0.17166776218309932,0.12602928942067604,0.23747381754769226,0.17090013756335787,251.49692563373836,116.88969611655212,85.96290008189206,62.69361365245301,1,1,0.875,0.90625
WDAY,2023-02-27,amc,2023-02-27,0,0.6556181766133984,0.5883232985920981,0.002920070114687201,0.021035066254814883,-0.019899382585457648,0.025685395490863794,4.628712801859263,23.09501772375012,23.528404120812628,27.229926306896886,0,1,0.90625,0.8125
WDAY,2023-05-25,amc,2023-05-25,0,0.5016977667398322,0.49720976505528824,0.1000967531976178,0.08701184267218443,0.040578387414595074,0.14159155358724096,151.43984189172036,73.3878424118321,59.008835113913214,45.288340707672454,1,1,0.53125,0.5
WDAY,2023-08-24,amc,2023-08-24,0,0.5564121739641381,0.5929835699971424,0.05380889565639868,0.08729490509653193,0.11455512218159902,0.029883939016412953,83.20007408682936,40.953609684055365,30.57042308426669,27.442770230175917,1,1,0.71875,0.875
WDAY,2023-11-28,amc,2023-11-28,0,0.35955140179712,0.41662262095467806,0.11022621750933337,0.12821812539415967,0.16609782945607843,0.16327469954176066,165.98987722638051,77.59940077762842,55.94104183574979,40.64699437336522,1,1,0.1875,0.25
WDAY,2024-02-26,amc,2024-02-26,0,0.40662249936149875,0.4179858668209396,-0.03958205787681057,-0.11129196117439977,-0.13179906695936894,-0.0970996627778219,64.11195088333858,55.90735547990231,41.686145941649805,30.908771953635394,1,1,0.25,0.28125
WDAY,2024-05-23,amc,2024-05-23,0,0.48842611251131907,0.5419629117050239,-0.15327708382485272,-0.18953621351122818,-0.17378304867220462,-0.1668071676189422,264.1228770933695,121.71822707403976,86.35181573143777,62.699437825183324,1,1,0.5,0.71875
WDAY,2024-08-22,amc,2024-08-22,0,0.5431086398989846,0.45673091799020354,0.12493513132773715,0.1353643035859804,0.10178295000039284,0.06036868979445997,186.88323589984935,85.40426581174182,61.04416271940357,43.0358135790583,1,1,0.6875,0.375
WDAY,2024-11-26,amc,2024-11-26,0,0.6241838826094901,0.5808308034281457,-0.062141487076535995,-0.004885478042456426,0.008031321997662877,-0.014619386991892358,101.84477912953159,58.700230826032005,52.93190219685572,41.47134700724575,1,1,0.84375,0.78125
WDAY,2025-02-25,amc,2025-02-25,0,0.7049940304279662,0.658263451294798,0.06218162777714209,-0.006229904906691286,-0.04815456659407358,-0.017357604863967646,95.7628615018837,57.140744657902545,47.63707537494707,36.67207426275395,1,1,0.9375,0.9375
WDAY,2025-05-22,amc,2025-05-22,0,0.7406849265653961,0.6775377707113919,-0.12518841438040018,-0.08953578106579896,-0.07112142309922731,-0.12085126620969378,212.31637799254693,96.75500174025872,69.03992257727722,49.62464665684465,1,1,1.0,0.96875
WDAY,2025-08-21,amc,2025-08-21,0,0.558416373249438,0.5884596939241015,-0.027726502802640884,0.0040425264150769635,0.015379207187977029,0.06626242072996114,44.636160894868816,30.334470610178148,25.01007994376647,34.184340491822674,0,1,0.75,0.84375
WDAY,2025-11-25,amc,2025-11-25,0,0.7382104235814391,0.7239991958422405,-0.0785228546870188,-0.08066244129652889,-0.04681416546327977,-0.055586483621271277,129.8174452362167,58.85267162448825,42.69508097183181,34.30391808813974,1,1,0.96875,1.0
WDAY,2026-02-24,amc,2026-02-24,0,,,0.022421855676432623,0.10274134471144047,0.09414121299116673,-0.02426473267591922,35.2004214651661,66.36039797677107,55.27787869789093,47.55454910789792,0,1,,
WDAY,2026-05-21,amc,2026-05-21,0,,,0.05162085346158807,0.19975383071058928,0.1840787902015406,-0.055149785021378905,79.90059515123227,98.49874908143502,84.55560281832368,66.99567967137725,0,1,,
WDC,2018-01-25,amc,2018-01-25,0,0.36481331641211245,0.3739983059186679,0.018297682426726025,-0.003863847006432497,-0.08978280936074601,0.013978995451286336,28.784124800930112,28.656483118912572,43.8132477001244,35.5732853434394,0,1,0.1935483870967742,0.2903225806451613
WDC,2018-04-26,amc,2018-04-26,0,0.4115231885124899,0.4009895244806624,-0.07996825694193366,-0.12433181312991026,-0.10089864044614871,-0.017745259895506238,132.30942931759176,68.41691012733715,49.6934767933654,42.294664185901006,1,1,0.45161290322580644,0.41935483870967744
WDC,2018-07-26,amc,2018-07-26,0,0.5626097464128488,0.5380827244669216,-0.07731232628576867,-0.11116881906061693,-0.1424308628694757,-0.17226621125010766,127.73340749839205,59.4008916412725,43.37473028116345,33.425158725540996,1,1,0.967741935483871,0.9032258064516129
WDC,2018-10-25,amc,2018-10-25,0,0.5197074163516098,0.5706073019586155,-0.18181821371991103,-0.12830963009024332,-0.11942235520604916,-0.11275699930548111,318.55491526303655,164.4048003599394,117.2757616006199,86.97930898388984,1,1,0.8709677419354839,0.967741935483871
WDC,2019-01-24,amc,2019-01-24,0,0.2795800604178893,0.3130025783139875,0.07523672254088054,0.12082709211902554,0.14250117061236955,0.2795218724687607,115.1550204306456,64.7455466104502,56.94368319637631,47.698564547483564,0,1,0.03225806451612903,0.0967741935483871
WDC,2019-04-29,amc,2019-04-29,0,0.3640659480076741,0.37686263526688946,0.012879045604279993,-0.01803068478123193,-0.14820679201990528,-0.2141867130312448,20.314315578044766,29.008514390242635,46.30185341073871,46.52360604113404,0,1,0.16129032258064516,0.3225806451612903
WDC,2019-07-31,amc,2019-07-31,0,0.2818645133415204,0.26839123243024876,0.030061328168311974,-0.019669578452680136,0.010020442722770584,0.022081862385157525,47.01766091003108,36.700934682700215,38.97277794555375,38.7016489855376,0,1,0.06451612903225806,0.03225806451612903
WDC,2019-10-30,amc,2019-10-30,0,0.5227752642326958,0.5381305386092631,-0.16907993437948476,-0.13577853067780743,-0.17921493417251544,-0.1903153187856257,294.03030057453464,136.06659667452672,98.27492507788878,72.29094064452194,1,1,0.9032258064516129,0.9354838709677419
WDC,2020-01-30,amc,2020-01-30,0,0.37822551804670446,0.36553662151445276,-0.02180400033413976,0.02598573339804422,0.03912779703019087,-0.10334537878033001,34.99570241822424,28.196850331254925,28.011743221377007,53.39621558287641,0,1,0.2903225806451613,0.25806451612903225
WDC,2020-04-30,amc,2020-04-30,0,0.29579357503063436,0.3180665643052984,-0.12152765285358036,-0.09179681246627047,-0.12456588268366331,-0.0651040918840623,205.68734649153924,96.31067221504472,82.32181594117705,71.85253434486455,0,1,0.12903225806451613,0.12903225806451613
WDC,2020-10-28,amc,2020-10-28,0,0.29568653285544805,0.2720019459115292,-0.018036600575291106,-0.033496553256623485,0.04612218019108538,0.18139645589423892,28.89357717505567,21.637789168880843,35.57441817252122,42.88878227996315,0,1,0.0967741935483871,0.06451612903225806
WDC,2021-01-28,amc,2021-01-28,0,0.4968811406510407,0.4993712769248585,0.07179483080761861,0.12554583817739084,0.21481480910842343,0.37150988322551304,110.06535287406565,54.88503834460092,53.52498547549901,48.934300143980444,1,1,0.7096774193548387,0.7419354838709677
WDC,2021-04-29,amc,2021-04-29,0,0.4578506350359673,0.45734064256934326,-0.007029291100707491,-0.021369275884440153,-0.06691971515900319,0.05764098533099937,11.198057160756377,34.78064300340683,48.44724723426954,53.695878431252744,0,1,0.5806451612903226,0.6129032258064516
WDC,2021-08-04,amc,2021-08-04,0,0.4922291003212928,0.49657900762246066,0.03279955199560791,0.02740989927005666,-0.06051744257445446,-0.05081606766846203,51.232000484169845,40.72754283595885,46.37981049419216,50.14024766037082,0,1,0.6774193548387096,0.6774193548387096
WDC,2021-10-28,amc,2021-10-28,0,0.5128953950061925,0.4976294188624957,-0.0871158735914801,-0.03910615217409974,0.026885341320157297,0.02985322723848527,144.69030001329781,71.56822191759412,61.312519646240396,53.52157535998121,1,1,0.8387096774193549,0.7096774193548387
WDC,2022-01-27,amc,2022-01-27,0,0.4812748847204583,0.49238422281891525,-0.07317989576279638,-0.02878891933307548,0.004643279918993715,-0.053863233564353186,120.63958385606088,63.824553326460986,49.89639755713969,46.24941550456056,1,1,0.6129032258064516,0.6451612903225806
WDC,2022-04-28,amc,2022-04-28,0,0.4009746946110971,0.3928808829897328,0.008743714118363277,0.16308695934575757,0.05588298387194701,0.18323531684929484,13.81988495802372,99.4966872904881,77.84452495551146,65.05266875254576,0,1,0.41935483870967744,0.3870967741935484
WDC,2022-08-05,bmo,2022-08-04,0,0.42017873006351414,0.36309212698157667,-0.056501559230809906,-0.017030605701160217,-0.023842888614369562,-0.16549788267843335,92.32703748272685,54.46508111336475,44.90638504107744,43.50209105896173,0,1,0.5161290322580645,0.22580645161290322
WDC,2022-10-27,bmo,2022-10-26,0,0.38335525087606387,0.3590546515556506,-0.02664404062398329,-0.019841282387038417,-0.02636050853556615,0.058390006219599,42.86978589627186,51.86332623952915,57.94440075833468,62.59574812534887,0,1,0.3548387096774194,0.1935483870967742
WDC,2023-01-31,amc,2023-01-31,0,0.4884162343679871,0.42709976645848186,-0.01433452028233917,-0.01979530090010939,-0.007053633268287229,-0.1267349150809277,22.92001450752518,38.05621035718219,31.82022431170711,29.951847939829197,0,1,0.6451612903225806,0.4838709677419355
WDC,2023-05-08,amc,2023-05-08,0,0.37322466399075555,0.35276921055125954,-0.01696898237428246,0.07519027518796118,0.12258645207732255,0.17086015465277726,27.16859362794794,79.2701748098412,61.20609031530558,50.52540647974343,0,1,0.25806451612903225,0.16129032258064516
WDC,2023-07-31,amc,2023-07-31,0,0.4993444059640975,0.44208242498898614,0.00728388384858758,0.022086327335798517,0.000939775283040456,-0.02373132123661037,11.520899450596044,16.935159151874192,17.73790294058666,28.522002333647944,0,1,0.7741935483870968,0.5161290322580645
WDC,2023-10-30,bmo,2023-10-27,0,0.3807498489921667,0.3861792131964897,0.07261991873898355,0.10366943037733023,0.15473438344320933,0.20323300742064077,111.28693237551448,65.61996202827119,48.559871371936225,36.42954059910735,1,1,0.3225806451612903,0.3548387096774194
WDC,2024-01-25,amc,2024-01-25,0,0.6003186028701526,0.5862674879816111,-0.03480853519855076,-0.04856631240039522,-0.05320733837756875,-0.053870390109722055,56.24145770245412,38.35310695920537,29.270864662636164,32.143084516005835,0,1,1.0,1.0
WDC,2024-04-25,amc,2024-04-25,0,0.3984998860988475,0.443385446811771,0.027649773622780982,0.004032085249927597,0.038162254030935205,0.07733294919309741,43.29680241860375,27.79465268941341,25.90891808807706,28.169351442661515,0,1,0.3870967741935484,0.5483870967741935
WDC,2024-07-31,amc,2024-07-31,0,0.4987891538987802,0.5042525502278548,-0.09724082023255842,-0.1610738798036836,-0.08262492021727663,-0.05995517120213634,162.3953427016021,84.20311262651808,65.41430293771893,48.517915553379225,1,1,0.7419354838709677,0.7741935483870968
WDC,2024-10-24,amc,2024-10-24,0,0.450243082427388,0.5247013757889012,0.04719549599976891,-0.015229117909541179,0.062123184216734684,0.0016587424472482848,73.2063004395119,42.501567057373315,40.2937448410789,39.953824992232406,0,1,0.5483870967741935,0.8709677419354839
WDC,2025-01-29,amc,2025-01-29,0,0.41683043490506194,0.4106952817939134,0.04745215214146059,0.030573253961161173,0.07133751184434867,0.030802289776889147,73.5953195630143,36.60865874816218,44.809091843592306,46.3208202787837,0,1,0.4838709677419355,0.45161290322580644
WDC,2025-04-30,bmo,2025-04-29,0,0.5006069111966865,0.5184735454136307,0.07976359842109626,0.09034968716272829,0.20654845015358836,0.2936977818365698,121.82434959715691,57.255492581246315,55.22570877933144,41.34430434152079,0,1,0.8064516129032258,0.8387096774193549
WDC,2025-07-30,amc,2025-07-30,0,0.5492326243333905,0.5129886223612131,0.10163808751881853,0.03289926529122478,0.06495855435410891,0.1485369923153368,153.66244629904594,75.59900151345734,54.47964388903056,42.034932108425195,1,1,0.9354838709677419,0.8064516129032258
WDC,2025-10-30,amc,2025-10-30,0,0.3658727593130021,0.4506650575355319,0.08745380333886077,0.18439133700030053,0.13776861109746585,0.18395697442903347,133.0902918824824,84.17374723661598,75.70380440507203,73.47571631748272,1,1,0.22580645161290322,0.5806451612903226
WDC,2026-01-29,amc,2026-01-29,0,,,-0.10121763480784418,-0.06544307177180664,0.020437467461764225,-0.02992003903381646,169.4037935448498,121.23448909074558,108.30291097268498,84.380483628336,1,1,,
WDC,2026-04-30,amc,2026-04-30,0,,,-0.006904213945698623,0.06763788898068368,0.12572492174020566,0.25701921509781767,10.99811035245326,56.286013344192554,63.02182431201674,59.097391510215324,0,1,,
WMT,2018-05-17,bmo,2018-05-16,0,0.363207822017789,0.4135842898388316,-0.019040861434173495,-0.03622446324178341,-0.04168144114540373,-0.028213332115179957,30.51790498082973,19.853705598599973,20.047829524446144,17.786276561636864,0,1,0.36666666666666664,0.5666666666666667
WMT,2018-08-16,bmo,2018-08-15,0,0.239688067516956,0.2531417377365007,0.09332699026412805,0.06040756991716267,0.06007527667943302,0.048437052536946856,141.640823667436,65.10149069763877,46.9250564092674,33.408090272806035,1,1,0.03333333333333333,0.06666666666666667
WMT,2018-11-15,bmo,2018-11-14,0,0.48768321027380734,0.4546053455712319,-0.01960015484527189,-0.07249084309006137,-0.04176135802006731,-0.10110007977853763,31.42324744678728,28.260258545396194,24.169288215371225,22.175523132456103,0,1,0.8,0.8
WMT,2019-05-16,bmo,2019-05-15,0,0.423493134375762,0.4539461632208262,0.014317321585502363,0.023528177925812077,0.023127815786663897,0.09201038401786188,22.56687754771943,14.184710158845212,11.113513742458334,12.669884362331999,0,1,0.6666666666666666,0.7666666666666667
WMT,2019-08-15,bmo,2019-08-14,0,0.5542020054198082,0.5147233574581863,0.06111091401893032,0.054801993311479835,0.061393425950891034,0.10574377858822093,94.16185221244143,43.88235158048615,31.93086026212153,23.636290670540856,1,1,0.9666666666666667,0.8666666666666667
WMT,2019-11-14,bmo,2019-11-13,0,0.4693587251632422,0.4191853623369803,-0.0027274567509070202,-0.015291675101083202,-0.018349968598018296,-0.0012432070506531723,4.335618662346973,14.393370221696172,11.199043696984406,9.27891099547675,0,1,0.7666666666666667,0.6333333333333333
WMT,2020-02-18,bmo,2020-02-14,0,0.37861927988003463,0.34628374185394684,0.01475934417856517,-0.013317654400213486,-0.01704977923396156,0.011621224380019779,23.258511467726844,21.437201753962594,45.28653230952215,75.04838441636805,0,1,0.43333333333333335,0.26666666666666666
WMT,2020-05-19,bmo,2020-05-18,0,0.25783086373417863,0.26950181646171967,-0.02122815563858138,-0.029766792202111203,-0.029140150483324745,-0.06760168147728629,34.06147639696477,16.377808331948465,13.87528848837212,13.902704300521467,0,1,0.1,0.13333333333333333
WMT,2020-08-18,bmo,2020-08-17,0,0.3245528873999353,0.29085733492204313,-0.006563446436506415,-0.03148961562833874,0.023967456373697127,0.004867108186094926,10.4534913245663,17.48109489682898,29.333853671558032,33.59187653920097,0,1,0.26666666666666666,0.2
WMT,2020-11-17,bmo,2020-11-16,0,0.44381799907621494,0.4257737896374335,-0.020139068698628693,-0.009905580252575152,0.001312037598844018,-0.04249811634959966,32.29608972600869,22.425782955760447,16.49692453996528,13.985778102302024,0,1,0.7,0.6666666666666666
WMT,2021-02-18,bmo,2021-02-17,0,0.4481212624117029,0.430015339854185,-0.06481020145262428,-0.09504112761339545,-0.13322038486022625,-0.11309249911863428,106.36837371748659,50.61695022975831,38.925845823236,29.899259205894147,1,1,0.7333333333333333,0.7
WMT,2021-05-18,bmo,2021-05-17,0,0.2770945876485554,0.2787646882776417,0.021743901741762217,0.020663978745119937,0.019943883702059573,-0.012527932336535819,34.147455439831596,15.83206452674536,11.65901255689855,11.973766266620265,0,1,0.13333333333333333,0.16666666666666666
WMT,2021-08-17,bmo,2021-08-16,0,0.544049056632408,0.5335178427862518,-0.0003317547771881646,-0.001989964317213988,-0.020232042916088266,-0.04112767600739775,0.5267317597396703,11.932028272979538,12.33973554982016,10.79903683498515,0,1,0.9333333333333333,0.9333333333333333
WMT,2021-11-16,bmo,2021-11-15,0,0.49608268818628487,0.4730619830442101,-0.025458011913844225,-0.014498850327098745,-0.04274736498478715,-0.0037647092693401385,40.93666363593483,23.746683436349493,21.11645398432554,21.810752221190576,1,1,0.8333333333333334,0.8333333333333334
WMT,2022-02-17,bmo,2022-02-16,0,0.3241812512155952,0.35206888704989525,0.040066042299271354,0.007488909549644651,0.04313626767636847,0.09340626765461169,62.36175538167071,30.384501543542118,25.864392075387588,23.70927969120076,1,1,0.23333333333333334,0.36666666666666664
WMT,2022-05-17,bmo,2022-05-16,0,0.4183269616846547,0.4354922959882253,-0.11375749216796982,-0.17279526506495446,-0.13210964566619554,-0.1945213970107691,191.70794651072188,103.11443861968066,74.65098653004297,53.71555360761497,1,1,0.6,0.7333333333333333
WMT,2022-08-16,bmo,2022-08-15,0,0.24067649110375822,0.21903389561218223,0.051056001470857426,0.014856616210591644,0.0021114706760883006,0.017496292860125662,79.0477063618923,39.12504064479399,32.78288797937346,26.446672359412993,1,1,0.06666666666666667,0.03333333333333333
WMT,2022-11-15,bmo,2022-11-14,0,0.4130720424515899,0.4042144079327561,0.06539494863168382,0.0922030439529673,0.10535429758917747,0.06382614755477856,100.55798159616891,46.749189617319814,33.33954246217337,26.101983626682262,1,1,0.5666666666666667,0.4666666666666667
WMT,2023-02-21,bmo,2023-02-17,0,0.5105494696752733,0.5348139747353573,0.006077657720959362,-0.034143641579899686,-0.03953842646926098,-0.03717884896010215,9.618782215582462,19.716594858615572,15.870642382420696,13.854016640281518,0,1,0.9,0.9666666666666667
WMT,2023-05-18,bmo,2023-05-17,0,0.2913346310642201,0.26407783606803703,0.012974168061007374,-0.012706502108116524,-0.01417775549644329,0.040125854396047655,20.4633907606405,13.770549744797162,11.553050551284578,12.680386603381056,0,1,0.16666666666666666,0.1
WMT,2023-08-17,bmo,2023-08-16,0,0.40902832752163,0.41359448141056143,-0.022416267100130893,-0.007283637051247793,0.012181341803759294,0.033781386428557214,35.989621492926496,19.86683495585032,16.113245105759177,13.270905484551381,1,1,0.5333333333333333,0.6
WMT,2023-11-16,bmo,2023-11-15,0,0.39664527356881374,0.40790673856807336,-0.08092841153996044,-0.08899758168475957,-0.08298996143797599,-0.09702393443678681,133.96697436608628,60.295237379287336,44.12286585271311,32.20405194423327,1,1,0.5,0.5333333333333333
WMT,2024-02-20,bmo,2024-02-16,0,0.3373256527572641,0.37659704578006087,0.03228452585031083,0.049542136789609836,0.04425927200648738,0.07555736910715449,50.440188968878175,28.338983822278347,22.314095695489826,17.358729623525186,1,1,0.3,0.43333333333333335
WMT,2024-05-16,bmo,2024-05-15,0,0.34471365285151345,0.33627518672604745,0.06986470254571842,0.09059024629173074,0.08457307123201208,0.12017391090852647,107.20403490125965,49.89843285042313,35.77760880926309,27.252229032518187,1,1,0.3333333333333333,0.23333333333333334
WMT,2024-08-15,bmo,2024-08-14,0,0.5557695947312362,0.5175958385683253,0.06583162658829722,0.09895815822995235,0.11122713921006033,0.17724633512514676,101.20850349139516,46.718388425011916,33.20200093275375,25.026867756778387,1,1,1.0,0.9
WMT,2024-11-19,bmo,2024-11-18,0,0.3876074537601057,0.40570323133449715,0.029971420149246475,0.06446237600818949,0.11215512869412958,0.1150959792981816,46.87909558305135,29.626095435718845,24.15829621244187,20.635523752137093,1,1,0.4666666666666667,0.5
WMT,2025-02-20,bmo,2025-02-19,0,0.3122641542752311,0.348653257711433,-0.06528842009963032,-0.07500005204877358,-0.07711531420654916,-0.17490380643090853,107.1803401587924,60.82335773561969,46.783482373798904,40.675985538000766,1,1,0.2,0.3333333333333333
WMT,2025-05-15,bmo,2025-05-14,0,0.4209339987243914,0.35630031512946786,-0.004957228274268144,-0.0041310235618901014,0.0027883117973754867,-0.02468245859899232,7.8889257218045366,17.58062833087238,14.516996141310218,14.940768035700177,0,1,0.6333333333333333,0.4
WMT,2025-08-21,bmo,2025-08-20,0,0.5051549232186467,0.5450541192039605,-0.04494488213016068,-0.0632739047888149,-0.015989106030624423,-0.0023398417985884823,73.00086924113725,34.13262858195045,27.28226152671796,23.093724556149127,1,1,0.8666666666666667,1.0
WMT,2025-11-20,bmo,2025-11-19,0,0.3692514935918817,0.34753860867883907,0.06460587969904386,0.08438524489489829,0.1414371655092117,0.13898338754556439,99.38182416141753,52.66049779348796,39.330354021159245,30.10330726135629,1,1,0.4,0.3
WMT,2026-02-19,bmo,2026-02-18,0,,,-0.0138208693857369,-0.00687093266761829,0.009398215379559982,-0.04367399565344632,22.092976175964907,23.068802777755682,22.65686244703083,23.56910840200003,0,1,,
WMT,2026-05-21,bmo,2026-05-20,0,,,-0.07267871090584144,-0.09132597646333351,-0.10019111676139125,-0.10447080749484627,119.78139006602575,54.91685214472082,45.318540160712,33.323280475581306,1,1,,
XEL,2018-02-06,amc,2018-02-06,0,0.5784952127650373,0.5138535396421349,-0.006318734262338865,0.028785242088705587,0.022700775084334435,0.00936108350921705,10.062504407160468,17.388018138629334,21.017370527223644,21.48284857949027,0,1,0.9354838709677419,0.9032258064516129
XEL,2018-04-25,amc,2018-04-25,0,0.3669535915664687,0.42907051107859717,0.015512256547515202,0.01682332345177362,-0.02097460686202135,-0.020319180523201363,24.43590210523887,15.313389475620557,16.914167923768364,14.98572387704256,0,1,0.41935483870967744,0.7096774193548387
XEL,2018-07-25,amc,2018-07-25,0,0.6205112135107939,0.5218310825220044,0.026044504099621557,0.015320183932384657,0.03567467733086849,0.043772895973732906,40.815141039954945,22.367781155740897,17.243353495668618,13.569498956233787,1,1,1.0,0.9354838709677419
XEL,2018-10-24,amc,2018-10-24,0,0.5810373071720504,0.5385521305692603,-0.016514064175534138,-0.024870753075549312,-0.015121554454438857,0.011937811847171131,26.434137447364737,24.49004354973193,22.67137283039258,20.07022620524464,0,1,0.967741935483871,0.967741935483871
XEL,2019-01-30,amc,2019-01-30,0,0.5362048747333878,0.575622179507091,0.028279546021857227,0.029654272272082505,0.046150987274786726,0.0785545241533474,44.26933849952182,20.291782865903755,16.321664077369487,13.75408258749003,1,1,0.9032258064516129,1.0
XEL,2019-04-24,amc,2019-04-24,0,0.5209348130337749,0.4223694555660863,0.010467507585100844,0.008843169706364229,0.008482300974465673,0.06641416141478373,16.530287842211894,18.05943453978679,15.415132401075219,14.979892489527993,0,1,0.8709677419354839,0.6774193548387096
XEL,2019-07-31,amc,2019-07-31,0,0.274407221011124,0.36557462424551074,0.01929202917944628,0.019795409607325176,0.01962748423899341,0.08371071697801447,30.33348152481684,20.467961155528556,16.994572734618497,15.84227905742473,0,1,0.1935483870967742,0.3870967741935484
XEL,2019-10-24,bmo,2019-10-23,0,0.49298753556828406,0.49883578099397596,0.0015518055386547491,-0.017380585708943852,-0.049348288951646446,-0.04252027184636342,2.461505527672006,18.85246945958531,21.09847351686621,18.236279836191528,0,1,0.8387096774193549,0.8387096774193549
XEL,2020-01-29,amc,2020-01-29,0,0.41945702423370435,0.40928649267676853,0.019875417644315885,0.027884905028420004,0.023880161336367944,-0.07564508955414506,31.241793889436387,14.97475024413855,11.740416551248046,26.459018764579632,0,1,0.5806451612903226,0.6451612903225806
XEL,2020-05-06,amc,2020-05-06,0,0.3013230870488838,0.30937645431217775,-0.02058153918686756,-0.05161713713168392,-0.015844452880778404,0.06599157184545623,33.01308816878992,23.963021131163234,26.327491148261572,25.928263532314627,0,1,0.22580645161290322,0.25806451612903225
XEL,2020-07-29,amc,2020-07-29,0,0.15340125418814035,0.18787528435808556,0.003928369797088438,0.015422233713024758,0.040011577592810266,-0.0014552242349405997,6.223876867911278,12.717942059741164,23.780490187638197,19.949923827949306,0,1,0.03225806451612903,0.06451612903225806
XEL,2020-10-28,amc,2020-10-28,0,0.3089617759742628,0.33439902967900814,0.006831515336225946,0.03501306011606076,0.06305145005709933,-0.03757482960868541,10.807819392555402,22.948773333221745,19.144837487446697,21.65877188478692,0,1,0.2903225806451613,0.2903225806451613
XEL,2021-01-27,amc,2021-01-27,0,0.19884539765318335,0.2661050292358276,-0.002820712814434634,-0.010028276806974712,-0.024130489963048896,-0.0819492012886317,4.484069890152483,12.532551804909389,13.550257298064494,22.747049303696418,0,1,0.0967741935483871,0.0967741935483871
XEL,2021-04-28,amc,2021-04-28,0,0.36184886443386916,0.28995966521226196,0.01074374502559583,0.013465408600518813,0.005156992450777276,0.006589633729014555,16.964199284547256,15.654800578902005,19.795024470009057,17.000477235401597,0,1,0.3548387096774194,0.16129032258064516
XEL,2021-07-28,amc,2021-07-28,0,0.34800495490856703,0.3470566094918253,0.001310275404024397,0.0036391762836895936,0.005385819378685319,-0.0058221219401506374,2.078636225064651,7.160071058656182,6.877960217540753,12.166839529878564,0,1,0.3225806451612903,0.3225806451612903
XEL,2022-01-26,amc,2022-01-26,0,0.44896930992226186,0.4045904438299693,0.01952079923274419,0.02913310237506539,0.023217924255278355,-0.005767734340641706,30.6897292367492,23.432223706396016,17.531585984177877,21.49109024975575,0,1,0.6774193548387096,0.5483870967741935
XEL,2022-04-27,amc,2022-04-27,0,0.3874310201506739,0.3777951750590501,0.026175027994626232,0.0058926413070161665,0.013704407861476087,0.027271568025214687,41.017069008030845,28.14450839740435,21.087323801459686,18.092927196165085,1,1,0.4838709677419355,0.41935483870967744
XEL,2022-07-27,amc,2022-07-27,0,0.4120668998909106,0.4381181736716301,0.027899998847821683,0.05779351402876265,0.06918137232370958,0.08298917683298868,43.683288056276034,23.367253355556304,18.577290058715803,16.042706188486946,0,1,0.5483870967741935,0.7419354838709677
XEL,2022-10-26,amc,2022-10-26,0,0.2328712595716959,0.3078896128068859,0.01086795647427885,0.04379105100097802,0.04858564622976491,0.11283356777722453,17.159270931614234,26.99571533019996,20.86304528332462,26.9950409664595,0,1,0.12903225806451613,0.22580645161290322
XEL,2023-01-25,amc,2023-01-25,0,0.36469899911535963,0.35851017576170363,0.0035003626561094237,0.015314791202334144,-0.010356038050426397,-0.04011112477130052,5.546950935801653,12.457224752926287,17.45053690222762,16.22587524106496,0,1,0.3870967741935484,0.3548387096774194
XEL,2023-04-26,amc,2023-04-26,0,0.3061329161894025,0.2881807652715763,0.008323809968618479,-0.016934696351280754,-0.0054535348851028065,-0.0773536445194386,13.158948053835598,14.54227469604471,12.005106404148941,13.810789164136194,0,1,0.25806451612903225,0.12903225806451613
XEL,2023-07-26,amc,2023-07-26,0,0.16149018257236977,0.16662162659561036,-0.033512790565370154,-0.03335906842434222,-0.08239824984062771,-0.12359727734513615,54.111775190380015,24.308322372422346,23.28633797768514,18.31779426431331,1,1,0.06451612903225806,0.03225806451612903
XEL,2023-10-26,amc,2023-10-26,0,0.265582899104504,0.2945229997072597,-0.024426877642016454,0.021750108277712954,-0.017901915207360508,0.011376952772704563,39.257916515086194,25.31681404692111,20.57416816914767,20.239664074741178,0,1,0.16129032258064516,0.1935483870967742
XEL,2024-01-24,amc,2024-01-24,0,0.36763763356079643,0.3866444031168469,0.011507967070582659,0.028340721343647957,0.0025763190023049276,0.019065559320873504,18.164015249075664,10.747064679018898,20.2809536170396,16.47987144281578,0,1,0.45161290322580644,0.4838709677419355
XEL,2024-04-24,amc,2024-04-24,0,0.4640850511280898,0.37815455435919587,-0.005783604762979122,-0.028013790376565706,-0.007229487393924261,-0.023134047855923656,9.207840928342042,18.649036230654374,15.18505480615357,17.370102541567704,0,1,0.7419354838709677,0.45161290322580644
XEL,2024-07-31,amc,2024-07-31,0,0.419789304036152,0.43977526710030945,0.014241647166943316,0.00137273679831873,0.011667809276728613,0.05336314585086033,22.448439368522827,25.487837895113273,23.70557331436877,19.9240893464168,0,1,0.6129032258064516,0.7741935483870968
XEL,2024-10-30,amc,2024-10-30,0,0.4290005467188033,0.40894264308387446,0.05963526890762649,0.0545598547715056,0.08881856451055392,0.15083274797175883,91.95271055310793,42.57406152867502,32.83102840767256,24.721153097800777,1,1,0.6451612903225806,0.6129032258064516
XEL,2025-02-05,amc,2025-02-05,0,0.4765409112129773,0.3976433553018787,-0.012214748925391539,-0.008094132001430054,0.020162014443283027,0.0007357445954192521,19.50970995848991,11.453020422460593,11.87939336182254,17.84261644515802,0,1,0.7741935483870968,0.5161290322580645
XEL,2025-04-23,amc,2025-04-23,0,0.4916932274030271,0.513400785349033,-0.017609989841072538,-0.011879716348026315,-0.002655441232832234,-0.032704520179646535,28.204064225942734,22.11781461036788,16.208705137935787,26.558175786888498,0,1,0.8064516129032258,0.8709677419354839
XEL,2025-07-30,amc,2025-07-30,0,0.4100529252578358,0.45134125363953376,0.014504765716565338,0.012570818682877904,0.00732153387715484,-0.0006908583330834661,22.86020867420507,14.162452059532052,11.764426268346655,13.29268872743967,0,1,0.5161290322580645,0.8064516129032258
XEL,2025-10-29,amc,2025-10-29,0,0.45720050555579095,0.4057068814567268,0.023842309521216798,0.01882285016846752,0.012925017254116211,0.030367636056833236,37.40434114848708,17.7288459407428,14.783826909371395,13.902680286068108,1,1,0.7096774193548387,0.5806451612903226
XEL,2026-02-04,amc,2026-02-04,0,,,-0.0010496749605114486,0.022572229049665715,0.06062993302262787,0.08293966711411738,1.667182494796216,11.887819448587825,22.488276931806944,18.277802034851735,0,1,,
XEL,2026-04-29,amc,2026-04-29,0,,,0.052397846994873376,0.021948824436224035,0.013829072083892058,0.008627273446299322,81.07305531181088,39.27239484575535,29.853679631287346,25.28189851490016,1,1,,
