date,ndx,spx,iwm
2009-08-03,0.40212,0.38247,0.35461
2009-08-04,0.38443,0.38732,0.36876
2009-08-05,0.39132,0.37155,0.37393
2009-08-06,0.39276,0.38014,0.35969
2009-08-07,0.39509,0.39244,0.3454
2009-08-10,0.42399,0.38388,0.3793
2009-08-11,0.41453,0.40262,0.36626
2009-08-12,0.42307,0.43058,0.35291
2009-08-13,0.44898,0.38929,0.34542
2009-08-14,0.43546,0.40637,0.37953
2009-08-17,0.39116,0.37995,0.37484
2009-08-18,0.43742,0.3862,0.37813
2009-08-19,0.4129,0.39926,0.36647
2009-08-20,0.45367,0.41502,0.36021
2009-08-21,0.42292,0.38881,0.34529
2009-08-24,0.4501,0.40796,0.36318
2009-08-25,0.4192,0.40331,0.35829
2009-08-26,0.40974,0.36665,0.36476
2009-08-27,0.42431,0.39026,0.37131
2009-08-28,0.41483,0.39697,0.3779
2009-08-31,0.42976,0.39532,0.38705
2009-09-01,0.4186,0.40239,0.39714
2009-09-02,0.42437,0.42804,0.39749
2009-09-03,0.41471,0.43036,0.38182
2009-09-04,0.43505,0.42017,0.38345
2009-09-08,0.42316,0.40815,0.36797
2009-09-09,0.46231,0.40687,0.37477
2009-09-10,0.44496,0.41542,0.36718
2009-09-11,0.47596,0.42706,0.38651
2009-09-14,0.41029,0.40842,0.38922
2009-09-15,0.43739,0.38613,0.37141
2009-09-16,0.44798,0.39876,0.3524
2009-09-17,0.42678,0.39141,0.34893
2009-09-18,0.41623,0.38946,0.38427
2009-09-21,0.41938,0.41062,0.36522
2009-09-22,0.43514,0.40467,0.36419
2009-09-23,0.43,0.41125,0.36682
2009-09-24,0.42842,0.42387,0.36067
2009-09-25,0.37958,0.40126,0.37244
2009-09-28,0.41294,0.40318,0.35652
2009-09-29,0.43644,0.39546,0.3636
2009-09-30,0.40689,0.41214,0.38131
2009-10-01,0.44494,0.43409,0.39876
2009-10-02,0.41621,0.41329,0.39805
2009-10-05,0.4048,0.4053,0.38448
2009-10-06,0.43016,0.40224,0.37329
2009-10-07,0.46905,0.41756,0.3875
2009-10-08,0.42888,0.40218,0.35559
2009-10-09,0.40181,0.39569,0.36636
2009-10-12,0.3966,0.38481,0.3672
2009-10-13,0.40296,0.38041,0.36003
2009-10-14,0.40206,0.38501,0.35797
2009-10-15,0.3868,0.38081,0.3676
2009-10-16,0.41834,0.41605,0.41158
2009-10-19,0.36025,0.39014,0.37182
2009-10-20,0.35722,0.38558,0.37946
2009-10-21,0.42529,0.41213,0.38477
2009-10-22,0.39475,0.40645,0.37545
2009-10-23,0.43284,0.41372,0.40551
2009-10-26,0.44108,0.41512,0.39
2009-10-27,0.39697,0.39012,0.37111
2009-10-28,0.36379,0.37446,0.38077
2009-10-29,0.40343,0.40514,0.40693
2009-10-30,0.3702,0.4215,0.43156
2009-11-02,0.36476,0.40882,0.40948
2009-11-03,0.397,0.43886,0.3895
2009-11-04,0.42699,0.43649,0.40549
2009-11-05,0.43529,0.40422,0.38259
2009-11-06,0.44397,0.41623,0.40324
2009-11-09,0.41205,0.40349,0.37891
2009-11-10,0.44153,0.39696,0.37902
2009-11-11,0.42672,0.40978,0.389
2009-11-12,0.44363,0.40972,0.40655
2009-11-13,0.43324,0.40047,0.37605
2009-11-16,0.4245,0.38397,0.3382
2009-11-17,0.42336,0.40472,0.36751
2009-11-18,0.37158,0.38375,0.36727
2009-11-19,0.35492,0.38855,0.39802
2009-11-20,0.36655,0.38727,0.38402
2009-11-23,0.40161,0.37735,0.36883
2009-11-24,0.42465,0.39368,0.39369
2009-11-25,0.33837,0.35836,0.37983
2009-11-27,0.45405,0.43453,0.40858
2009-11-30,0.387,0.37506,0.39636
2009-12-01,0.36114,0.35858,0.38528
2009-12-02,0.40859,0.38748,0.37619
2009-12-03,0.40095,0.37661,0.36687
2009-12-04,0.38947,0.38682,0.36557
2009-12-07,0.37901,0.37891,0.38446
2009-12-08,0.39798,0.37632,0.39235
2009-12-09,0.4031,0.36916,0.38699
2009-12-10,0.42925,0.39496,0.37011
2009-12-11,0.40579,0.37076,0.3523
2009-12-14,0.38451,0.40485,0.37269
2009-12-15,0.36905,0.37914,0.36514
2009-12-16,0.37826,0.37312,0.36942
2009-12-17,0.39646,0.37075,0.36867
2009-12-18,0.38514,0.36056,0.40533
2009-12-21,0.37988,0.35077,0.37828
2009-12-22,0.40312,0.36763,0.36501
2009-12-23,0.40915,0.37165,0.37128
2009-12-24,0.41312,0.37062,0.37217
2009-12-28,0.38244,0.37162,0.38311
2009-12-29,0.38856,0.35723,0.37075
2009-12-30,0.36976,0.34372,0.39971
2009-12-31,0.3886,0.35938,0.40797
2010-01-04,0.38358,0.3613,0.38995
2010-01-05,0.38761,0.37234,0.36795
2010-01-06,0.36255,0.38056,0.37069
2010-01-07,0.34297,0.38739,0.37561
2010-01-08,0.40175,0.40871,0.407
2010-01-11,0.39893,0.40076,0.38659
2010-01-12,0.40155,0.40191,0.39777
2010-01-13,0.38798,0.38782,0.38227
2010-01-14,0.46007,0.42038,0.40224
2010-01-15,0.44742,0.41778,0.40897
2010-01-19,0.39516,0.39009,0.35879
2010-01-20,0.43864,0.41163,0.40162
2010-01-21,0.43094,0.40258,0.37957
2010-01-22,0.3878,0.39602,0.40762
2010-01-25,0.40246,0.39913,0.41318
2010-01-26,0.44524,0.42025,0.38564
2010-01-27,0.44629,0.41428,0.37132
2010-01-28,0.40843,0.40494,0.41313
2010-01-29,0.37661,0.38967,0.40645
2010-02-01,0.38617,0.38435,0.39497
2010-02-02,0.416,0.41236,0.41112
2010-02-03,0.4514,0.42488,0.41559
2010-02-04,0.42089,0.41198,0.41902
2010-02-05,0.45561,0.42445,0.3946
2010-02-08,0.43186,0.43941,0.4186
2010-02-09,0.4289,0.42319,0.39915
2010-02-10,0.46288,0.41905,0.38514
2010-02-11,0.44515,0.42477,0.37068
2010-02-12,0.47026,0.4441,0.4099
2010-02-16,0.46174,0.40734,0.39112
2010-02-17,0.44254,0.41294,0.37714
2010-02-18,0.4432,0.4296,0.35915
2010-02-19,0.4276,0.42093,0.36786
2010-02-22,0.39936,0.41837,0.38606
2010-02-23,0.41642,0.42506,0.40312
2010-02-24,0.44426,0.40471,0.38639
2010-02-25,0.45289,0.41813,0.40649
2010-02-26,0.42425,0.39865,0.39736
2010-03-01,0.42538,0.40557,0.40027
2010-03-02,0.43367,0.4173,0.39368
2010-03-03,0.43947,0.41651,0.38412
2010-03-04,0.45326,0.42214,0.39463
2010-03-05,0.44258,0.41394,0.37958
2010-03-08,0.41309,0.40557,0.40283
2010-03-09,0.46046,0.41351,0.38429
2010-03-10,0.46906,0.42677,0.38208
2010-03-11,0.45654,0.41032,0.38702
2010-03-12,0.43091,0.40234,0.38389
2010-03-15,0.4067,0.40436,0.37744
2010-03-16,0.41835,0.42221,0.38576
2010-03-17,0.42267,0.41893,0.37255
2010-03-18,0.41621,0.40448,0.37316
2010-03-19,0.40726,0.404,0.3951
2010-03-22,0.4394,0.41338,0.36415
2010-03-23,0.45318,0.42458,0.39532
2010-03-24,0.44826,0.41628,0.41183
2010-03-25,0.4168,0.39941,0.37958
2010-03-26,0.44387,0.41808,0.39449
2010-03-29,0.41578,0.39065,0.36963
2010-03-30,0.45648,0.42379,0.39065
2010-03-31,0.42006,0.40981,0.40038
2010-04-01,0.4147,0.40015,0.41287
2010-04-05,0.45403,0.4091,0.39543
2010-04-06,0.44013,0.40418,0.39354
2010-04-07,0.47703,0.41811,0.41587
2010-04-08,0.45248,0.41938,0.39493
2010-04-09,0.4381,0.41437,0.3913
2010-04-12,0.46916,0.41227,0.38104
2010-04-13,0.44385,0.40243,0.37275
2010-04-14,0.4447,0.3976,0.35957
2010-04-15,0.46163,0.40897,0.38315
2010-04-16,0.41154,0.39128,0.37969
2010-04-19,0.38801,0.36696,0.38952
2010-04-20,0.41093,0.38492,0.38627
2010-04-21,0.40293,0.39701,0.39772
2010-04-22,0.41234,0.39745,0.38984
2010-04-23,0.44933,0.40804,0.38091
2010-04-26,0.42118,0.38691,0.36545
2010-04-27,0.40781,0.3955,0.38332
2010-04-28,0.40857,0.40297,0.3976
2010-04-29,0.44433,0.40549,0.37696
2010-04-30,0.43577,0.39394,0.38814
2010-05-03,0.41387,0.40233,0.38555
2010-05-04,0.41342,0.40759,0.40031
2010-05-05,0.37155,0.38242,0.40482
2010-05-06,0.35502,0.3723,0.40538
2010-05-07,0.34882,0.37942,0.39894
2010-05-10,0.37987,0.39183,0.39757
2010-05-11,0.3979,0.41829,0.40771
2010-05-12,0.41194,0.41355,0.40303
2010-05-13,0.41383,0.4205,0.42247
2010-05-14,0.39377,0.3984,0.42352
2010-05-17,0.44489,0.39875,0.42508
2010-05-18,0.42987,0.38883,0.43123
2010-05-19,0.40041,0.38422,0.40694
2010-05-20,0.37183,0.37826,0.41444
2010-05-21,0.38119,0.39476,0.4057
2010-05-24,0.39891,0.40972,0.42052
2010-05-25,0.39323,0.40057,0.40947
2010-05-26,0.39549,0.40221,0.4251
2010-05-27,0.39015,0.39819,0.38689
2010-05-28,0.42476,0.42037,0.42773
2010-06-01,0.47664,0.43469,0.4465
2010-06-02,0.46743,0.42077,0.40502
2010-06-03,0.46697,0.43395,0.42812
2010-06-04,0.46105,0.45488,0.47795
2010-06-07,0.45017,0.42894,0.43554
2010-06-08,0.41615,0.41097,0.4265
2010-06-09,0.41083,0.42019,0.42201
2010-06-10,0.4048,0.3997,0.40909
2010-06-11,0.42769,0.43336,0.43514
2010-06-14,0.41811,0.41555,0.40988
2010-06-15,0.41208,0.39562,0.39959
2010-06-16,0.44827,0.42781,0.42196
2010-06-17,0.43263,0.43502,0.41425
2010-06-18,0.46105,0.43231,0.42954
2010-06-21,0.37227,0.3992,0.38991
2010-06-22,0.41931,0.4131,0.41881
2010-06-23,0.35627,0.38395,0.40406
2010-06-24,0.39708,0.3915,0.43861
2010-06-25,0.38157,0.38186,0.4013
2010-06-28,0.36721,0.38559,0.41654
2010-06-29,0.35659,0.39615,0.42868
2010-06-30,0.38552,0.40195,0.42661
2010-07-01,0.38024,0.40141,0.41166
2010-07-02,0.38313,0.41702,0.43971
2010-07-06,0.4354,0.42469,0.42201
2010-07-07,0.44272,0.41814,0.41744
2010-07-08,0.43342,0.43017,0.44551
2010-07-09,0.4127,0.41324,0.43123
2010-07-12,0.42771,0.43797,0.44215
2010-07-13,0.40264,0.41498,0.39422
2010-07-14,0.44252,0.42012,0.42852
2010-07-15,0.43567,0.42408,0.4193
2010-07-16,0.4561,0.43332,0.42832
2010-07-19,0.32826,0.36521,0.4006
2010-07-20,0.40043,0.38915,0.40969
2010-07-21,0.37313,0.39783,0.42477
2010-07-22,0.38444,0.37864,0.35936
2010-07-23,0.37954,0.39753,0.39429
2010-07-26,0.36791,0.37863,0.39106
2010-07-27,0.35842,0.36922,0.372
2010-07-28,0.36828,0.38617,0.39273
2010-07-29,0.36557,0.37443,0.39707
2010-07-30,0.36655,0.35892,0.4075
2010-08-02,0.36705,0.36874,0.3873
2010-08-03,0.40493,0.37721,0.38904
2010-08-04,0.44861,0.40116,0.37676
2010-08-05,0.44572,0.41017,0.3875
2010-08-06,0.43696,0.41135,0.3872
2010-08-09,0.4235,0.36985,0.37491
2010-08-10,0.46263,0.40651,0.39704
2010-08-11,0.41066,0.40638,0.42903
2010-08-12,0.43883,0.40369,0.42058
2010-08-13,0.41912,0.39286,0.42288
2010-08-16,0.41716,0.38901,0.39423
2010-08-17,0.42982,0.3955,0.39455
2010-08-18,0.42264,0.39377,0.42542
2010-08-19,0.42525,0.42359,0.43177
2010-08-20,0.42111,0.41208,0.42003
2010-08-23,0.40134,0.39892,0.40437
2010-08-24,0.36797,0.39508,0.3959
2010-08-25,0.37131,0.36668,0.39282
2010-08-26,0.41704,0.41162,0.41989
2010-08-27,0.3845,0.3812,0.37904
2010-08-30,0.4487,0.43884,0.42237
2010-08-31,0.43846,0.41769,0.4093
2010-09-01,0.39285,0.38591,0.35906
2010-09-02,0.4352,0.41489,0.393
2010-09-03,0.42041,0.39853,0.37202
2010-09-07,0.42453,0.42195,0.42652
2010-09-08,0.43647,0.40207,0.39846
2010-09-09,0.41323,0.39391,0.37961
2010-09-10,0.42192,0.39116,0.3919
2010-09-13,0.41673,0.39506,0.3807
2010-09-14,0.44202,0.42273,0.39754
2010-09-15,0.44036,0.41093,0.36825
2010-09-16,0.52363,0.44506,0.38729
2010-09-17,0.43194,0.40792,0.39646
2010-09-20,0.43752,0.40367,0.3515
2010-09-21,0.39083,0.39344,0.37471
2010-09-22,0.4405,0.40481,0.38175
2010-09-23,0.45001,0.4011,0.36468
2010-09-24,0.39818,0.36742,0.33815
2010-09-27,0.43067,0.38716,0.34922
2010-09-28,0.40924,0.38372,0.36291
2010-09-29,0.41403,0.38753,0.38422
2010-09-30,0.42408,0.39475,0.37039
2010-10-01,0.39443,0.3792,0.36167
2010-10-04,0.39456,0.39023,0.39417
2010-10-05,0.40965,0.37098,0.34526
2010-10-06,0.4213,0.38722,0.36937
2010-10-07,0.42701,0.41977,0.37969
2010-10-08,0.41941,0.40066,0.36081
2010-10-11,0.40963,0.39966,0.37224
2010-10-12,0.44533,0.4055,0.38885
2010-10-13,0.41079,0.38318,0.35396
2010-10-14,0.40507,0.39438,0.35686
2010-10-15,0.46105,0.39592,0.353
2010-10-18,0.43928,0.40113,0.33871
2010-10-19,0.45599,0.41038,0.37997
2010-10-20,0.41679,0.37746,0.35238
2010-10-21,0.39907,0.39392,0.37185
2010-10-22,0.39613,0.37216,0.36228
2010-10-25,0.40636,0.37093,0.35176
2010-10-26,0.40747,0.38935,0.35764
2010-10-27,0.41183,0.38436,0.40363
2010-10-28,0.42002,0.37328,0.34721
2010-10-29,0.38685,0.37667,0.36294
2010-11-01,0.37421,0.38414,0.36717
2010-11-02,0.37836,0.37137,0.35195
2010-11-03,0.39118,0.3871,0.36765
2010-11-04,0.34589,0.34515,0.33913
2010-11-05,0.36106,0.35175,0.33575
2010-11-08,0.35906,0.37289,0.3639
2010-11-09,0.35037,0.35829,0.3649
2010-11-10,0.35411,0.33908,0.35708
2010-11-11,0.32408,0.35716,0.36641
2010-11-12,0.30713,0.33974,0.36977
2010-11-15,0.32463,0.34477,0.3487
2010-11-16,0.32622,0.35488,0.36612
2010-11-17,0.35805,0.36389,0.39327
2010-11-18,0.35663,0.34872,0.34433
2010-11-19,0.34516,0.35448,0.3564
2010-11-22,0.34066,0.40477,0.44021
2010-11-23,0.41609,0.39285,0.3704
2010-11-24,0.36262,0.3543,0.34859
2010-11-26,0.41192,0.40424,0.37446
2010-11-29,0.35276,0.3827,0.36249
2010-11-30,0.3282,0.35608,0.36797
2010-12-01,0.29476,0.32635,0.31827
2010-12-02,0.32313,0.35413,0.34005
2010-12-03,0.32942,0.36119,0.35276
2010-12-06,0.38191,0.38507,0.34588
2010-12-07,0.39331,0.36233,0.33874
2010-12-08,0.38255,0.36614,0.35385
2010-12-09,0.39751,0.37205,0.36209
2010-12-10,0.37167,0.35504,0.34603
2010-12-13,0.35903,0.35092,0.34032
2010-12-14,0.37555,0.35326,0.33869
2010-12-15,0.38662,0.37765,0.35743
2010-12-16,0.37134,0.35413,0.34785
2010-12-17,0.36375,0.35825,0.36062
2010-12-20,0.36368,0.35878,0.35072
2010-12-21,0.39241,0.37478,0.33687
2010-12-22,0.3748,0.3661,0.33581
2010-12-23,0.32807,0.36116,0.32888
2010-12-27,0.37582,0.36218,0.34592
2010-12-28,0.40421,0.37235,0.34977
2010-12-29,0.38146,0.37521,0.3575
2010-12-30,0.38283,0.39259,0.35798
2010-12-31,0.39541,0.38904,0.40788
2011-01-03,0.36022,0.34966,0.34588
2011-01-04,0.38512,0.37652,0.35799
2011-01-05,0.40771,0.37305,0.35395
2011-01-06,0.41093,0.38851,0.36463
2011-01-07,0.42752,0.38615,0.37184
2011-01-10,0.39945,0.38344,0.36422
2011-01-11,0.42509,0.3821,0.35194
2011-01-12,0.4097,0.36902,0.35284
2011-01-13,0.40852,0.38522,0.36631
2011-01-14,0.37129,0.36328,0.32957
2011-01-18,0.3966,0.36445,0.34471
2011-01-19,0.42013,0.38827,0.35965
2011-01-20,0.40587,0.37372,0.34962
2011-01-21,0.38798,0.37781,0.37586
2011-01-24,0.31563,0.34221,0.36165
2011-01-25,0.37432,0.36567,0.37797
2011-01-26,0.37755,0.36171,0.35912
2011-01-27,0.39993,0.37712,0.38502
2011-01-28,0.35352,0.37808,0.3786
2011-01-31,0.33964,0.36134,0.38309
2011-02-01,0.34991,0.3546,0.38398
2011-02-02,0.35212,0.37619,0.36729
2011-02-03,0.32731,0.35836,0.3761
2011-02-04,0.33792,0.36105,0.37417
2011-02-07,0.34621,0.35579,0.35148
2011-02-08,0.36563,0.37746,0.37945
2011-02-09,0.35251,0.37318,0.38863
2011-02-10,0.31608,0.33492,0.37845
2011-02-11,0.37905,0.37847,0.35332
2011-02-14,0.37123,0.37682,0.35629
2011-02-15,0.36099,0.36452,0.36935
2011-02-16,0.37086,0.3847,0.37121
2011-02-17,0.3718,0.37168,0.36729
2011-02-18,0.37272,0.37137,0.35345
2011-02-22,0.29459,0.33863,0.35884
2011-02-23,0.31181,0.33903,0.36962
2011-02-24,0.37066,0.34793,0.36128
2011-02-25,0.34803,0.35483,0.36916
2011-02-28,0.34934,0.35916,0.38041
2011-03-01,0.3628,0.38591,0.39113
2011-03-02,0.37076,0.37191,0.37741
2011-03-03,0.3719,0.37462,0.36032
2011-03-04,0.38128,0.3983,0.39488
2011-03-07,0.37922,0.3797,0.39924
2011-03-08,0.36342,0.36192,0.37029
2011-03-09,0.3595,0.38146,0.37225
2011-03-10,0.38296,0.38934,0.3943
2011-03-11,0.39513,0.38745,0.36504
2011-03-14,0.42609,0.4183,0.39241
2011-03-15,0.36793,0.38819,0.37254
2011-03-16,0.34167,0.37722,0.39079
2011-03-17,0.33748,0.3791,0.37577
2011-03-18,0.35183,0.38711,0.40142
2011-03-21,0.34299,0.35494,0.36695
2011-03-22,0.35577,0.36509,0.37915
2011-03-23,0.41737,0.40019,0.36838
2011-03-24,0.38247,0.38129,0.3753
2011-03-25,0.35723,0.37753,0.35397
2011-03-28,0.38483,0.37593,0.3717
2011-03-29,0.3364,0.35579,0.34963
2011-03-30,0.35862,0.37307,0.36592
2011-03-31,0.3591,0.3764,0.3741
2011-04-01,0.3848,0.36588,0.35436
2011-04-04,0.32235,0.35439,0.35485
2011-04-05,0.33969,0.37058,0.35669
2011-04-06,0.34484,0.36009,0.3615
2011-04-07,0.35447,0.38197,0.36619
2011-04-08,0.38094,0.38856,0.37635
2011-04-11,0.34166,0.37397,0.36181
2011-04-12,0.3869,0.38091,0.35557
2011-04-13,0.38313,0.39429,0.39426
2011-04-14,0.38633,0.38253,0.374
2011-04-15,0.3753,0.38811,0.37457
2011-04-18,0.38285,0.39561,0.39301
2011-04-19,0.41305,0.404,0.37622
2011-04-20,0.37471,0.36276,0.35789
2011-04-21,0.37003,0.37708,0.37872
2011-04-25,0.37559,0.37844,0.37109
2011-04-26,0.38878,0.36701,0.33486
2011-04-27,0.39417,0.37264,0.3634
2011-04-28,0.3899,0.39171,0.35404
2011-04-29,0.38629,0.38173,0.37033
2011-05-02,0.36009,0.37489,0.38454
2011-05-03,0.36865,0.3837,0.38642
2011-05-04,0.40379,0.39155,0.38218
2011-05-05,0.4097,0.39629,0.36244
2011-05-06,0.43535,0.42003,0.39841
2011-05-09,0.42418,0.40737,0.38
2011-05-10,0.42789,0.39747,0.37172
2011-05-11,0.41742,0.4054,0.39821
2011-05-12,0.39236,0.38518,0.36941
2011-05-13,0.3888,0.40453,0.40818
2011-05-16,0.37644,0.38407,0.39217
2011-05-17,0.41609,0.39122,0.38252
2011-05-18,0.43475,0.40303,0.39067
2011-05-19,0.41923,0.39072,0.39952
2011-05-20,0.41727,0.41107,0.40604
2011-05-23,0.39285,0.40458,0.39588
2011-05-24,0.38234,0.38836,0.40731
2011-05-25,0.40314,0.40031,0.40462
2011-05-26,0.39238,0.3968,0.38484
2011-05-27,0.42484,0.39935,0.39381
2011-05-31,0.38964,0.40098,0.39383
2011-06-01,0.40904,0.44354,0.43515
2011-06-02,0.41901,0.41093,0.41686
2011-06-03,0.43924,0.43167,0.44
2011-06-06,0.387,0.39683,0.38936
2011-06-07,0.36088,0.39944,0.39987
2011-06-08,0.37363,0.40237,0.4093
2011-06-09,0.38469,0.41619,0.39034
2011-06-10,0.39749,0.43493,0.40842
2011-06-13,0.3829,0.4068,0.40105
2011-06-14,0.41733,0.42637,0.39122
2011-06-15,0.39278,0.4268,0.43969
2011-06-16,0.35995,0.38449,0.39671
2011-06-17,0.37038,0.40702,0.41568
2011-06-20,0.31828,0.36636,0.39083
2011-06-21,0.40442,0.42055,0.38156
2011-06-22,0.43631,0.44206,0.41047
2011-06-23,0.48427,0.44655,0.39928
2011-06-24,0.46543,0.44413,0.42423
2011-06-27,0.44511,0.42163,0.4001
2011-06-28,0.45874,0.43388,0.37924
2011-06-29,0.45992,0.42181,0.39023
2011-06-30,0.40599,0.40903,0.39833
2011-07-01,0.40599,0.4186,0.40652
2011-07-05,0.42137,0.41583,0.40288
2011-07-06,0.43427,0.43783,0.38258
2011-07-07,0.44252,0.41443,0.38567
2011-07-08,0.42799,0.43731,0.4068
2011-07-11,0.41637,0.41778,0.3959
2011-07-12,0.42995,0.42788,0.40757
2011-07-13,0.445,0.42827,0.39301
2011-07-14,0.44643,0.43428,0.42676
2011-07-15,0.4193,0.41919,0.41116
2011-07-18,0.37313,0.41356,0.41855
2011-07-19,0.39478,0.41002,0.38677
2011-07-20,0.42431,0.4376,0.4029
2011-07-21,0.43777,0.41755,0.37181
2011-07-22,0.4623,0.44419,0.40796
2011-07-25,0.45555,0.4409,0.39877
2011-07-26,0.41364,0.41537,0.39338
2011-07-27,0.42151,0.41821,0.39923
2011-07-28,0.42092,0.40561,0.37764
2011-07-29,0.38855,0.39528,0.38402
2011-08-01,0.44448,0.43577,0.42225
2011-08-02,0.45066,0.44324,0.41413
2011-08-03,0.42469,0.43069,0.38274
2011-08-04,0.41124,0.42339,0.38477
2011-08-05,0.39949,0.42136,0.39203
2011-08-08,0.41207,0.41731,0.39504
2011-08-09,0.45324,0.4224,0.37219
2011-08-10,0.46856,0.46017,0.43799
2011-08-11,0.44277,0.4326,0.39249
2011-08-12,0.44629,0.45108,0.42663
2011-08-15,0.44125,0.45936,0.41021
2011-08-16,0.4457,0.46055,0.43882
2011-08-17,0.48355,0.47928,0.44693
2011-08-18,0.42703,0.45524,0.46544
2011-08-19,0.46728,0.45427,0.46544
2011-08-22,0.45398,0.4478,0.44045
2011-08-23,0.5047,0.46648,0.42603
2011-08-24,0.49535,0.4799,0.42939
2011-08-25,0.52271,0.48943,0.46615
2011-08-26,0.51182,0.48159,0.42491
2011-08-29,0.50893,0.48074,0.42503
2011-08-30,0.47932,0.47127,0.43894
2011-08-31,0.47908,0.45484,0.44767
2011-09-01,0.49679,0.48033,0.46083
2011-09-02,0.47132,0.48738,0.49992
2011-09-06,0.52386,0.49357,0.46828
2011-09-07,0.49925,0.46034,0.45282
2011-09-08,0.46027,0.47061,0.45407
2011-09-09,0.46262,0.49014,0.49254
2011-09-12,0.48609,0.47466,0.43542
2011-09-13,0.50131,0.48404,0.42055
2011-09-14,0.46834,0.46581,0.43729
2011-09-15,0.42986,0.44737,0.43704
2011-09-16,0.45345,0.47417,0.47319
2011-09-19,0.45956,0.46971,0.45561
2011-09-20,0.45533,0.45736,0.42631
2011-09-21,0.42919,0.44685,0.44714
2011-09-22,0.4515,0.47823,0.44348
2011-09-23,0.44539,0.45552,0.40049
2011-09-26,0.45973,0.45774,0.41292
2011-09-27,0.46074,0.4483,0.41138
2011-09-28,0.46161,0.47987,0.49053
2011-09-29,0.44049,0.45107,0.44386
2011-09-30,0.42018,0.4705,0.47643
2011-10-03,0.45936,0.47264,0.45367
2011-10-04,0.44393,0.45784,0.41735
2011-10-05,0.50568,0.48084,0.43594
2011-10-06,0.47817,0.47882,0.43607
2011-10-07,0.4488,0.47363,0.47791
2011-10-10,0.4621,0.4497,0.38797
2011-10-11,0.47793,0.47594,0.40812
2011-10-12,0.49513,0.47129,0.40643
2011-10-13,0.4764,0.49237,0.42709
2011-10-14,0.45064,0.45064,0.40519
2011-10-17,0.46488,0.48629,0.44785
2011-10-18,0.46947,0.45684,0.38791
2011-10-19,0.47122,0.46729,0.43512
2011-10-20,0.48395,0.4853,0.41162
2011-10-21,0.44646,0.44809,0.38819
2011-10-24,0.43624,0.42102,0.39107
2011-10-25,0.41286,0.43884,0.41742
2011-10-26,0.42242,0.42352,0.39768
2011-10-27,0.37033,0.39339,0.35762
2011-10-28,0.39879,0.42969,0.37213
2011-10-31,0.41503,0.43757,0.44097
2011-11-01,0.43949,0.44865,0.45176
2011-11-02,0.45823,0.44592,0.39399
2011-11-03,0.442,0.44088,0.3816
2011-11-04,0.45403,0.466,0.42575
2011-11-07,0.41943,0.44441,0.43389
2011-11-08,0.4028,0.42429,0.40025
2011-11-09,0.44502,0.47802,0.44927
2011-11-10,0.37854,0.41524,0.38724
2011-11-11,0.3873,0.41989,0.37329
2011-11-14,0.3865,0.44884,0.4291
2011-11-15,0.41291,0.42897,0.38346
2011-11-16,0.4439,0.45501,0.415
2011-11-17,0.43772,0.46447,0.43409
2011-11-18,0.41681,0.45286,0.42291
2011-11-21,0.40014,0.44732,0.41792
2011-11-22,0.47644,0.46514,0.42712
2011-11-23,0.44345,0.45748,0.45561
2011-11-25,0.44915,0.46468,0.45294
2011-11-28,0.46334,0.45887,0.41564
2011-11-29,0.47143,0.45065,0.4093
2011-11-30,0.39933,0.39726,0.36446
2011-12-01,0.46391,0.44177,0.41421
2011-12-02,0.43478,0.43445,0.40834
2011-12-05,0.42657,0.43576,0.36972
2011-12-06,0.43898,0.4329,0.37494
2011-12-07,0.43388,0.43967,0.40792
2011-12-08,0.45796,0.46719,0.42469
2011-12-09,0.41762,0.43565,0.37887
2011-12-12,0.47567,0.49044,0.42843
2011-12-13,0.47565,0.45973,0.41932
2011-12-14,0.41278,0.43618,0.4036
2011-12-15,0.4239,0.42293,0.37054
2011-12-16,0.4418,0.44899,0.46085
2011-12-19,0.42406,0.44825,0.42515
2011-12-20,0.38309,0.40285,0.36948
2011-12-21,0.40431,0.42879,0.40773
2011-12-22,0.43981,0.43647,0.39808
2011-12-23,0.43256,0.43084,0.40674
2011-12-27,0.47416,0.43704,0.40772
2011-12-28,0.45143,0.45235,0.40284
2011-12-29,0.43768,0.43343,0.40691
2011-12-30,0.45993,0.42309,0.46423
2012-01-03,0.42746,0.40793,0.3974
2012-01-04,0.48833,0.45764,0.39875
2012-01-05,0.46819,0.45713,0.39548
2012-01-06,0.47431,0.45056,0.40153
2012-01-09,0.42448,0.4335,0.41616
2012-01-10,0.40489,0.41851,0.3913
2012-01-11,0.44745,0.4479,0.38286
2012-01-12,0.45371,0.44833,0.39353
2012-01-13,0.44939,0.45879,0.396
2012-01-17,0.41902,0.41873,0.39856
2012-01-18,0.4317,0.43909,0.3853
2012-01-19,0.43763,0.44165,0.38575
2012-01-20,0.42257,0.43333,0.37642
2012-01-23,0.37163,0.42022,0.37519
2012-01-24,0.34534,0.4188,0.3912
2012-01-25,0.35191,0.40592,0.38353
2012-01-26,0.43134,0.41959,0.39213
2012-01-27,0.41858,0.43328,0.38241
2012-01-30,0.4751,0.46076,0.40641
2012-01-31,0.4665,0.4493,0.41935
2012-02-01,0.41524,0.41871,0.39051
2012-02-02,0.44254,0.43229,0.37874
2012-02-03,0.40674,0.40902,0.37219
2012-02-06,0.43373,0.43816,0.40333
2012-02-07,0.44278,0.43813,0.3921
2012-02-08,0.44455,0.43894,0.39204
2012-02-09,0.44774,0.43621,0.36222
2012-02-10,0.45296,0.45438,0.38488
2012-02-13,0.44148,0.43986,0.38985
2012-02-14,0.44493,0.43685,0.41244
2012-02-15,0.39769,0.4155,0.39471
2012-02-16,0.3728,0.39605,0.38892
2012-02-17,0.40433,0.404,0.38574
2012-02-21,0.41118,0.41938,0.39558
2012-02-22,0.39742,0.41739,0.40879
2012-02-23,0.38364,0.407,0.38392
2012-02-24,0.41942,0.42849,0.42941
2012-02-27,0.45237,0.43825,0.40149
2012-02-28,0.40025,0.41848,0.4061
2012-02-29,0.48737,0.45971,0.43307
2012-03-01,0.48369,0.46101,0.41351
2012-03-02,0.44675,0.44864,0.42661
2012-03-05,0.42264,0.43319,0.40539
2012-03-06,0.41362,0.42812,0.41166
2012-03-07,0.4785,0.46272,0.4127
2012-03-08,0.42372,0.43753,0.41859
2012-03-09,0.44556,0.44958,0.40653
2012-03-12,0.48896,0.46013,0.42084
2012-03-13,0.43882,0.43915,0.39371
2012-03-14,0.48978,0.45834,0.38308
2012-03-15,0.47901,0.46104,0.40599
2012-03-16,0.43705,0.45636,0.41611
2012-03-19,0.39431,0.41906,0.40331
2012-03-20,0.40467,0.41686,0.40455
2012-03-21,0.41938,0.43499,0.40589
2012-03-22,0.44804,0.42769,0.41788
2012-03-23,0.46731,0.43339,0.39328
2012-03-26,0.43167,0.42161,0.3827
2012-03-27,0.4279,0.42312,0.38459
2012-03-28,0.47662,0.43998,0.40906
2012-03-29,0.44136,0.44396,0.4121
2012-03-30,0.38046,0.40823,0.42093
2012-04-02,0.41522,0.41612,0.39961
2012-04-03,0.42911,0.43821,0.42687
2012-04-04,0.4639,0.44661,0.43121
2012-04-05,0.45116,0.44177,0.42274
2012-04-09,0.46877,0.45326,0.42771
2012-04-10,0.47874,0.44667,0.42048
2012-04-11,0.49521,0.46409,0.43356
2012-04-12,0.44515,0.44168,0.40049
2012-04-13,0.39859,0.43823,0.45728
2012-04-16,0.3712,0.40078,0.41616
2012-04-17,0.42125,0.42427,0.41276
2012-04-18,0.42842,0.43185,0.40739
2012-04-19,0.41094,0.43018,0.43524
2012-04-20,0.32282,0.38697,0.40987
2012-04-23,0.36112,0.4139,0.45532
2012-04-24,0.31812,0.38759,0.41733
2012-04-25,0.39661,0.42705,0.40543
2012-04-26,0.43662,0.444,0.40226
2012-04-27,0.42752,0.43606,0.39412
2012-04-30,0.39589,0.42454,0.43598
2012-05-01,0.41705,0.42618,0.41623
2012-05-02,0.44033,0.44834,0.40938
2012-05-03,0.44338,0.43451,0.41863
2012-05-04,0.42225,0.43675,0.44303
2012-05-07,0.4087,0.42138,0.42502
2012-05-08,0.45082,0.45156,0.41672
2012-05-09,0.45138,0.45084,0.4296
2012-05-10,0.43186,0.43773,0.43613
2012-05-11,0.42772,0.42585,0.41511
2012-05-14,0.40231,0.41582,0.44312
2012-05-15,0.43098,0.45403,0.42851
2012-05-16,0.43703,0.44858,0.41767
2012-05-17,0.3748,0.41496,0.4379
2012-05-18,0.42393,0.43829,0.43745
2012-05-21,0.4348,0.44469,0.41465
2012-05-22,0.44528,0.45462,0.44952
2012-05-23,0.43655,0.45685,0.44989
2012-05-24,0.4425,0.45481,0.44799
2012-05-25,0.43633,0.44003,0.4255
2012-05-29,0.41748,0.44006,0.41917
2012-05-30,0.45912,0.46654,0.45289
2012-05-31,0.4605,0.47008,0.4516
2012-06-01,0.43679,0.46448,0.451
2012-06-04,0.45072,0.43643,0.41707
2012-06-05,0.47299,0.45829,0.43234
2012-06-06,0.43009,0.43905,0.41137
2012-06-07,0.44884,0.43504,0.4236
2012-06-08,0.45738,0.45802,0.41536
2012-06-11,0.46623,0.47875,0.42791
2012-06-12,0.45597,0.46833,0.42832
2012-06-13,0.46457,0.49472,0.44219
2012-06-14,0.49037,0.45897,0.41579
2012-06-15,0.41813,0.4268,0.39356
2012-06-18,0.3994,0.43288,0.40398
2012-06-19,0.44225,0.43908,0.35965
2012-06-20,0.43654,0.42172,0.40233
2012-06-21,0.43556,0.45541,0.46493
2012-06-22,0.50038,0.44771,0.44753
2012-06-25,0.41719,0.44198,0.42451
2012-06-26,0.43793,0.44101,0.40044
2012-06-27,0.41843,0.4201,0.38847
2012-06-28,0.39605,0.43961,0.42472
2012-06-29,0.39006,0.40898,0.39146
2012-07-02,0.37738,0.40787,0.38619
2012-07-03,0.38023,0.38766,0.38388
2012-07-05,0.47454,0.43437,0.4035
2012-07-06,0.42316,0.43319,0.4372
2012-07-09,0.40823,0.42216,0.41632
2012-07-10,0.43071,0.44131,0.39128
2012-07-11,0.41643,0.42131,0.40678
2012-07-12,0.40522,0.43062,0.40371
2012-07-13,0.42945,0.44357,0.38635
2012-07-16,0.44547,0.43562,0.41885
2012-07-17,0.45691,0.45287,0.40781
2012-07-18,0.45433,0.44603,0.40462
2012-07-19,0.48577,0.44618,0.39792
2012-07-20,0.50221,0.46978,0.43045
2012-07-23,0.41943,0.4489,0.41938
2012-07-24,0.40531,0.42831,0.43344
2012-07-25,0.43946,0.43154,0.4216
2012-07-26,0.44511,0.42353,0.41154
2012-07-27,0.43593,0.42737,0.37212
2012-07-30,0.43519,0.4285,0.4089
2012-07-31,0.44152,0.42764,0.4114
2012-08-01,0.47327,0.45829,0.43413
2012-08-02,0.4514,0.46116,0.4032
2012-08-03,0.37438,0.3861,0.36819
2012-08-06,0.43542,0.424,0.38028
2012-08-07,0.43756,0.41428,0.38527
2012-08-08,0.43494,0.42695,0.41338
2012-08-09,0.41029,0.43236,0.41618
2012-08-10,0.40939,0.41938,0.39855
2012-08-13,0.45485,0.44558,0.40866
2012-08-14,0.43367,0.43827,0.41917
2012-08-15,0.45086,0.43737,0.40285
2012-08-16,0.42561,0.42891,0.41663
2012-08-17,0.40233,0.39474,0.38731
2012-08-20,0.42461,0.41282,0.407
2012-08-21,0.41368,0.41629,0.38247
2012-08-22,0.37325,0.40836,0.3887
2012-08-23,0.41657,0.43112,0.41404
2012-08-24,0.40556,0.40772,0.38452
2012-08-27,0.42847,0.43579,0.39188
2012-08-28,0.47607,0.45112,0.37035
2012-08-29,0.43514,0.44102,0.37741
2012-08-30,0.41346,0.44608,0.39526
2012-08-31,0.42681,0.43797,0.40428
2012-09-04,0.40622,0.43762,0.41547
2012-09-05,0.42948,0.44481,0.424
2012-09-06,0.41459,0.42161,0.36262
2012-09-07,0.38677,0.41418,0.36113
2012-09-10,0.34296,0.3927,0.38554
2012-09-11,0.3354,0.37716,0.37102
2012-09-12,0.36364,0.39465,0.36197
2012-09-13,0.32507,0.38768,0.35306
2012-09-14,0.37133,0.39269,0.34894
2012-09-17,0.3792,0.36034,0.39203
2012-09-18,0.4257,0.39337,0.36388
2012-09-19,0.43267,0.41851,0.34797
2012-09-20,0.42434,0.40301,0.37734
2012-09-21,0.35989,0.39075,0.3835
2012-09-24,0.41678,0.39753,0.36304
2012-09-25,0.39042,0.38991,0.37854
2012-09-26,0.36245,0.3709,0.39074
2012-09-27,0.36091,0.38475,0.36943
2012-09-28,0.3963,0.41774,0.42183
2012-10-01,0.34646,0.37284,0.39716
2012-10-02,0.35192,0.38003,0.38214
2012-10-03,0.4006,0.41439,0.3968
2012-10-04,0.42375,0.41044,0.37358
2012-10-05,0.34876,0.36841,0.36793
2012-10-08,0.29504,0.35959,0.399
2012-10-09,0.315,0.36262,0.41008
2012-10-10,0.37743,0.41309,0.38202
2012-10-11,0.3902,0.40159,0.38924
2012-10-12,0.37176,0.39556,0.4027
2012-10-15,0.39465,0.41242,0.36245
2012-10-16,0.40978,0.41765,0.38422
2012-10-17,0.4315,0.41971,0.38621
2012-10-18,0.36086,0.38469,0.37506
2012-10-19,0.36209,0.3984,0.44027
2012-10-22,0.37381,0.39266,0.40819
2012-10-23,0.38752,0.40145,0.41221
2012-10-24,0.3767,0.38685,0.38829
2012-10-25,0.36805,0.39359,0.37748
2012-10-26,0.3893,0.3961,0.37858
2012-10-31,0.39809,0.39596,0.38045
2012-11-01,0.38514,0.3824,0.37658
2012-11-02,0.35159,0.38253,0.38453
2012-11-05,0.38703,0.39176,0.37837
2012-11-06,0.39677,0.39468,0.37106
2012-11-07,0.33684,0.38645,0.39986
2012-11-08,0.27502,0.34682,0.40308
2012-11-09,0.36811,0.3768,0.38041
2012-11-12,0.39607,0.41872,0.39557
2012-11-13,0.36438,0.38987,0.38346
2012-11-14,0.38579,0.39273,0.38486
2012-11-15,0.31656,0.35937,0.37745
2012-11-16,0.33576,0.3701,0.39808
2012-11-19,0.5295,0.44875,0.39023
2012-11-20,0.47942,0.43419,0.39663
2012-11-21,0.41393,0.40545,0.40282
2012-11-23,0.40499,0.4107,0.38447
2012-11-26,0.46136,0.42643,0.36889
2012-11-27,0.42773,0.41404,0.36191
2012-11-28,0.42598,0.40159,0.36625
2012-11-29,0.4449,0.42035,0.35738
2012-11-30,0.4249,0.40494,0.40451
2012-12-03,0.4658,0.4269,0.39607
2012-12-04,0.39716,0.38213,0.39074
2012-12-05,0.31834,0.36205,0.38332
2012-12-06,0.37554,0.38667,0.39737
2012-12-07,0.39607,0.39839,0.37166
2012-12-10,0.38442,0.38271,0.37276
2012-12-11,0.43753,0.39687,0.34745
2012-12-12,0.43549,0.39768,0.38237
2012-12-13,0.40389,0.38792,0.38675
2012-12-14,0.35021,0.36449,0.36243
2012-12-17,0.37837,0.3693,0.35032
2012-12-18,0.42288,0.40356,0.35317
2012-12-19,0.42745,0.39941,0.35274
2012-12-20,0.40998,0.39285,0.35569
2012-12-21,0.42869,0.39961,0.38322
2012-12-24,0.41219,0.37205,0.37118
2012-12-26,0.35875,0.36068,0.38548
2012-12-27,0.3974,0.38365,0.37462
2012-12-28,0.38085,0.36679,0.37272
2012-12-31,0.36786,0.36495,0.36806
2013-01-02,0.38585,0.40687,0.37945
2013-01-03,0.40092,0.40941,0.38613
2013-01-04,0.35087,0.39871,0.4018
2013-01-07,0.40576,0.42004,0.41357
2013-01-08,0.39531,0.42135,0.40355
2013-01-09,0.40936,0.40025,0.39573
2013-01-10,0.38124,0.40632,0.41763
2013-01-11,0.41367,0.40345,0.39719
2013-01-14,0.37211,0.38666,0.39617
2013-01-15,0.32151,0.37155,0.37847
2013-01-16,0.38486,0.39706,0.3806
2013-01-17,0.39611,0.40548,0.37918
2013-01-18,0.41319,0.41753,0.39197
2013-01-22,0.39283,0.40438,0.37374
2013-01-23,0.37654,0.39983,0.37338
2013-01-24,0.31005,0.37264,0.38395
2013-01-25,0.31933,0.39096,0.37819
2013-01-28,0.36041,0.38243,0.35564
2013-01-29,0.47349,0.42987,0.36332
2013-01-30,0.44072,0.42133,0.37817
2013-01-31,0.41781,0.41097,0.39139
2013-02-01,0.4103,0.40773,0.38369
2013-02-04,0.37524,0.40448,0.42019
2013-02-05,0.43781,0.40755,0.39048
2013-02-06,0.47731,0.43264,0.40206
2013-02-07,0.4412,0.42783,0.41101
2013-02-08,0.49217,0.43546,0.37882
2013-02-11,0.42093,0.41117,0.40378
2013-02-12,0.39389,0.40346,0.39031
2013-02-13,0.39848,0.39194,0.40255
2013-02-14,0.42817,0.40075,0.40147
2013-02-15,0.41392,0.41378,0.40111
2013-02-19,0.38138,0.38537,0.38789
2013-02-20,0.37494,0.39617,0.404
2013-02-21,0.39551,0.40795,0.38125
2013-02-22,0.43024,0.40885,0.38573
2013-02-25,0.42542,0.42001,0.3997
2013-02-26,0.42541,0.42173,0.37554
2013-02-27,0.39895,0.39768,0.3798
2013-02-28,0.39836,0.41039,0.39469
2013-03-01,0.36887,0.40609,0.413
2013-03-04,0.35941,0.39483,0.3986
2013-03-05,0.38746,0.38684,0.36865
2013-03-06,0.3861,0.39045,0.39445
2013-03-07,0.37889,0.39149,0.39488
2013-03-08,0.42014,0.3993,0.37434
2013-03-11,0.39565,0.3829,0.38977
2013-03-12,0.38888,0.39857,0.38981
2013-03-13,0.37743,0.38897,0.38607
2013-03-14,0.40056,0.38872,0.36126
2013-03-15,0.40618,0.40629,0.38218
2013-03-18,0.45426,0.43596,0.38579
2013-03-19,0.44172,0.41881,0.40027
2013-03-20,0.37642,0.38713,0.36502
2013-03-21,0.40433,0.42016,0.38783
2013-03-22,0.40604,0.39983,0.36739
2013-03-25,0.41806,0.41428,0.38951
2013-03-26,0.41097,0.41314,0.39213
2013-03-27,0.41437,0.41208,0.3841
2013-03-28,0.37574,0.39146,0.39394
2013-04-01,0.36718,0.39448,0.41148
2013-04-02,0.35984,0.38245,0.39195
2013-04-03,0.40108,0.41137,0.38455
2013-04-04,0.41292,0.4109,0.3881
2013-04-05,0.41554,0.43356,0.40672
2013-04-08,0.40586,0.40709,0.4061
2013-04-09,0.41175,0.41496,0.39587
2013-04-10,0.38918,0.4036,0.37131
2013-04-11,0.40248,0.39237,0.36733
2013-04-12,0.39715,0.41133,0.38115
2013-04-15,0.40264,0.40812,0.39951
2013-04-16,0.41578,0.41345,0.36898
2013-04-17,0.36504,0.41035,0.43045
2013-04-18,0.40905,0.41792,0.40937
2013-04-19,0.41117,0.41797,0.40649
2013-04-22,0.43082,0.40523,0.39959
2013-04-23,0.39912,0.40519,0.38962
2013-04-24,0.37097,0.38807,0.39006
2013-04-25,0.37716,0.39033,0.37724
2013-04-26,0.33497,0.37588,0.41485
2013-04-29,0.38299,0.38692,0.375
2013-04-30,0.39446,0.3917,0.37578
2013-05-01,0.40373,0.38881,0.4227
2013-05-02,0.40392,0.40513,0.37823
2013-05-03,0.3958,0.38849,0.3506
2013-05-06,0.43823,0.40746,0.37297
2013-05-07,0.42445,0.39855,0.36396
2013-05-08,0.40863,0.39981,0.3609
2013-05-09,0.38982,0.40718,0.37954
2013-05-10,0.40042,0.40612,0.37657
2013-05-13,0.41311,0.40813,0.39002
2013-05-14,0.36923,0.38822,0.35722
2013-05-15,0.34419,0.37008,0.36467
2013-05-16,0.40698,0.40777,0.36748
2013-05-17,0.41827,0.40061,0.3493
2013-05-20,0.41152,0.39929,0.3714
2013-05-21,0.39057,0.39015,0.36284
2013-05-22,0.41601,0.41176,0.39204
2013-05-23,0.42877,0.4103,0.3597
2013-05-24,0.43947,0.41868,0.36521
2013-05-28,0.41278,0.40925,0.36215
2013-05-29,0.39636,0.42085,0.36415
2013-05-30,0.40813,0.42521,0.35885
2013-05-31,0.43632,0.42537,0.3694
2013-06-03,0.44805,0.41517,0.356
2013-06-04,0.4709,0.4428,0.38994
2013-06-05,0.44737,0.43986,0.37818
2013-06-06,0.42932,0.43198,0.36567
2013-06-07,0.43292,0.42111,0.36584
2013-06-10,0.41982,0.42004,0.37465
2013-06-11,0.41428,0.42698,0.39219
2013-06-12,0.4071,0.42693,0.39462
2013-06-13,0.44635,0.42119,0.3701
2013-06-14,0.43139,0.42905,0.39611
2013-06-17,0.39935,0.39622,0.37284
2013-06-18,0.41701,0.42444,0.3695
2013-06-19,0.46155,0.46192,0.40416
2013-06-20,0.44562,0.46526,0.4053
2013-06-21,0.41286,0.43991,0.38335
2013-06-24,0.34498,0.39695,0.36567
2013-06-25,0.38669,0.41079,0.37349
2013-06-26,0.41436,0.4223,0.38645
2013-06-27,0.40962,0.42814,0.37262
2013-06-28,0.39087,0.39852,0.40331
2013-07-01,0.39018,0.40043,0.36731
2013-07-02,0.4361,0.42948,0.3769
2013-07-03,0.42469,0.39454,0.344
2013-07-05,0.40845,0.42273,0.37414
2013-07-08,0.43504,0.414,0.36271
2013-07-09,0.37952,0.3973,0.3636
2013-07-10,0.42767,0.42353,0.36802
2013-07-11,0.41761,0.40205,0.36515
2013-07-12,0.4327,0.41317,0.36987
2013-07-15,0.38532,0.38963,0.37218
2013-07-16,0.36141,0.3906,0.36947
2013-07-17,0.38714,0.40815,0.38311
2013-07-18,0.40358,0.39873,0.36276
2013-07-19,0.38984,0.41053,0.38747
2013-07-22,0.39299,0.40535,0.36247
2013-07-23,0.37809,0.39098,0.37775
2013-07-24,0.43212,0.41263,0.36796
2013-07-25,0.39386,0.38974,0.36127
2013-07-26,0.40889,0.40913,0.3754
2013-07-29,0.4177,0.4225,0.37728
2013-07-30,0.41415,0.40909,0.37997
2013-07-31,0.42516,0.40077,0.36797
2013-08-01,0.42684,0.39653,0.38087
2013-08-02,0.43007,0.40974,0.37138
2013-08-05,0.45692,0.42135,0.38042
2013-08-06,0.45611,0.42604,0.39595
2013-08-07,0.45686,0.42237,0.39938
2013-08-08,0.42635,0.4113,0.38349
2013-08-09,0.42458,0.41075,0.38824
2013-08-12,0.42385,0.41414,0.38541
2013-08-13,0.45604,0.43924,0.37066
2013-08-14,0.44978,0.4422,0.38453
2013-08-15,0.46707,0.44944,0.41053
2013-08-16,0.45431,0.44421,0.4312
2013-08-19,0.44531,0.4338,0.39981
2013-08-20,0.446,0.4229,0.37042
2013-08-21,0.47967,0.45353,0.41997
2013-08-22,0.43837,0.40731,0.38923
2013-08-23,0.45343,0.44519,0.38905
2013-08-26,0.41528,0.41043,0.39243
2013-08-27,0.44214,0.43328,0.42794
2013-08-28,0.42388,0.40555,0.41036
2013-08-29,0.4641,0.46019,0.38515
2013-08-30,0.4751,0.47252,0.4565
2013-09-03,0.44006,0.44727,0.42554
2013-09-04,0.42048,0.41359,0.41715
2013-09-05,0.43411,0.43105,0.39432
2013-09-06,0.4121,0.41769,0.39984
2013-09-09,0.41652,0.39235,0.37702
2013-09-10,0.38224,0.39602,0.38115
2013-09-11,0.3685,0.40145,0.39482
2013-09-12,0.3989,0.41242,0.40176
2013-09-13,0.42134,0.40917,0.39503
2013-09-16,0.36505,0.3826,0.39664
2013-09-17,0.38517,0.40255,0.36977
2013-09-18,0.42865,0.41621,0.40618
2013-09-19,0.4206,0.40519,0.39902
2013-09-20,0.44366,0.43455,0.40348
2013-09-23,0.41755,0.41359,0.38992
2013-09-24,0.43953,0.4317,0.38796
2013-09-25,0.4307,0.41138,0.3991
2013-09-26,0.42343,0.40555,0.38
2013-09-27,0.45949,0.43194,0.37607
2013-09-30,0.44055,0.44806,0.38519
2013-10-01,0.46054,0.43465,0.40809
2013-10-02,0.44452,0.4305,0.41157
2013-10-03,0.42644,0.44568,0.40633
2013-10-04,0.41321,0.40977,0.39371
2013-10-07,0.43386,0.42504,0.40132
2013-10-08,0.43296,0.42346,0.38519
2013-10-09,0.40343,0.41841,0.37905
2013-10-10,0.45356,0.42271,0.3941
2013-10-11,0.4125,0.42315,0.39648
2013-10-14,0.39487,0.41465,0.39489
2013-10-15,0.41021,0.43199,0.41921
2013-10-16,0.42331,0.39678,0.40234
2013-10-17,0.44796,0.42539,0.41434
2013-10-18,0.47487,0.4418,0.4222
2013-10-21,0.40566,0.41362,0.3792
2013-10-22,0.39488,0.39428,0.39031
2013-10-23,0.4086,0.42087,0.41852
2013-10-24,0.40462,0.38715,0.39112
2013-10-25,0.43506,0.40952,0.38887
2013-10-28,0.40408,0.4029,0.40351
2013-10-29,0.40584,0.4089,0.39662
2013-10-30,0.40461,0.42185,0.41134
2013-10-31,0.414,0.43361,0.39428
2013-11-01,0.41455,0.42524,0.42021
2013-11-04,0.41951,0.41249,0.38636
2013-11-05,0.44866,0.45454,0.41401
2013-11-06,0.42971,0.43083,0.40639
2013-11-07,0.41699,0.43593,0.39894
2013-11-08,0.44837,0.43205,0.39974
2013-11-11,0.42913,0.43783,0.40716
2013-11-12,0.4377,0.43819,0.40868
2013-11-13,0.41412,0.42342,0.39447
2013-11-14,0.42223,0.41297,0.40096
2013-11-15,0.3954,0.42487,0.3767
2013-11-18,0.38613,0.40437,0.39172
2013-11-19,0.41517,0.42297,0.39989
2013-11-20,0.42793,0.42471,0.3762
2013-11-21,0.40785,0.39808,0.38844
2013-11-22,0.42362,0.40657,0.37231
2013-11-25,0.40918,0.41219,0.38869
2013-11-26,0.41648,0.41198,0.36887
2013-11-27,0.43432,0.42409,0.38327
2013-11-29,0.41324,0.42293,0.37319
2013-12-02,0.45832,0.43309,0.41026
2013-12-03,0.43205,0.42017,0.42325
2013-12-04,0.44483,0.42262,0.3918
2013-12-05,0.43833,0.41624,0.40642
2013-12-06,0.4453,0.41072,0.40833
2013-12-09,0.36653,0.38381,0.37864
2013-12-10,0.38525,0.39004,0.40369
2013-12-11,0.42641,0.4039,0.41163
2013-12-12,0.4285,0.40794,0.39348
2013-12-13,0.40277,0.39673,0.40483
2013-12-16,0.40113,0.38419,0.39764
2013-12-17,0.39975,0.39466,0.39574
2013-12-18,0.36625,0.39668,0.38929
2013-12-19,0.3809,0.40218,0.40116
2013-12-20,0.40035,0.41633,0.39096
2013-12-23,0.40069,0.39449,0.40073
2013-12-24,0.43436,0.4076,0.36209
2013-12-26,0.40795,0.40404,0.40557
2013-12-27,0.42686,0.41767,0.38558
2013-12-30,0.37638,0.39688,0.40328
2013-12-31,0.37677,0.39623,0.41277
2014-01-02,0.39782,0.41165,0.42587
2014-01-03,0.37949,0.40614,0.41535
2014-01-06,0.36657,0.39901,0.44045
2014-01-07,0.3918,0.39068,0.42557
2014-01-08,0.38196,0.38583,0.38704
2014-01-09,0.38863,0.40127,0.4196
2014-01-10,0.38242,0.39518,0.39606
2014-01-13,0.41341,0.41604,0.40969
2014-01-14,0.42146,0.40312,0.40322
2014-01-15,0.40976,0.38381,0.40312
2014-01-16,0.41962,0.40537,0.3947
2014-01-17,0.46517,0.43114,0.40852
2014-01-21,0.38627,0.36967,0.39317
2014-01-22,0.42296,0.40225,0.39603
2014-01-23,0.42546,0.40178,0.41772
2014-01-24,0.44352,0.41047,0.42546
2014-01-27,0.38022,0.37375,0.38371
2014-01-28,0.38721,0.39248,0.40148
2014-01-29,0.41227,0.41499,0.42982
2014-01-30,0.37752,0.37924,0.40218
2014-01-31,0.43458,0.41497,0.41889
2014-02-03,0.44938,0.43305,0.45778
2014-02-04,0.41877,0.40448,0.42263
2014-02-05,0.4263,0.39638,0.42515
2014-02-06,0.39972,0.38757,0.40631
2014-02-07,0.4384,0.41019,0.40467
2014-02-10,0.41963,0.40222,0.42614
2014-02-11,0.42569,0.39084,0.39165
2014-02-12,0.4484,0.42216,0.41233
2014-02-13,0.43009,0.39931,0.38599
2014-02-14,0.41616,0.3993,0.38978
2014-02-18,0.41371,0.41361,0.3851
2014-02-19,0.44382,0.42919,0.42908
2014-02-20,0.41697,0.39922,0.38141
2014-02-21,0.41901,0.41921,0.42818
2014-02-24,0.37834,0.39534,0.37034
2014-02-25,0.43204,0.40509,0.39851
2014-02-26,0.4199,0.4092,0.38428
2014-02-27,0.42189,0.39696,0.4139
2014-02-28,0.41683,0.41408,0.39364
2014-03-03,0.42619,0.43472,0.40725
2014-03-04,0.42238,0.40187,0.39201
2014-03-05,0.41272,0.41373,0.41499
2014-03-06,0.42297,0.41121,0.40986
2014-03-07,0.42977,0.42446,0.40804
2014-03-10,0.41494,0.4189,0.41449
2014-03-11,0.43215,0.42024,0.42595
2014-03-12,0.40872,0.40248,0.3996
2014-03-13,0.44933,0.42078,0.43075
2014-03-14,0.40537,0.39649,0.40166
2014-03-17,0.41709,0.40157,0.41379
2014-03-18,0.4133,0.40195,0.38668
2014-03-19,0.44471,0.44393,0.41288
2014-03-20,0.43754,0.42007,0.41545
2014-03-21,0.43684,0.42565,0.40329
2014-03-24,0.3763,0.40573,0.38632
2014-03-25,0.39248,0.40136,0.39208
2014-03-26,0.37538,0.3916,0.42064
2014-03-27,0.34734,0.38328,0.40166
2014-03-28,0.39672,0.40293,0.41196
2014-03-31,0.41531,0.40777,0.39869
2014-04-01,0.37354,0.37682,0.39274
2014-04-02,0.42846,0.39169,0.39791
2014-04-03,0.40686,0.40024,0.42887
2014-04-04,0.37473,0.39722,0.43573
2014-04-07,0.3584,0.38136,0.3992
2014-04-08,0.36765,0.37138,0.39036
2014-04-09,0.37348,0.38052,0.40112
2014-04-10,0.42143,0.4193,0.44481
2014-04-11,0.38774,0.38816,0.43284
2014-04-14,0.41642,0.40967,0.42971
2014-04-15,0.39268,0.4128,0.42972
2014-04-16,0.40362,0.41182,0.42806
2014-04-17,0.42816,0.4331,0.44039
2014-04-21,0.39211,0.40849,0.43688
2014-04-22,0.42695,0.41162,0.41512
2014-04-23,0.42044,0.41991,0.44273
2014-04-24,0.38441,0.3844,0.4288
2014-04-25,0.4137,0.40983,0.44485
2014-04-28,0.38326,0.38836,0.41274
2014-04-29,0.38632,0.38115,0.40427
2014-04-30,0.42866,0.40836,0.41367
2014-05-01,0.41512,0.42242,0.4527
2014-05-02,0.46875,0.43598,0.43435
2014-05-05,0.42506,0.40179,0.43419
2014-05-06,0.42604,0.41814,0.44767
2014-05-07,0.43893,0.41217,0.42687
2014-05-08,0.43178,0.41449,0.43098
2014-05-09,0.40806,0.39656,0.41459
2014-05-12,0.4022,0.39971,0.40029
2014-05-13,0.40312,0.40074,0.42598
2014-05-14,0.42787,0.41615,0.45718
2014-05-15,0.44572,0.43164,0.43561
2014-05-16,0.44601,0.40064,0.41663
2014-05-19,0.4048,0.40498,0.42901
2014-05-20,0.44052,0.4403,0.46671
2014-05-21,0.40698,0.40405,0.43342
2014-05-22,0.42203,0.41314,0.41779
2014-05-23,0.40077,0.4043,0.40175
2014-05-27,0.37587,0.38727,0.39737
2014-05-28,0.4125,0.40743,0.44482
2014-05-29,0.39854,0.40449,0.40856
2014-05-30,0.40778,0.41356,0.43994
2014-06-02,0.4167,0.41279,0.43534
2014-06-03,0.42986,0.41957,0.42627
2014-06-04,0.38528,0.39725,0.42547
2014-06-05,0.407,0.3889,0.4077
2014-06-06,0.41372,0.39851,0.39329
2014-06-09,0.40232,0.39804,0.38653
2014-06-10,0.38492,0.38883,0.40118
2014-06-11,0.42568,0.41395,0.41436
2014-06-12,0.39895,0.39904,0.42422
2014-06-13,0.41019,0.40233,0.40528
2014-06-16,0.39763,0.42136,0.43177
2014-06-17,0.39873,0.40877,0.40622
2014-06-18,0.39791,0.39899,0.42562
2014-06-19,0.40874,0.41271,0.42189
2014-06-20,0.38615,0.39993,0.42114
2014-06-23,0.36922,0.40019,0.40673
2014-06-24,0.3768,0.3855,0.41739
2014-06-25,0.39048,0.37765,0.40269
2014-06-26,0.40997,0.39466,0.40875
2014-06-27,0.39657,0.39756,0.41306
2014-06-30,0.39395,0.39103,0.3887
2014-07-01,0.39719,0.38521,0.38786
2014-07-02,0.36113,0.36874,0.40534
2014-07-03,0.39268,0.36434,0.3968
2014-07-07,0.38484,0.38519,0.42067
2014-07-08,0.38236,0.37299,0.40146
2014-07-09,0.40171,0.37609,0.4028
2014-07-10,0.382,0.37313,0.41732
2014-07-11,0.39914,0.39912,0.43435
2014-07-14,0.38234,0.38556,0.41476
2014-07-15,0.39867,0.3991,0.448
2014-07-16,0.40438,0.40529,0.42037
2014-07-17,0.40956,0.41215,0.44136
2014-07-18,0.41081,0.42087,0.42359
2014-07-21,0.37193,0.3988,0.43038
2014-07-22,0.35967,0.37738,0.42508
2014-07-23,0.3305,0.36425,0.42249
2014-07-24,0.35864,0.37078,0.41422
2014-07-25,0.34445,0.38729,0.41863
2014-07-28,0.35716,0.36957,0.40434
2014-07-29,0.36152,0.38819,0.40093
2014-07-30,0.34771,0.37196,0.40625
2014-07-31,0.37268,0.39449,0.43019
2014-08-01,0.354,0.37621,0.42204
2014-08-04,0.35791,0.3879,0.42022
2014-08-05,0.39404,0.42134,0.44835
2014-08-06,0.37362,0.40741,0.42088
2014-08-07,0.40215,0.42691,0.43239
2014-08-08,0.38875,0.39929,0.39684
2014-08-11,0.40744,0.44164,0.39769
2014-08-12,0.42853,0.4307,0.43251
2014-08-13,0.37968,0.39639,0.39952
2014-08-14,0.40439,0.39897,0.38303
2014-08-15,0.44353,0.43749,0.41982
2014-08-18,0.36371,0.37873,0.37579
2014-08-19,0.33212,0.3613,0.38569
2014-08-20,0.35529,0.38208,0.39314
2014-08-21,0.35826,0.38675,0.39206
2014-08-22,0.35438,0.39823,0.40987
2014-08-25,0.36543,0.3812,0.38605
2014-08-26,0.33972,0.36332,0.38309
2014-08-27,0.34005,0.37885,0.40077
2014-08-28,0.33152,0.36664,0.41152
2014-08-29,0.36466,0.3832,0.41381
2014-09-02,0.35592,0.38842,0.41425
2014-09-03,0.33581,0.3641,0.41066
2014-09-04,0.36915,0.401,0.4042
2014-09-05,0.36562,0.37255,0.40542
2014-09-08,0.38789,0.40512,0.38815
2014-09-09,0.36014,0.39,0.41583
2014-09-10,0.3372,0.37331,0.39848
2014-09-11,0.37408,0.3989,0.39501
2014-09-12,0.37337,0.41793,0.41819
2014-09-15,0.37103,0.39185,0.41111
2014-09-16,0.36002,0.37064,0.38187
2014-09-17,0.41321,0.41767,0.40837
2014-09-18,0.41688,0.40969,0.39916
2014-09-19,0.40868,0.41215,0.44879
2014-09-22,0.39571,0.38536,0.42127
2014-09-23,0.37862,0.38086,0.43425
2014-09-24,0.36375,0.38295,0.39462
2014-09-25,0.3932,0.41677,0.42807
2014-09-26,0.35566,0.38013,0.42731
2014-09-29,0.39823,0.40174,0.4104
2014-09-30,0.37366,0.40119,0.43968
2014-10-01,0.41908,0.41354,0.43173
2014-10-02,0.39995,0.38879,0.38546
2014-10-03,0.40117,0.40513,0.41477
2014-10-06,0.39896,0.41027,0.36261
2014-10-07,0.4383,0.43052,0.4008
2014-10-08,0.41449,0.39936,0.38154
2014-10-09,0.41577,0.41607,0.42234
2014-10-10,0.39476,0.38076,0.39239
2014-10-13,0.42404,0.405,0.38382
2014-10-14,0.42123,0.39744,0.38418
2014-10-15,0.3628,0.37069,0.38542
2014-10-16,0.39068,0.40164,0.40624
2014-10-17,0.40289,0.40401,0.44525
2014-10-20,0.40127,0.40664,0.40273
2014-10-21,0.3905,0.38692,0.39878
2014-10-22,0.39418,0.40946,0.43864
2014-10-23,0.39988,0.41253,0.40657
2014-10-24,0.39853,0.40197,0.4016
2014-10-27,0.4049,0.40915,0.40295
2014-10-28,0.37629,0.39413,0.37199
2014-10-29,0.34568,0.38847,0.3974
2014-10-30,0.38132,0.38728,0.40261
2014-10-31,0.37644,0.36552,0.38472
2014-11-03,0.37194,0.38848,0.40471
2014-11-04,0.37529,0.38009,0.39288
2014-11-05,0.41374,0.39331,0.38247
2014-11-06,0.36975,0.37996,0.38591
2014-11-07,0.39118,0.39172,0.38497
2014-11-10,0.34112,0.38327,0.38042
2014-11-11,0.35593,0.37731,0.3755
2014-11-12,0.40091,0.39633,0.38718
2014-11-13,0.37965,0.40024,0.40784
2014-11-14,0.37002,0.39417,0.37967
2014-11-17,0.38919,0.38975,0.38923
2014-11-18,0.37595,0.3948,0.37216
2014-11-19,0.41076,0.41815,0.42098
2014-11-20,0.40457,0.40498,0.39658
2014-11-21,0.39093,0.39809,0.40638
2014-11-24,0.34985,0.3737,0.38628
2014-11-25,0.37617,0.38939,0.38239
2014-11-26,0.37204,0.40718,0.40081
2014-11-28,0.36372,0.36952,0.39975
2014-12-01,0.36623,0.3785,0.38461
2014-12-02,0.38062,0.39577,0.39035
2014-12-03,0.42537,0.41084,0.39102
2014-12-04,0.37157,0.38984,0.41589
2014-12-05,0.35012,0.37666,0.38679
2014-12-08,0.34159,0.38421,0.39856
2014-12-09,0.36306,0.37055,0.37722
2014-12-10,0.39891,0.41096,0.42088
2014-12-11,0.38084,0.37101,0.40571
2014-12-12,0.40894,0.41217,0.40155
2014-12-15,0.34781,0.36992,0.41861
2014-12-16,0.3371,0.36881,0.38952
2014-12-17,0.38504,0.39445,0.3728
2014-12-18,0.35168,0.35368,0.37856
2014-12-19,0.34634,0.36116,0.39819
2014-12-22,0.29262,0.33043,0.3796
2014-12-23,0.31962,0.34251,0.37853
2014-12-24,0.33308,0.36127,0.3739
2014-12-26,0.3669,0.38036,0.38706
2014-12-29,0.32915,0.35947,0.36667
2014-12-30,0.38153,0.38763,0.39574
2014-12-31,0.39278,0.41767,0.41
2015-01-02,0.36244,0.38991,0.4235
2015-01-05,0.4105,0.4385,0.41051
2015-01-06,0.43266,0.43237,0.41855
2015-01-07,0.42745,0.41549,0.38696
2015-01-08,0.36416,0.38565,0.38598
2015-01-09,0.41955,0.42761,0.39206
2015-01-12,0.4295,0.42254,0.37421
2015-01-13,0.38387,0.40433,0.39132
2015-01-14,0.44661,0.42972,0.41213
2015-01-15,0.44243,0.44038,0.41273
2015-01-16,0.4078,0.41874,0.38719
2015-01-20,0.40855,0.40964,0.40131
2015-01-21,0.43282,0.42947,0.38003
2015-01-22,0.37459,0.3965,0.37889
2015-01-23,0.38444,0.40797,0.37033
2015-01-26,0.38542,0.40442,0.37621
2015-01-27,0.40211,0.41972,0.39898
2015-01-28,0.33104,0.39935,0.43497
2015-01-29,0.38594,0.39513,0.40795
2015-01-30,0.40809,0.42786,0.43557
2015-02-02,0.43745,0.43316,0.43018
2015-02-03,0.40074,0.39996,0.39846
2015-02-04,0.39538,0.41798,0.40907
2015-02-05,0.42956,0.42463,0.39035
2015-02-06,0.40269,0.42952,0.41489
2015-02-09,0.37982,0.41602,0.42657
2015-02-10,0.34872,0.39888,0.43085
2015-02-11,0.39547,0.42058,0.40635
2015-02-12,0.4239,0.406,0.3719
2015-02-13,0.40917,0.40088,0.38425
2015-02-17,0.38127,0.38616,0.39721
2015-02-18,0.37829,0.41052,0.40421
2015-02-19,0.40077,0.4333,0.39624
2015-02-20,0.40375,0.4094,0.42425
2015-02-23,0.35091,0.37909,0.41563
2015-02-24,0.35145,0.38079,0.40737
2015-02-25,0.33352,0.38818,0.40604
2015-02-26,0.34993,0.38892,0.40578
2015-02-27,0.34881,0.38643,0.40679
2015-03-02,0.37966,0.39377,0.40635
2015-03-03,0.39214,0.41944,0.42189
2015-03-04,0.3881,0.41672,0.41543
2015-03-05,0.38405,0.41058,0.40717
2015-03-06,0.40303,0.43768,0.43085
2015-03-09,0.36753,0.39534,0.41686
2015-03-10,0.36083,0.41267,0.44039
2015-03-11,0.35928,0.40254,0.42097
2015-03-12,0.37974,0.399,0.39461
2015-03-13,0.41132,0.43476,0.4214
2015-03-16,0.35519,0.37887,0.40565
2015-03-17,0.39668,0.4155,0.41537
2015-03-18,0.41476,0.42579,0.42608
2015-03-19,0.43043,0.43289,0.4191
2015-03-20,0.41557,0.4082,0.39798
2015-03-23,0.39768,0.38971,0.39283
2015-03-24,0.39368,0.40056,0.4083
2015-03-25,0.40538,0.42675,0.4118
2015-03-26,0.38169,0.40591,0.39658
2015-03-27,0.36662,0.38692,0.42211
2015-03-30,0.35234,0.38301,0.38895
2015-03-31,0.37599,0.40953,0.41261
2015-04-01,0.37418,0.4118,0.42715
2015-04-02,0.3569,0.39583,0.40524
2015-04-06,0.38394,0.39214,0.38836
2015-04-07,0.4098,0.42963,0.40481
2015-04-08,0.4111,0.41562,0.4089
2015-04-09,0.41827,0.40913,0.42278
2015-04-10,0.39289,0.40379,0.39075
2015-04-13,0.40252,0.41288,0.41187
2015-04-14,0.40428,0.42532,0.40004
2015-04-15,0.42236,0.42561,0.37588
2015-04-16,0.43075,0.43475,0.40982
2015-04-17,0.47778,0.47463,0.44795
2015-04-20,0.38747,0.40745,0.39271
2015-04-21,0.41068,0.39456,0.40998
2015-04-22,0.41612,0.41766,0.41799
2015-04-23,0.39985,0.42699,0.41864
2015-04-24,0.42572,0.43203,0.39727
2015-04-27,0.38057,0.40071,0.40496
2015-04-28,0.3837,0.39487,0.39644
2015-04-29,0.3755,0.40409,0.43279
2015-04-30,0.35961,0.4216,0.45631
2015-05-01,0.37368,0.4002,0.44232
2015-05-04,0.36845,0.4113,0.44973
2015-05-05,0.39163,0.42794,0.46108
2015-05-06,0.38222,0.42637,0.4107
2015-05-07,0.37166,0.39092,0.45305
2015-05-08,0.35067,0.38419,0.43494
2015-05-11,0.38094,0.42427,0.43277
2015-05-12,0.38965,0.4374,0.43143
2015-05-13,0.37797,0.4183,0.4291
2015-05-14,0.39784,0.41706,0.43252
2015-05-15,0.42662,0.43869,0.42854
2015-05-18,0.40295,0.4326,0.41249
2015-05-19,0.39638,0.41542,0.43927
2015-05-20,0.41013,0.41251,0.42444
2015-05-21,0.40985,0.40986,0.41498
2015-05-22,0.39485,0.41589,0.43638
2015-05-26,0.44466,0.42306,0.44729
2015-05-27,0.4267,0.41673,0.42057
2015-05-28,0.45567,0.43224,0.43796
2015-05-29,0.4599,0.45783,0.46011
2015-06-01,0.40587,0.39948,0.44485
2015-06-02,0.4072,0.42416,0.42634
2015-06-03,0.38139,0.41923,0.42439
2015-06-04,0.40502,0.43007,0.45096
2015-06-05,0.4351,0.4344,0.42993
2015-06-08,0.38056,0.40397,0.43917
2015-06-09,0.37597,0.38161,0.42948
2015-06-10,0.40896,0.39314,0.40964
2015-06-11,0.39066,0.4029,0.42844
2015-06-12,0.41577,0.43517,0.43559
2015-06-15,0.40529,0.42534,0.44503
2015-06-16,0.41904,0.41523,0.4236
2015-06-17,0.4509,0.42139,0.41526
2015-06-18,0.39449,0.39714,0.39806
2015-06-19,0.4136,0.42559,0.42412
2015-06-22,0.40247,0.39472,0.3882
2015-06-23,0.42566,0.40174,0.38432
2015-06-24,0.42259,0.41306,0.41459
2015-06-25,0.41873,0.41367,0.39722
2015-06-26,0.4287,0.40721,0.40994
2015-06-29,0.41008,0.43629,0.42617
2015-06-30,0.43857,0.45169,0.43665
2015-07-01,0.44515,0.42669,0.42634
2015-07-02,0.48635,0.44663,0.44569
2015-07-06,0.43664,0.43024,0.40223
2015-07-07,0.3903,0.40507,0.41388
2015-07-08,0.39586,0.41148,0.43753
2015-07-09,0.3284,0.35396,0.43071
2015-07-10,0.37755,0.39672,0.41064
2015-07-13,0.4244,0.41229,0.42086
2015-07-14,0.43955,0.42638,0.40438
2015-07-15,0.43139,0.42563,0.42237
2015-07-16,0.45619,0.41365,0.41831
2015-07-17,0.43322,0.42328,0.42864
2015-07-20,0.41222,0.40548,0.41934
2015-07-21,0.42373,0.42554,0.41513
2015-07-22,0.43577,0.43571,0.40179
2015-07-23,0.36277,0.40835,0.44504
2015-07-24,0.3751,0.39674,0.42742
2015-07-27,0.3648,0.38298,0.4125
2015-07-28,0.34158,0.37418,0.40973
2015-07-29,0.35304,0.38699,0.42865
2015-07-30,0.38631,0.40471,0.42622
2015-07-31,0.39674,0.4174,0.42642
2015-08-03,0.36147,0.40428,0.45576
2015-08-04,0.32799,0.36254,0.42045
2015-08-05,0.38142,0.40011,0.40917
2015-08-06,0.40588,0.39537,0.42377
2015-08-07,0.41572,0.41542,0.44459
2015-08-10,0.40542,0.40025,0.40765
2015-08-11,0.39923,0.40905,0.43154
2015-08-12,0.39302,0.3976,0.43114
2015-08-13,0.42247,0.43292,0.45445
2015-08-14,0.43343,0.42315,0.43326
2015-08-17,0.44682,0.44157,0.42509
2015-08-18,0.4602,0.41812,0.44457
2015-08-19,0.46895,0.44235,0.46289
2015-08-20,0.44901,0.42999,0.47226
2015-08-21,0.43094,0.4394,0.44786
2015-08-24,0.40183,0.42598,0.45997
2015-08-25,0.44198,0.4321,0.46654
2015-08-26,0.47458,0.46297,0.44452
2015-08-27,0.49774,0.45642,0.45194
2015-08-28,0.53457,0.47457,0.4477
2015-08-31,0.5368,0.47761,0.44928
2015-09-01,0.52421,0.51492,0.50654
2015-09-02,0.50182,0.46744,0.45245
2015-09-03,0.4995,0.46159,0.46926
2015-09-04,0.493,0.48063,0.4849
2015-09-08,0.47665,0.45132,0.4368
2015-09-09,0.49555,0.48676,0.44756
2015-09-10,0.47882,0.45847,0.46429
2015-09-11,0.53082,0.48832,0.46373
2015-09-14,0.53088,0.47801,0.47322
2015-09-15,0.49925,0.44581,0.43353
2015-09-16,0.49282,0.46747,0.46047
2015-09-17,0.48987,0.48483,0.4636
2015-09-18,0.50748,0.51003,0.5124
2015-09-21,0.49608,0.47337,0.46357
2015-09-22,0.52162,0.48199,0.45532
2015-09-23,0.48302,0.46981,0.48352
2015-09-24,0.47396,0.45667,0.47515
2015-09-25,0.47637,0.46224,0.48609
2015-09-28,0.43991,0.43062,0.45645
2015-09-29,0.44565,0.4468,0.43683
2015-09-30,0.44952,0.45972,0.47519
2015-10-01,0.49314,0.48552,0.51506
2015-10-02,0.49145,0.47664,0.47156
2015-10-05,0.4758,0.45343,0.45099
2015-10-06,0.45811,0.45807,0.47286
2015-10-07,0.42487,0.43838,0.4381
2015-10-08,0.43778,0.43683,0.44489
2015-10-09,0.44384,0.4399,0.44354
2015-10-12,0.44411,0.44983,0.45298
2015-10-13,0.46837,0.46053,0.45942
2015-10-14,0.47068,0.4679,0.45912
2015-10-15,0.49257,0.45398,0.4466
2015-10-16,0.48273,0.45755,0.48686
2015-10-19,0.4707,0.45696,0.45915
2015-10-20,0.46137,0.44719,0.46074
2015-10-21,0.46225,0.45574,0.49328
2015-10-22,0.42174,0.40453,0.4216
2015-10-23,0.45632,0.4409,0.42991
2015-10-26,0.47115,0.44737,0.44893
2015-10-27,0.43853,0.4353,0.48502
2015-10-28,0.41696,0.42717,0.43211
2015-10-29,0.46247,0.45877,0.45923
2015-10-30,0.44526,0.42854,0.46494
2015-11-02,0.43274,0.4348,0.42863
2015-11-03,0.45918,0.44206,0.43755
2015-11-04,0.47409,0.44736,0.43522
2015-11-05,0.42411,0.42876,0.41402
2015-11-06,0.44331,0.44712,0.39904
2015-11-09,0.46079,0.46268,0.45641
2015-11-10,0.41774,0.42147,0.42809
2015-11-11,0.41551,0.41761,0.45358
2015-11-12,0.47148,0.46304,0.47233
2015-11-13,0.43203,0.44448,0.46431
2015-11-16,0.45094,0.43347,0.43086
2015-11-17,0.44615,0.45354,0.43758
2015-11-18,0.41976,0.42882,0.41785
2015-11-19,0.45352,0.43495,0.43001
2015-11-20,0.44963,0.44843,0.43372
2015-11-23,0.45579,0.44255,0.42866
2015-11-24,0.4442,0.42385,0.40953
2015-11-25,0.43873,0.43715,0.42731
2015-11-27,0.45477,0.43214,0.45807
2015-11-30,0.43656,0.43176,0.45446
2015-12-01,0.43851,0.4337,0.4401
2015-12-02,0.44138,0.43006,0.46835
2015-12-03,0.43905,0.43189,0.48117
2015-12-04,0.4341,0.41712,0.42782
2015-12-07,0.4515,0.43535,0.47236
2015-12-08,0.44513,0.43822,0.44617
2015-12-09,0.48516,0.45957,0.45847
2015-12-10,0.42002,0.42622,0.44228
2015-12-11,0.42689,0.45321,0.49801
2015-12-14,0.38363,0.40287,0.46613
2015-12-15,0.37019,0.39105,0.42051
2015-12-16,0.38232,0.40608,0.43382
2015-12-17,0.43126,0.44431,0.47152
2015-12-18,0.42133,0.45505,0.49437
2015-12-21,0.42742,0.43143,0.44815
2015-12-22,0.447,0.43162,0.43615
2015-12-23,0.41491,0.40732,0.43845
2015-12-24,0.42855,0.42747,0.46985
2015-12-28,0.43586,0.45008,0.4684
2015-12-29,0.42916,0.42238,0.43155
2015-12-30,0.42956,0.44076,0.45679
2015-12-31,0.47367,0.4745,0.50301
2016-01-04,0.48442,0.49549,0.51513
2016-01-05,0.4475,0.45529,0.48409
2016-01-06,0.42156,0.43828,0.47491
2016-01-07,0.42566,0.44459,0.48135
2016-01-08,0.43614,0.45042,0.48903
2016-01-11,0.45813,0.43684,0.451
2016-01-12,0.49904,0.46393,0.48161
2016-01-13,0.48497,0.48059,0.49706
2016-01-14,0.45991,0.44386,0.43878
2016-01-15,0.48522,0.47501,0.4966
2016-01-19,0.43178,0.42606,0.48353
2016-01-20,0.44502,0.43739,0.45374
2016-01-21,0.48726,0.46828,0.44084
2016-01-22,0.48356,0.46506,0.43571
2016-01-25,0.50631,0.49232,0.49071
2016-01-26,0.49979,0.47539,0.44611
2016-01-27,0.46196,0.47439,0.47146
2016-01-28,0.42833,0.45201,0.47628
2016-01-29,0.4465,0.45109,0.41982
2016-02-01,0.46259,0.47312,0.46212
2016-02-02,0.47375,0.49168,0.5014
2016-02-03,0.44946,0.46337,0.45592
2016-02-04,0.42559,0.45523,0.46079
2016-02-05,0.41588,0.44465,0.46552
2016-02-08,0.41556,0.42084,0.42714
2016-02-09,0.44137,0.4405,0.4492
2016-02-10,0.46709,0.47021,0.44291
2016-02-11,0.47013,0.45971,0.46405
2016-02-12,0.48254,0.45283,0.44056
2016-02-16,0.46744,0.44729,0.43557
2016-02-17,0.43189,0.4427,0.4526
2016-02-18,0.46362,0.46433,0.47546
2016-02-19,0.46379,0.48363,0.46075
2016-02-22,0.43516,0.43549,0.43797
2016-02-23,0.46188,0.44265,0.45355
2016-02-24,0.47676,0.46944,0.45908
2016-02-25,0.45726,0.44621,0.42412
2016-02-26,0.45415,0.45345,0.44495
2016-02-29,0.45366,0.44853,0.44779
2016-03-01,0.4546,0.42855,0.42788
2016-03-02,0.46715,0.44552,0.43376
2016-03-03,0.43966,0.44075,0.43858
2016-03-04,0.45093,0.43987,0.42602
2016-03-07,0.4604,0.44553,0.42947
2016-03-08,0.44994,0.45768,0.46938
2016-03-09,0.44619,0.45154,0.44089
2016-03-10,0.49196,0.46824,0.48766
2016-03-11,0.4379,0.42227,0.43261
2016-03-14,0.46629,0.46917,0.4588
2016-03-15,0.46949,0.46167,0.48967
2016-03-16,0.49778,0.46754,0.47523
2016-03-17,0.45714,0.43564,0.42582
2016-03-18,0.46298,0.43725,0.45887
2016-03-21,0.46411,0.43252,0.45823
2016-03-22,0.45818,0.43411,0.44016
2016-03-23,0.47501,0.45122,0.50053
2016-03-24,0.49714,0.46528,0.45442
2016-03-28,0.47082,0.44436,0.46393
2016-03-29,0.4938,0.46463,0.42138
2016-03-30,0.47846,0.45466,0.42695
2016-03-31,0.45983,0.45068,0.44869
2016-04-01,0.50113,0.45683,0.47683
2016-04-04,0.45076,0.45001,0.46566
2016-04-05,0.46106,0.4509,0.47805
2016-04-06,0.46214,0.44384,0.44958
2016-04-07,0.49994,0.48169,0.50603
2016-04-08,0.47545,0.46209,0.46136
2016-04-11,0.44007,0.44467,0.43378
2016-04-12,0.43141,0.42527,0.43816
2016-04-13,0.46572,0.44439,0.41087
2016-04-14,0.45915,0.43784,0.44229
2016-04-15,0.45752,0.46122,0.45247
2016-04-18,0.42939,0.42731,0.42295
2016-04-19,0.4248,0.4336,0.42861
2016-04-20,0.38891,0.4208,0.43918
2016-04-21,0.39654,0.41678,0.44645
2016-04-22,0.40931,0.42707,0.43693
2016-04-25,0.41406,0.41861,0.47667
2016-04-26,0.38336,0.42156,0.46259
2016-04-27,0.41123,0.43105,0.4556
2016-04-28,0.40246,0.43036,0.44934
2016-04-29,0.44288,0.45156,0.47201
2016-05-02,0.4272,0.43228,0.47749
2016-05-03,0.44341,0.45886,0.49998
2016-05-04,0.47765,0.46505,0.47603
2016-05-05,0.47068,0.46729,0.45854
2016-05-06,0.43006,0.4421,0.44192
2016-05-09,0.4454,0.47147,0.46503
2016-05-10,0.4391,0.44348,0.44163
2016-05-11,0.4767,0.48417,0.48363
2016-05-12,0.51691,0.47602,0.49852
2016-05-13,0.49653,0.45904,0.46007
2016-05-16,0.46,0.43151,0.40951
2016-05-17,0.50117,0.47365,0.46436
2016-05-18,0.44967,0.4669,0.4593
2016-05-19,0.46539,0.46287,0.47458
2016-05-20,0.46921,0.46498,0.44848
2016-05-23,0.46967,0.45816,0.43608
2016-05-24,0.42256,0.4053,0.40444
2016-05-25,0.4524,0.438,0.43348
2016-05-26,0.41791,0.44452,0.45806
2016-05-27,0.42561,0.4358,0.43878
2016-05-31,0.43616,0.44682,0.42926
2016-06-01,0.40398,0.43754,0.41565
2016-06-02,0.40749,0.42494,0.42318
2016-06-03,0.44206,0.45682,0.45665
2016-06-06,0.42294,0.42295,0.42838
2016-06-07,0.4185,0.41892,0.43392
2016-06-08,0.40586,0.41337,0.42107
2016-06-09,0.42077,0.43373,0.44131
2016-06-10,0.47587,0.47359,0.45807
2016-06-13,0.41885,0.44199,0.45146
2016-06-14,0.41249,0.42133,0.46504
2016-06-15,0.41955,0.4362,0.46631
2016-06-16,0.4273,0.43577,0.46209
2016-06-17,0.43917,0.44725,0.45619
2016-06-20,0.38965,0.39411,0.41642
2016-06-21,0.38973,0.41135,0.46642
2016-06-22,0.39232,0.41394,0.4414
2016-06-23,0.39425,0.41314,0.41721
2016-06-24,0.45392,0.46792,0.49654
2016-06-27,0.40658,0.40949,0.4702
2016-06-28,0.42971,0.42888,0.45375
2016-06-29,0.42716,0.4389,0.44298
2016-06-30,0.4137,0.42019,0.45435
2016-07-01,0.41503,0.42045,0.46762
2016-07-05,0.4541,0.44471,0.49381
2016-07-06,0.43058,0.41117,0.42462
2016-07-07,0.43446,0.42871,0.44977
2016-07-08,0.4006,0.39676,0.39858
2016-07-11,0.40813,0.39813,0.42256
2016-07-12,0.42416,0.40307,0.4062
2016-07-13,0.42321,0.40536,0.44276
2016-07-14,0.3909,0.40284,0.41312
2016-07-15,0.39236,0.40744,0.43539
2016-07-18,0.35315,0.39008,0.42137
2016-07-19,0.38459,0.40565,0.46148
2016-07-20,0.38208,0.40869,0.43022
2016-07-21,0.38537,0.4054,0.45338
2016-07-22,0.37837,0.41259,0.43785
2016-07-25,0.33901,0.38735,0.43963
2016-07-26,0.37787,0.39811,0.42701
2016-07-27,0.36599,0.4012,0.42608
2016-07-28,0.39112,0.40756,0.43126
2016-07-29,0.42166,0.42106,0.43778
2016-08-01,0.3857,0.41493,0.44262
2016-08-02,0.4314,0.43129,0.45497
2016-08-03,0.44416,0.44463,0.42919
2016-08-04,0.43416,0.43123,0.44838
2016-08-05,0.41512,0.39882,0.39719
2016-08-08,0.42274,0.41256,0.41093
2016-08-09,0.40867,0.41569,0.4084
2016-08-10,0.39825,0.41999,0.44261
2016-08-11,0.39365,0.3927,0.42436
2016-08-12,0.36654,0.41062,0.43149
2016-08-15,0.38638,0.38849,0.40611
2016-08-16,0.39793,0.41425,0.45513
2016-08-17,0.38073,0.40043,0.45703
2016-08-18,0.41675,0.42023,0.41325
2016-08-19,0.39288,0.42506,0.44715
2016-08-22,0.34742,0.3827,0.43881
2016-08-23,0.38171,0.38947,0.43365
2016-08-24,0.3964,0.41971,0.46327
2016-08-25,0.39226,0.42433,0.46509
2016-08-26,0.40094,0.43476,0.47377
2016-08-29,0.40641,0.40634,0.43979
2016-08-30,0.41357,0.41783,0.46797
2016-08-31,0.40553,0.41555,0.46832
2016-09-01,0.37752,0.43561,0.47196
2016-09-02,0.40902,0.42521,0.47184
2016-09-06,0.42709,0.44414,0.46413
2016-09-07,0.4505,0.46055,0.4607
2016-09-08,0.45164,0.44338,0.46037
2016-09-09,0.45392,0.48672,0.51591
2016-09-12,0.42019,0.41253,0.46067
2016-09-13,0.4515,0.46946,0.51287
2016-09-14,0.44733,0.45476,0.50086
2016-09-15,0.445,0.43436,0.47073
2016-09-16,0.48541,0.49652,0.50873
2016-09-19,0.44502,0.4435,0.46747
2016-09-20,0.46125,0.47001,0.49015
2016-09-21,0.48777,0.45997,0.47325
2016-09-22,0.44729,0.43913,0.46382
2016-09-23,0.44813,0.45812,0.47228
2016-09-26,0.45449,0.46728,0.4786
2016-09-27,0.42557,0.43631,0.47519
2016-09-28,0.45802,0.48912,0.47199
2016-09-29,0.46577,0.48768,0.49399
2016-09-30,0.41383,0.41059,0.45396
2016-10-03,0.48354,0.49468,0.48977
2016-10-04,0.47318,0.48657,0.50021
2016-10-05,0.47007,0.46816,0.44789
2016-10-06,0.44936,0.45257,0.47511
2016-10-07,0.4464,0.46058,0.49538
2016-10-10,0.3934,0.41031,0.44818
2016-10-11,0.48462,0.48792,0.50443
2016-10-12,0.42454,0.42924,0.49006
2016-10-13,0.43686,0.46104,0.4886
2016-10-14,0.43301,0.45895,0.52299
2016-10-17,0.41854,0.44021,0.51236
2016-10-18,0.45714,0.46092,0.47088
2016-10-19,0.47076,0.47069,0.46095
2016-10-20,0.45243,0.47392,0.48587
2016-10-21,0.45912,0.48864,0.47468
2016-10-24,0.43809,0.46902,0.476
2016-10-25,0.4048,0.44253,0.47145
2016-10-26,0.42861,0.46204,0.50643
2016-10-27,0.42234,0.45427,0.49361
2016-10-28,0.41341,0.4399,0.48841
2016-10-31,0.43459,0.45266,0.46499
2016-11-01,0.43198,0.44978,0.49334
2016-11-02,0.4027,0.44094,0.47393
2016-11-03,0.44653,0.4571,0.48154
2016-11-04,0.43367,0.44606,0.47532
2016-11-07,0.41757,0.41429,0.44109
2016-11-08,0.45533,0.43418,0.46755
2016-11-09,0.46919,0.45241,0.43218
2016-11-10,0.44786,0.44577,0.43577
2016-11-11,0.43733,0.43492,0.42136
2016-11-14,0.43859,0.43508,0.422
2016-11-15,0.41865,0.43094,0.4224
2016-11-16,0.46502,0.45754,0.42482
2016-11-17,0.46328,0.45107,0.44068
2016-11-18,0.47034,0.46043,0.43014
2016-11-21,0.44311,0.43934,0.40913
2016-11-22,0.4585,0.43773,0.41088
2016-11-23,0.42254,0.43744,0.41998
2016-11-25,0.42979,0.4632,0.48366
2016-11-28,0.39007,0.41755,0.461
2016-11-29,0.39684,0.41617,0.44559
2016-11-30,0.45128,0.4508,0.45895
2016-12-01,0.43824,0.44738,0.47449
2016-12-02,0.41887,0.43811,0.46742
2016-12-05,0.39705,0.42659,0.44244
2016-12-06,0.40856,0.42929,0.43977
2016-12-07,0.41132,0.42858,0.43829
2016-12-08,0.40389,0.42085,0.43805
2016-12-09,0.42013,0.42281,0.43029
2016-12-12,0.40108,0.4301,0.46606
2016-12-13,0.41774,0.43358,0.4512
2016-12-14,0.46561,0.46473,0.47589
2016-12-15,0.45346,0.44425,0.44682
2016-12-16,0.4524,0.45511,0.47675
2016-12-19,0.39523,0.41754,0.44494
2016-12-20,0.42592,0.41925,0.4357
2016-12-21,0.43803,0.43523,0.46428
2016-12-22,0.44446,0.43671,0.49654
2016-12-23,0.45277,0.43272,0.45638
2016-12-27,0.46227,0.44349,0.47355
2016-12-28,0.48743,0.47065,0.52487
2016-12-29,0.47678,0.45301,0.49949
2016-12-30,0.47575,0.46461,0.51701
2017-01-03,0.40041,0.41714,0.45975
2017-01-04,0.44298,0.44984,0.44449
2017-01-05,0.4542,0.46072,0.4911
2017-01-06,0.45717,0.43845,0.47534
2017-01-09,0.43934,0.44697,0.47441
2017-01-10,0.46629,0.44727,0.45618
2017-01-11,0.45296,0.4526,0.47681
2017-01-12,0.45735,0.4425,0.51831
2017-01-13,0.47009,0.46094,0.48157
2017-01-17,0.42594,0.44737,0.50147
2017-01-18,0.42964,0.44017,0.46802
2017-01-19,0.45722,0.44939,0.50934
2017-01-20,0.44317,0.43816,0.47652
2017-01-23,0.40131,0.43088,0.47199
2017-01-24,0.43531,0.43345,0.43131
2017-01-25,0.43128,0.43174,0.45933
2017-01-26,0.41925,0.42695,0.47207
2017-01-27,0.43487,0.44392,0.48091
2017-01-30,0.39033,0.41974,0.51104
2017-01-31,0.39113,0.42674,0.49661
2017-02-01,0.41105,0.43869,0.47215
2017-02-02,0.40764,0.42275,0.49633
2017-02-03,0.44351,0.43515,0.47707
2017-02-06,0.44075,0.44058,0.49504
2017-02-07,0.45323,0.45927,0.51855
2017-02-08,0.44397,0.43775,0.49548
2017-02-09,0.46434,0.45186,0.46519
2017-02-10,0.46042,0.44921,0.46278
2017-02-13,0.41945,0.42452,0.45409
2017-02-14,0.4325,0.42801,0.4448
2017-02-15,0.44249,0.43984,0.45212
2017-02-16,0.44583,0.44026,0.48414
2017-02-17,0.43977,0.43794,0.47152
2017-02-21,0.43341,0.42639,0.43435
2017-02-22,0.42883,0.42871,0.46835
2017-02-23,0.45846,0.44082,0.48547
2017-02-24,0.42649,0.42393,0.45404
2017-02-27,0.46564,0.43756,0.42648
2017-02-28,0.42986,0.43143,0.49391
2017-03-01,0.4061,0.40249,0.458
2017-03-02,0.46536,0.46302,0.49739
2017-03-03,0.4899,0.47754,0.48459
2017-03-06,0.45237,0.44337,0.47472
2017-03-07,0.45675,0.46126,0.50064
2017-03-08,0.44559,0.45233,0.50044
2017-03-09,0.45546,0.43964,0.50663
2017-03-10,0.44675,0.43968,0.48519
2017-03-13,0.46824,0.44055,0.49544
2017-03-14,0.46874,0.44647,0.48176
2017-03-15,0.46451,0.45152,0.4504
2017-03-16,0.45728,0.44535,0.47986
2017-03-17,0.48281,0.46893,0.46854
2017-03-20,0.42467,0.43744,0.4751
2017-03-21,0.46046,0.44539,0.50336
2017-03-22,0.42274,0.41302,0.49839
2017-03-23,0.45094,0.43468,0.48437
2017-03-24,0.4536,0.43935,0.48003
2017-03-27,0.43553,0.41446,0.47677
2017-03-28,0.42971,0.41316,0.47314
2017-03-29,0.45405,0.44897,0.46774
2017-03-30,0.47335,0.44466,0.46117
2017-03-31,0.46135,0.44409,0.474
2017-04-03,0.45324,0.47051,0.48014
2017-04-04,0.43722,0.43212,0.48555
2017-04-05,0.45244,0.4493,0.4953
2017-04-06,0.46851,0.44135,0.45729
2017-04-07,0.41786,0.4337,0.47211
2017-04-10,0.42682,0.43806,0.48092
2017-04-11,0.46515,0.45716,0.46538
2017-04-12,0.40924,0.41812,0.48135
2017-04-13,0.42919,0.43222,0.49134
2017-04-17,0.44264,0.43928,0.47003
2017-04-18,0.47372,0.48343,0.51308
2017-04-19,0.46115,0.46662,0.49004
2017-04-20,0.479,0.45489,0.46088
2017-04-21,0.48032,0.46566,0.49649
2017-04-24,0.3888,0.40101,0.45862
2017-04-25,0.42042,0.436,0.44073
2017-04-26,0.43458,0.45166,0.46822
2017-04-27,0.45003,0.4509,0.48492
2017-04-28,0.4819,0.46412,0.49985
2017-05-01,0.47784,0.45999,0.48129
2017-05-02,0.45602,0.45301,0.49892
2017-05-03,0.44729,0.44903,0.49714
2017-05-04,0.46481,0.45996,0.47548
2017-05-05,0.44776,0.4348,0.46056
2017-05-08,0.43062,0.43635,0.47457
2017-05-09,0.42199,0.43376,0.47274
2017-05-10,0.45454,0.43891,0.46678
2017-05-11,0.38796,0.41618,0.48727
2017-05-12,0.44045,0.45161,0.48091
2017-05-15,0.43617,0.43641,0.47118
2017-05-16,0.44206,0.44101,0.4704
2017-05-17,0.41231,0.44165,0.51515
2017-05-18,0.43526,0.43564,0.47405
2017-05-19,0.40967,0.42403,0.48141
2017-05-22,0.38989,0.40917,0.47136
2017-05-23,0.40301,0.41658,0.45907
2017-05-24,0.40561,0.41165,0.4542
2017-05-25,0.38858,0.40094,0.47168
2017-05-26,0.40259,0.39705,0.47343
2017-05-30,0.42101,0.39696,0.46743
2017-05-31,0.42401,0.4147,0.46531
2017-06-01,0.41271,0.41114,0.44857
2017-06-02,0.38386,0.39235,0.46929
2017-06-05,0.44742,0.42737,0.46952
2017-06-06,0.44637,0.42422,0.46086
2017-06-07,0.43695,0.42137,0.47979
2017-06-08,0.44192,0.41315,0.44691
2017-06-09,0.44609,0.43152,0.44234
2017-06-12,0.38053,0.39342,0.47726
2017-06-13,0.47114,0.44257,0.47495
2017-06-14,0.47925,0.46398,0.48757
2017-06-15,0.42947,0.42924,0.47897
2017-06-16,0.45429,0.45191,0.49511
2017-06-19,0.42176,0.42112,0.4565
2017-06-20,0.45046,0.42754,0.43828
2017-06-21,0.42019,0.41892,0.43111
2017-06-22,0.43312,0.42259,0.44802
2017-06-23,0.4408,0.43418,0.45707
2017-06-26,0.44653,0.42124,0.44581
2017-06-27,0.44386,0.42571,0.46181
2017-06-28,0.4224,0.41427,0.42921
2017-06-29,0.45762,0.43736,0.46894
2017-06-30,0.41669,0.41556,0.45896
2017-07-03,0.41195,0.41975,0.45466
2017-07-05,0.37221,0.3892,0.45793
2017-07-06,0.40385,0.41492,0.47607
2017-07-07,0.43161,0.41131,0.46174
2017-07-10,0.45276,0.44351,0.47473
2017-07-11,0.42834,0.43486,0.47642
2017-07-12,0.42462,0.41383,0.45583
2017-07-13,0.44473,0.42819,0.46526
2017-07-14,0.41822,0.41812,0.45541
2017-07-17,0.4515,0.43057,0.46629
2017-07-18,0.46964,0.44181,0.49595
2017-07-19,0.4374,0.43694,0.45049
2017-07-20,0.43705,0.42727,0.45546
2017-07-21,0.42992,0.41087,0.47302
2017-07-24,0.38452,0.38948,0.462
2017-07-25,0.39916,0.40076,0.45137
2017-07-26,0.41036,0.42788,0.4653
2017-07-27,0.44419,0.43805,0.47276
2017-07-28,0.44133,0.41981,0.45546
2017-07-31,0.39428,0.39447,0.48322
2017-08-01,0.36669,0.39215,0.48
2017-08-02,0.37813,0.39143,0.48609
2017-08-03,0.38079,0.38986,0.48713
2017-08-04,0.39191,0.40254,0.44958
2017-08-07,0.36846,0.39526,0.43085
2017-08-08,0.396,0.4071,0.45575
2017-08-09,0.39662,0.39992,0.45902
2017-08-10,0.35724,0.39187,0.47991
2017-08-11,0.38981,0.39948,0.48758
2017-08-14,0.39806,0.40536,0.45618
2017-08-15,0.40061,0.42099,0.48102
2017-08-16,0.4101,0.40742,0.45669
2017-08-17,0.42998,0.4381,0.50857
2017-08-18,0.41619,0.42546,0.47895
2017-08-21,0.36366,0.38983,0.48917
2017-08-22,0.36725,0.39151,0.46377
2017-08-23,0.39731,0.41089,0.47028
2017-08-24,0.37088,0.39603,0.45192
2017-08-25,0.41703,0.42343,0.47599
2017-08-28,0.39121,0.41403,0.44559
2017-08-29,0.41095,0.41921,0.42649
2017-08-30,0.42831,0.42635,0.45557
2017-08-31,0.43323,0.43589,0.46655
2017-09-01,0.44538,0.439,0.48307
2017-09-05,0.41283,0.42391,0.48203
2017-09-06,0.40791,0.41913,0.46254
2017-09-07,0.39828,0.42125,0.46426
2017-09-08,0.39645,0.41411,0.46346
2017-09-11,0.35703,0.38906,0.45001
2017-09-12,0.41921,0.42393,0.45394
2017-09-13,0.39862,0.41533,0.43114
2017-09-14,0.39264,0.4176,0.46128
2017-09-15,0.39461,0.42289,0.48499
2017-09-18,0.39552,0.39537,0.44538
2017-09-19,0.37549,0.39711,0.47234
2017-09-20,0.3947,0.41058,0.44676
2017-09-21,0.36379,0.39085,0.45515
2017-09-22,0.36609,0.38462,0.4508
2017-09-25,0.37192,0.38874,0.45796
2017-09-26,0.37989,0.39241,0.43573
2017-09-27,0.39565,0.40873,0.43082
2017-09-28,0.38275,0.40609,0.44732
2017-09-29,0.40728,0.40447,0.46632
2017-10-02,0.43682,0.41196,0.4421
2017-10-03,0.42389,0.40589,0.45592
2017-10-04,0.41968,0.39989,0.4551
2017-10-05,0.41025,0.40475,0.42735
2017-10-06,0.43085,0.43523,0.46262
2017-10-09,0.4129,0.40968,0.47893
2017-10-10,0.42767,0.41275,0.45537
2017-10-11,0.42957,0.41623,0.45841
2017-10-12,0.38523,0.39698,0.45295
2017-10-13,0.37728,0.38434,0.45899
2017-10-16,0.38521,0.38731,0.46371
2017-10-17,0.41332,0.4046,0.45613
2017-10-18,0.39751,0.39852,0.45618
2017-10-19,0.39996,0.40864,0.45204
2017-10-20,0.41738,0.4029,0.45013
2017-10-23,0.38178,0.39347,0.4707
2017-10-24,0.37589,0.37998,0.4495
2017-10-25,0.41363,0.40774,0.4727
2017-10-26,0.37942,0.39398,0.45333
2017-10-27,0.38259,0.37747,0.43316
2017-10-30,0.39069,0.39622,0.47228
2017-10-31,0.41451,0.40885,0.45736
2017-11-01,0.41683,0.40496,0.47396
2017-11-02,0.44354,0.42421,0.46138
2017-11-03,0.43238,0.41449,0.46347
2017-11-06,0.41806,0.41678,0.44444
2017-11-07,0.43707,0.42517,0.46023
2017-11-08,0.40528,0.40356,0.45133
2017-11-09,0.39919,0.39091,0.4686
2017-11-10,0.35477,0.37182,0.45064
2017-11-13,0.36814,0.36997,0.43074
2017-11-14,0.36794,0.3533,0.4351
2017-11-15,0.34518,0.35203,0.44139
2017-11-16,0.35019,0.353,0.41528
2017-11-17,0.38725,0.38187,0.4027
2017-11-20,0.36149,0.33409,0.41471
2017-11-21,0.34225,0.34315,0.41334
2017-11-22,0.3693,0.35958,0.42712
2017-11-24,0.34345,0.33612,0.46386
2017-11-27,0.38003,0.36022,0.43634
2017-11-28,0.34653,0.34035,0.40839
2017-11-29,0.34285,0.34357,0.4079
2017-11-30,0.36089,0.35191,0.40889
2017-12-01,0.38149,0.37716,0.43829
2017-12-04,0.36674,0.36159,0.42775
2017-12-05,0.37139,0.35955,0.44903
2017-12-06,0.39116,0.37117,0.45767
2017-12-07,0.38453,0.3642,0.43834
2017-12-08,0.38438,0.36629,0.45509
2017-12-11,0.38114,0.36148,0.45342
2017-12-12,0.38751,0.36365,0.4549
2017-12-13,0.37286,0.35779,0.432
2017-12-14,0.39544,0.36679,0.44881
2017-12-15,0.37702,0.35674,0.42314
2017-12-18,0.36932,0.35532,0.41175
2017-12-19,0.37229,0.34546,0.43916
2017-12-20,0.38974,0.37837,0.42631
2017-12-21,0.38032,0.36585,0.41987
2017-12-22,0.4184,0.3863,0.44193
2017-12-26,0.44168,0.40644,0.45756
2017-12-27,0.3683,0.35689,0.47051
2017-12-28,0.39213,0.37463,0.44963
2017-12-29,0.4061,0.39243,0.49623
2018-01-02,0.36399,0.3605,0.44421
2018-01-03,0.3679,0.3614,0.44905
2018-01-04,0.41091,0.37885,0.46634
2018-01-05,0.38455,0.37833,0.46745
2018-01-08,0.43252,0.38565,0.4502
2018-01-09,0.4135,0.38072,0.45799
2018-01-10,0.39849,0.38322,0.44407
2018-01-11,0.3793,0.36349,0.41618
2018-01-12,0.4056,0.3819,0.4341
2018-01-16,0.38996,0.37348,0.45703
2018-01-17,0.38563,0.36568,0.44019
2018-01-18,0.36772,0.36485,0.45974
2018-01-19,0.38514,0.36694,0.45633
2018-01-22,0.33696,0.33124,0.4372
2018-01-23,0.34678,0.35562,0.44071
2018-01-24,0.35315,0.35486,0.4493
2018-01-25,0.35276,0.35234,0.43165
2018-01-26,0.34634,0.34216,0.42342
2018-01-29,0.352,0.35362,0.44375
2018-01-30,0.32677,0.34301,0.45636
2018-01-31,0.35763,0.3632,0.46352
2018-02-01,0.35303,0.36044,0.46519
2018-02-02,0.36848,0.36993,0.46565
2018-02-05,0.36904,0.37734,0.48336
2018-02-06,0.40863,0.4208,0.45051
2018-02-07,0.39568,0.3932,0.45519
2018-02-08,0.41516,0.42228,0.49088
2018-02-09,0.40432,0.39836,0.45928
2018-02-12,0.43435,0.42536,0.44947
2018-02-13,0.43927,0.4174,0.47154
2018-02-14,0.44045,0.41145,0.44623
2018-02-15,0.44672,0.40952,0.43492
2018-02-16,0.4162,0.39984,0.45504
2018-02-20,0.39427,0.39245,0.46846
2018-02-21,0.46191,0.42061,0.45524
2018-02-22,0.46677,0.40709,0.46021
2018-02-23,0.40455,0.38796,0.44644
2018-02-26,0.39118,0.36949,0.44517
2018-02-27,0.41677,0.40067,0.47799
2018-02-28,0.4296,0.40008,0.46892
2018-03-01,0.44509,0.42659,0.46593
2018-03-02,0.43759,0.41635,0.43865
2018-03-05,0.44665,0.41012,0.43367
2018-03-06,0.45856,0.42435,0.43389
2018-03-07,0.45468,0.43839,0.44703
2018-03-08,0.44918,0.4163,0.46312
2018-03-09,0.42468,0.39111,0.41211
2018-03-12,0.48673,0.44295,0.43342
2018-03-13,0.4917,0.44559,0.4399
2018-03-14,0.47788,0.44571,0.44916
2018-03-15,0.44924,0.4165,0.46527
2018-03-16,0.42751,0.41128,0.44918
2018-03-19,0.4362,0.43478,0.46494
2018-03-20,0.42564,0.4118,0.45736
2018-03-21,0.45616,0.42298,0.42837
2018-03-22,0.438,0.42228,0.47893
2018-03-23,0.4594,0.43543,0.49423
2018-03-26,0.4648,0.43259,0.45633
2018-03-27,0.48638,0.45013,0.48808
2018-03-28,0.46716,0.43438,0.46931
2018-03-29,0.45455,0.42528,0.46257
2018-04-02,0.48083,0.45738,0.49828
2018-04-03,0.47254,0.43684,0.46881
2018-04-04,0.46739,0.43022,0.45697
2018-04-05,0.46772,0.43173,0.45439
2018-04-06,0.49656,0.48187,0.49522
2018-04-09,0.45459,0.42143,0.43456
2018-04-10,0.47227,0.44411,0.45468
2018-04-11,0.502,0.45747,0.44669
2018-04-12,0.49519,0.44069,0.45905
2018-04-13,0.49592,0.44423,0.46758
2018-04-16,0.47719,0.42511,0.45058
2018-04-17,0.44408,0.41776,0.44728
2018-04-18,0.44495,0.42138,0.4533
2018-04-19,0.48151,0.44382,0.47856
2018-04-20,0.45655,0.43486,0.47687
2018-04-23,0.47247,0.42618,0.46035
2018-04-24,0.48455,0.45257,0.47211
2018-04-25,0.48953,0.45692,0.48498
2018-04-26,0.46079,0.43624,0.44458
2018-04-27,0.42169,0.41808,0.45636
2018-04-30,0.45621,0.43165,0.46032
2018-05-01,0.46408,0.43551,0.45172
2018-05-02,0.44293,0.4217,0.44539
2018-05-03,0.47096,0.43179,0.46703
2018-05-04,0.48457,0.42745,0.44276
2018-05-07,0.46777,0.42724,0.42008
2018-05-08,0.45684,0.43434,0.44663
2018-05-09,0.45841,0.41876,0.42934
2018-05-10,0.48362,0.43261,0.43706
2018-05-11,0.43204,0.42001,0.43716
2018-05-14,0.44753,0.43243,0.44942
2018-05-15,0.47591,0.44333,0.46319
2018-05-16,0.44971,0.42599,0.44969
2018-05-17,0.48202,0.44668,0.45375
2018-05-18,0.43935,0.42975,0.44467
2018-05-21,0.43051,0.43342,0.43296
2018-05-22,0.45665,0.43971,0.46375
2018-05-23,0.45581,0.44447,0.45106
2018-05-24,0.47251,0.45699,0.44815
2018-05-25,0.43523,0.43578,0.46548
2018-05-29,0.47283,0.46192,0.4655
2018-05-30,0.45279,0.42181,0.43703
2018-05-31,0.46423,0.4486,0.46379
2018-06-01,0.4564,0.4312,0.45612
2018-06-04,0.45177,0.42819,0.46634
2018-06-05,0.47895,0.45231,0.45045
2018-06-06,0.45497,0.42811,0.45878
2018-06-07,0.46094,0.4389,0.45302
2018-06-08,0.47048,0.44911,0.46925
2018-06-11,0.44833,0.43663,0.46325
2018-06-12,0.43982,0.41052,0.45485
2018-06-13,0.48051,0.4696,0.47677
2018-06-14,0.47141,0.44982,0.44723
2018-06-15,0.46377,0.43708,0.45103
2018-06-18,0.4327,0.4266,0.43608
2018-06-19,0.45782,0.44088,0.42983
2018-06-20,0.4604,0.44133,0.41637
2018-06-21,0.48323,0.44748,0.44193
2018-06-22,0.43913,0.4101,0.45007
2018-06-25,0.44984,0.43056,0.42879
2018-06-26,0.45581,0.4327,0.43156
2018-06-27,0.47388,0.4462,0.45542
2018-06-28,0.442,0.43935,0.44619
2018-06-29,0.46075,0.43761,0.46332
2018-07-02,0.42983,0.42639,0.46084
2018-07-03,0.46214,0.43386,0.45768
2018-07-05,0.46481,0.44043,0.46887
2018-07-06,0.43473,0.41707,0.43736
2018-07-09,0.46122,0.42577,0.44769
2018-07-10,0.45804,0.4204,0.45772
2018-07-11,0.43404,0.43744,0.44812
2018-07-12,0.41093,0.40607,0.45179
2018-07-13,0.44848,0.43093,0.43374
2018-07-16,0.47068,0.43801,0.43508
2018-07-17,0.51104,0.46123,0.43692
2018-07-18,0.44729,0.42288,0.4531
2018-07-19,0.45746,0.44445,0.43348
2018-07-20,0.43276,0.42954,0.44501
2018-07-23,0.41656,0.40988,0.42095
2018-07-24,0.41312,0.40536,0.45394
2018-07-25,0.4153,0.41256,0.43793
2018-07-26,0.41455,0.40266,0.42363
2018-07-27,0.39043,0.39493,0.46514
2018-07-30,0.38443,0.39495,0.43648
2018-07-31,0.40908,0.4026,0.42734
2018-08-01,0.40953,0.40902,0.44938
2018-08-02,0.40319,0.39308,0.43915
2018-08-03,0.42021,0.41253,0.44314
2018-08-06,0.40192,0.40132,0.42869
2018-08-07,0.3966,0.40101,0.45548
2018-08-08,0.40655,0.40628,0.43581
2018-08-09,0.40638,0.41281,0.42831
2018-08-10,0.42773,0.42433,0.41635
2018-08-13,0.44753,0.42108,0.43594
2018-08-14,0.42077,0.40792,0.43212
2018-08-15,0.42275,0.42289,0.46654
2018-08-16,0.40604,0.39024,0.43195
2018-08-17,0.45151,0.41613,0.43522
2018-08-20,0.43014,0.40237,0.43399
2018-08-21,0.43682,0.40126,0.41693
2018-08-22,0.43973,0.40446,0.42371
2018-08-23,0.41778,0.40067,0.42709
2018-08-24,0.40402,0.39028,0.42058
2018-08-27,0.42019,0.394,0.43107
2018-08-28,0.41817,0.4052,0.43352
2018-08-29,0.43687,0.41019,0.42528
2018-08-30,0.44878,0.4333,0.43059
2018-08-31,0.4484,0.42963,0.45375
2018-09-04,0.43022,0.41087,0.45786
2018-09-05,0.41705,0.39572,0.43909
2018-09-06,0.40416,0.39165,0.46216
2018-09-07,0.45705,0.41758,0.44182
2018-09-10,0.45445,0.4275,0.44536
2018-09-11,0.42308,0.39039,0.42741
2018-09-12,0.45045,0.41617,0.42053
2018-09-13,0.41153,0.40552,0.43977
2018-09-14,0.40061,0.39613,0.42902
2018-09-17,0.45423,0.43295,0.45147
2018-09-18,0.40521,0.39655,0.40981
2018-09-19,0.39961,0.3914,0.43928
2018-09-20,0.39314,0.40277,0.41645
2018-09-21,0.44597,0.43383,0.465
2018-09-24,0.35944,0.3914,0.43801
2018-09-25,0.37109,0.38717,0.4272
2018-09-26,0.35753,0.39478,0.48033
2018-09-27,0.35178,0.36978,0.46413
2018-09-28,0.41289,0.39263,0.45416
2018-10-01,0.40128,0.37875,0.46915
2018-10-02,0.42379,0.39975,0.46943
2018-10-03,0.43302,0.41185,0.44937
2018-10-04,0.43286,0.41315,0.48103
2018-10-05,0.39613,0.39671,0.48459
2018-10-08,0.37589,0.37958,0.45849
2018-10-09,0.40352,0.39523,0.46649
2018-10-10,0.38884,0.39935,0.46517
2018-10-11,0.36764,0.39317,0.48265
2018-10-12,0.44816,0.43386,0.48476
2018-10-15,0.41858,0.41698,0.47284
2018-10-16,0.38698,0.39211,0.44368
2018-10-17,0.40018,0.41693,0.46885
2018-10-18,0.40598,0.41439,0.46625
2018-10-19,0.45127,0.41763,0.47738
2018-10-22,0.41709,0.39907,0.47796
2018-10-23,0.42396,0.39753,0.45036
2018-10-24,0.4414,0.42808,0.50638
2018-10-25,0.4007,0.39237,0.44776
2018-10-26,0.41737,0.40896,0.49216
2018-10-29,0.40085,0.39217,0.487
2018-10-30,0.38076,0.37909,0.44992
2018-10-31,0.43411,0.41609,0.48543
2018-11-01,0.42709,0.41049,0.45053
2018-11-02,0.4504,0.43921,0.48249
2018-11-05,0.39938,0.3903,0.46288
2018-11-06,0.42394,0.40936,0.4619
2018-11-07,0.42112,0.40407,0.45246
2018-11-08,0.41633,0.41036,0.46644
2018-11-09,0.41241,0.40972,0.48458
2018-11-12,0.40553,0.39834,0.45209
2018-11-13,0.41033,0.41378,0.45479
2018-11-14,0.39798,0.40239,0.47396
2018-11-15,0.40576,0.40873,0.44905
2018-11-16,0.40966,0.41451,0.45873
2018-11-19,0.36216,0.37549,0.46705
2018-11-20,0.35408,0.38049,0.45304
2018-11-21,0.43101,0.42181,0.44023
2018-11-23,0.42542,0.42787,0.46048
2018-11-26,0.44897,0.41845,0.4411
2018-11-27,0.44173,0.41617,0.45632
2018-11-28,0.47206,0.44262,0.43119
2018-11-29,0.45522,0.43889,0.46694
2018-11-30,0.46707,0.43416,0.46608
2018-12-03,0.44372,0.40785,0.4511
2018-12-04,0.42606,0.42318,0.5152
2018-12-06,0.41469,0.40756,0.47792
2018-12-07,0.43234,0.42701,0.4801
2018-12-10,0.36597,0.37755,0.44446
2018-12-11,0.42024,0.40382,0.44505
2018-12-12,0.39478,0.38933,0.4217
2018-12-13,0.42508,0.40401,0.46737
2018-12-14,0.43412,0.40635,0.46406
2018-12-17,0.38786,0.38906,0.45963
2018-12-18,0.41307,0.39897,0.45256
2018-12-19,0.44485,0.42998,0.47004
2018-12-20,0.38345,0.39579,0.46397
2018-12-21,0.38223,0.38669,0.47318
2018-12-24,0.3944,0.40439,0.48713
2018-12-26,0.47183,0.44803,0.43597
2018-12-27,0.46772,0.46536,0.48451
2018-12-28,0.46442,0.4539,0.46994
2018-12-31,0.47047,0.44467,0.48284
2019-01-02,0.4935,0.4751,0.49175
2019-01-03,0.45978,0.4643,0.52315
2019-01-04,0.45351,0.43311,0.49114
2019-01-07,0.47327,0.45208,0.49746
2019-01-08,0.47681,0.45267,0.48459
2019-01-09,0.51303,0.4688,0.45094
2019-01-10,0.46589,0.4534,0.48019
2019-01-11,0.49425,0.46428,0.47153
2019-01-14,0.4906,0.46119,0.49318
2019-01-15,0.50051,0.45954,0.48356
2019-01-16,0.49425,0.45844,0.48158
2019-01-17,0.50557,0.47051,0.4859
2019-01-18,0.49267,0.45786,0.48414
2019-01-22,0.43077,0.42776,0.51617
2019-01-23,0.46587,0.43229,0.49385
2019-01-24,0.4505,0.43151,0.48506
2019-01-25,0.44747,0.42007,0.46935
2019-01-28,0.44978,0.43595,0.49475
2019-01-29,0.42222,0.42256,0.48068
2019-01-30,0.45791,0.43252,0.45195
2019-01-31,0.42402,0.4195,0.47323
2019-02-01,0.44234,0.43612,0.47013
2019-02-04,0.46733,0.43575,0.45357
2019-02-05,0.46415,0.43729,0.48454
2019-02-06,0.44957,0.44296,0.47177
2019-02-07,0.43773,0.4414,0.49985
2019-02-08,0.4464,0.44741,0.48713
2019-02-11,0.43048,0.41007,0.46174
2019-02-12,0.42021,0.40653,0.45001
2019-02-13,0.4427,0.42853,0.47029
2019-02-14,0.45183,0.45302,0.46571
2019-02-15,0.43117,0.42336,0.43203
2019-02-19,0.38447,0.40759,0.4644
2019-02-20,0.43649,0.43336,0.46213
2019-02-21,0.42403,0.43749,0.46905
2019-02-22,0.39944,0.41266,0.41444
2019-02-25,0.40576,0.40399,0.43715
2019-02-26,0.43536,0.43979,0.45517
2019-02-27,0.42686,0.43877,0.45013
2019-02-28,0.4262,0.43651,0.46567
2019-03-01,0.45087,0.43404,0.43698
2019-03-04,0.439,0.42815,0.47449
2019-03-05,0.42932,0.42404,0.45465
2019-03-06,0.45538,0.48904,0.4737
2019-03-07,0.46076,0.48302,0.48098
2019-03-08,0.44722,0.45626,0.47557
2019-03-11,0.40888,0.44877,0.44615
2019-03-12,0.4394,0.45781,0.45147
2019-03-13,0.4172,0.43965,0.42908
2019-03-14,0.43197,0.43473,0.46456
2019-03-15,0.43462,0.43948,0.49187
2019-03-18,0.45929,0.43879,0.44184
2019-03-19,0.46401,0.4479,0.4606
2019-03-20,0.49146,0.46729,0.46328
2019-03-21,0.48202,0.44375,0.46404
2019-03-22,0.46847,0.44534,0.50488
2019-03-25,0.47675,0.43702,0.45404
2019-03-26,0.47014,0.42323,0.47506
2019-03-27,0.47382,0.4326,0.45049
2019-03-28,0.43064,0.41957,0.47295
2019-03-29,0.43066,0.43804,0.48545
2019-04-01,0.40782,0.39951,0.45316
2019-04-02,0.4078,0.40484,0.46696
2019-04-03,0.39803,0.39725,0.46237
2019-04-04,0.42767,0.41731,0.47319
2019-04-05,0.41613,0.40503,0.45813
2019-04-08,0.45733,0.44177,0.46567
2019-04-09,0.47626,0.44354,0.48024
2019-04-10,0.44032,0.41844,0.44202
2019-04-11,0.42395,0.41702,0.46504
2019-04-12,0.43334,0.41937,0.47018
2019-04-15,0.4292,0.40119,0.44341
2019-04-16,0.44504,0.40139,0.44697
2019-04-17,0.44333,0.40399,0.45791
2019-04-18,0.43451,0.40851,0.45401
2019-04-22,0.41999,0.40537,0.45835
2019-04-23,0.42254,0.40175,0.44524
2019-04-24,0.42904,0.42094,0.46991
2019-04-25,0.42294,0.42146,0.48233
2019-04-26,0.42094,0.41794,0.45805
2019-04-29,0.38142,0.39646,0.46589
2019-04-30,0.38286,0.39486,0.48008
2019-05-01,0.40327,0.41099,0.46799
2019-05-02,0.4092,0.41061,0.4723
2019-05-03,0.3857,0.38206,0.44221
2019-05-06,0.41563,0.41763,0.48494
2019-05-07,0.40991,0.4212,0.50244
2019-05-08,0.39942,0.41041,0.48116
2019-05-09,0.39859,0.41335,0.50251
2019-05-10,0.41305,0.4241,0.45644
2019-05-13,0.40891,0.41964,0.49153
2019-05-14,0.43341,0.42149,0.44397
2019-05-15,0.42659,0.42087,0.46652
2019-05-16,0.45384,0.44305,0.46716
2019-05-17,0.44729,0.46476,0.49168
2019-05-20,0.40756,0.42118,0.49171
2019-05-21,0.41033,0.42545,0.44043
2019-05-22,0.41804,0.42509,0.47747
2019-05-23,0.42173,0.43287,0.51559
2019-05-24,0.42534,0.44235,0.49798
2019-05-28,0.41807,0.43691,0.47483
2019-05-29,0.44412,0.43808,0.4814
2019-05-30,0.45362,0.4489,0.48305
2019-05-31,0.46652,0.4601,0.49927
2019-06-03,0.42394,0.42993,0.47215
2019-06-04,0.46895,0.44212,0.44193
2019-06-05,0.45339,0.43867,0.45089
2019-06-06,0.44547,0.42752,0.46844
2019-06-07,0.43699,0.42113,0.47372
2019-06-10,0.45591,0.42989,0.47002
2019-06-11,0.46468,0.42941,0.45063
2019-06-12,0.45247,0.43289,0.46387
2019-06-13,0.47159,0.44583,0.46139
2019-06-14,0.43683,0.4373,0.50045
2019-06-17,0.41568,0.41201,0.43041
2019-06-18,0.38022,0.37787,0.43361
2019-06-19,0.39968,0.40326,0.44737
2019-06-20,0.44609,0.43051,0.45541
2019-06-21,0.41894,0.42688,0.46517
2019-06-24,0.42294,0.43461,0.46382
2019-06-25,0.41625,0.40495,0.42285
2019-06-26,0.40835,0.41331,0.43143
2019-06-27,0.40516,0.40504,0.42007
2019-06-28,0.3735,0.39524,0.45125
2019-07-01,0.39057,0.40488,0.45531
2019-07-02,0.41927,0.41702,0.46871
2019-07-03,0.38096,0.3709,0.45024
2019-07-05,0.42041,0.43259,0.47039
2019-07-08,0.3784,0.39814,0.48597
2019-07-09,0.3911,0.39843,0.4845
2019-07-10,0.36661,0.38603,0.47317
2019-07-11,0.40562,0.38778,0.48937
2019-07-12,0.41707,0.39721,0.46152
2019-07-15,0.4004,0.39365,0.47262
2019-07-16,0.3901,0.37686,0.47488
2019-07-17,0.42066,0.40442,0.50262
2019-07-18,0.43891,0.42497,0.47263
2019-07-19,0.45597,0.43952,0.48725
2019-07-22,0.42862,0.42529,0.45631
2019-07-23,0.43887,0.42211,0.44917
2019-07-24,0.40903,0.40956,0.42811
2019-07-25,0.45383,0.44485,0.47991
2019-07-26,0.44783,0.43576,0.44677
2019-07-29,0.38889,0.39651,0.48461
2019-07-30,0.40721,0.41224,0.45441
2019-07-31,0.43267,0.4286,0.45835
2019-08-01,0.41288,0.4298,0.48963
2019-08-02,0.40289,0.43117,0.4912
2019-08-05,0.39701,0.42448,0.49941
2019-08-06,0.43789,0.4382,0.50157
2019-08-07,0.46674,0.45224,0.46498
2019-08-08,0.43819,0.42674,0.47474
2019-08-09,0.45261,0.44009,0.49798
2019-08-12,0.43288,0.42439,0.52437
2019-08-13,0.40595,0.41546,0.51493
2019-08-14,0.45005,0.45527,0.50168
2019-08-15,0.40799,0.42118,0.51523
2019-08-16,0.40584,0.42105,0.47825
2019-08-19,0.39483,0.40513,0.48163
2019-08-20,0.42055,0.43034,0.48092
2019-08-21,0.4002,0.40881,0.48545
2019-08-22,0.41359,0.42232,0.47766
2019-08-23,0.44357,0.46732,0.52392
2019-08-26,0.40747,0.41541,0.50107
2019-08-27,0.41066,0.42116,0.52359
2019-08-28,0.42302,0.42015,0.46265
2019-08-29,0.4119,0.412,0.48006
2019-08-30,0.4423,0.44314,0.51804
2019-09-03,0.43028,0.44847,0.51996
2019-09-04,0.40693,0.41177,0.51447
2019-09-05,0.39485,0.40883,0.47266
2019-09-06,0.40954,0.41554,0.48486
2019-09-09,0.42037,0.41918,0.48852
2019-09-10,0.41776,0.42158,0.45551
2019-09-11,0.40465,0.41783,0.43225
2019-09-12,0.4241,0.42329,0.45365
2019-09-13,0.43788,0.42208,0.4595
2019-09-16,0.46782,0.43049,0.46374
2019-09-17,0.44525,0.43639,0.49304
2019-09-18,0.46539,0.45182,0.51713
2019-09-19,0.43916,0.44517,0.51935
2019-09-20,0.45107,0.45506,0.52376
2019-09-23,0.4172,0.42725,0.47294
2019-09-24,0.41551,0.41871,0.49458
2019-09-25,0.41679,0.40365,0.47846
2019-09-26,0.44045,0.40649,0.51003
2019-09-27,0.44711,0.42467,0.50407
2019-09-30,0.39339,0.37763,0.48977
2019-10-01,0.38204,0.39674,0.50598
2019-10-02,0.40515,0.40516,0.49681
2019-10-03,0.43415,0.40677,0.47263
2019-10-04,0.42965,0.41803,0.46836
2019-10-07,0.42579,0.41527,0.47805
2019-10-08,0.4378,0.41997,0.49988
2019-10-09,0.41668,0.39833,0.47062
2019-10-10,0.43671,0.41382,0.47097
2019-10-11,0.41577,0.40191,0.44448
2019-10-14,0.44092,0.43452,0.49506
2019-10-15,0.44812,0.43481,0.47924
2019-10-16,0.43236,0.40522,0.45933
2019-10-17,0.46256,0.43579,0.45469
2019-10-18,0.45491,0.43004,0.47387
2019-10-21,0.45935,0.41371,0.44452
2019-10-22,0.46283,0.42918,0.44329
2019-10-23,0.45723,0.4194,0.44784
2019-10-24,0.45891,0.42388,0.46913
2019-10-25,0.52826,0.46686,0.46297
2019-10-28,0.44905,0.42156,0.42759
2019-10-29,0.47139,0.43337,0.4518
2019-10-30,0.45533,0.44524,0.47297
2019-10-31,0.4668,0.45407,0.47204
2019-11-01,0.44955,0.43951,0.44347
2019-11-04,0.44485,0.41169,0.41586
2019-11-05,0.44836,0.4116,0.43563
2019-11-06,0.44284,0.41367,0.4532
2019-11-07,0.40855,0.40194,0.44301
2019-11-08,0.43664,0.43035,0.4332
2019-11-11,0.44954,0.43619,0.44339
2019-11-12,0.4473,0.43324,0.44496
2019-11-13,0.47772,0.44877,0.43396
2019-11-14,0.45088,0.43328,0.45559
2019-11-15,0.449,0.44096,0.4421
2019-11-18,0.43828,0.42597,0.44162
2019-11-19,0.43056,0.4254,0.46428
2019-11-20,0.43962,0.43356,0.42718
2019-11-21,0.47053,0.43498,0.43801
2019-11-22,0.46589,0.41658,0.44362
2019-11-25,0.40038,0.38314,0.39914
2019-11-26,0.40043,0.39044,0.44728
2019-11-27,0.41127,0.39547,0.44028
2019-11-29,0.46256,0.42228,0.50276
2019-12-02,0.40077,0.4056,0.46128
2019-12-03,0.39439,0.39713,0.46969
2019-12-04,0.40468,0.39913,0.44395
2019-12-05,0.43139,0.42202,0.45228
2019-12-06,0.40788,0.41546,0.42597
2019-12-09,0.40557,0.41031,0.43723
2019-12-10,0.41956,0.41372,0.4479
2019-12-11,0.42464,0.42885,0.46327
2019-12-12,0.42446,0.43572,0.42101
2019-12-13,0.47987,0.47292,0.44231
2019-12-16,0.45573,0.40634,0.43124
2019-12-17,0.43366,0.40567,0.42943
2019-12-18,0.44697,0.41897,0.41602
2019-12-19,0.5107,0.45672,0.44585
2019-12-20,0.50439,0.46687,0.46365
2019-12-23,0.48099,0.44349,0.44261
2019-12-24,0.50246,0.47962,0.46105
2019-12-26,0.50407,0.46809,0.45727
2019-12-27,0.46485,0.43363,0.4754
2019-12-30,0.45668,0.44255,0.46261
2019-12-31,0.45356,0.4348,0.46715
2020-01-02,0.44835,0.42761,0.47831
2020-01-03,0.46676,0.4386,0.45854
2020-01-06,0.40661,0.40117,0.44858
2020-01-07,0.44544,0.40187,0.46272
2020-01-08,0.42753,0.38532,0.4409
2020-01-09,0.44547,0.41087,0.46222
2020-01-10,0.46114,0.42955,0.44366
2020-01-13,0.47965,0.4159,0.44559
2020-01-14,0.49887,0.43764,0.44637
2020-01-15,0.46873,0.42609,0.47139
2020-01-16,0.48283,0.42769,0.45525
2020-01-17,0.48827,0.44022,0.46036
2020-01-21,0.46725,0.43416,0.46007
2020-01-22,0.47366,0.44167,0.4442
2020-01-23,0.47101,0.43609,0.44631
2020-01-24,0.4975,0.46463,0.4692
2020-01-27,0.43699,0.42738,0.46436
2020-01-28,0.4771,0.4473,0.46402
2020-01-29,0.47812,0.45496,0.4521
2020-01-30,0.4646,0.44065,0.46529
2020-01-31,0.41269,0.4245,0.47328
2020-02-03,0.47119,0.40772,0.46537
2020-02-04,0.4973,0.38756,0.43261
2020-02-05,0.46447,0.41122,0.42413
2020-02-06,0.50434,0.41463,0.43359
2020-02-07,0.48155,0.43052,0.47054
2020-02-10,0.42861,0.41012,0.45364
2020-02-11,0.4495,0.42417,0.43448
2020-02-12,0.41342,0.40565,0.45827
2020-02-13,0.4246,0.42255,0.43697
2020-02-14,0.45996,0.43384,0.44353
2020-02-18,0.44386,0.40747,0.43626
2020-02-19,0.48894,0.41652,0.45818
2020-02-20,0.47024,0.42773,0.46204
2020-02-21,0.45737,0.42111,0.46911
2020-02-24,0.37087,0.37903,0.47575
2020-02-25,0.40369,0.39289,0.48934
2020-02-26,0.41276,0.39845,0.47822
2020-02-27,0.36226,0.35977,0.46184
2020-02-28,0.3791,0.37843,0.4554
2020-03-02,0.49469,0.45009,0.45485
2020-03-03,0.49085,0.45752,0.48168
2020-03-04,0.47402,0.42031,0.4612
2020-03-05,0.47691,0.4626,0.50435
2020-03-06,0.46194,0.45395,0.48856
2020-03-09,0.4294,0.4152,0.4735
2020-03-10,0.44378,0.41944,0.43726
2020-03-11,0.45422,0.43832,0.47619
2020-03-12,0.35787,0.37755,0.45005
2020-03-13,0.38093,0.39108,0.41824
2020-03-16,0.36068,0.37207,0.42222
2020-03-17,0.35703,0.35291,0.37723
2020-03-18,0.37138,0.36198,0.39989
2020-03-19,0.3814,0.35334,0.3869
2020-03-20,0.43843,0.41235,0.44423
2020-03-23,0.37792,0.36771,0.42276
2020-03-24,0.44067,0.40334,0.41431
2020-03-25,0.50704,0.46396,0.42121
2020-03-26,0.52275,0.4841,0.4533
2020-03-27,0.54555,0.50124,0.48077
2020-03-30,0.52424,0.47518,0.44733
2020-03-31,0.53054,0.50039,0.45498
2020-04-01,0.55123,0.5138,0.49619
2020-04-02,0.52695,0.48781,0.47638
2020-04-03,0.54164,0.50669,0.50513
2020-04-06,0.48013,0.44779,0.45547
2020-04-07,0.53369,0.48377,0.47694
2020-04-08,0.55146,0.50027,0.47954
2020-04-09,0.53763,0.48987,0.47439
2020-04-13,0.52725,0.49634,0.53851
2020-04-14,0.53236,0.47943,0.49666
2020-04-15,0.56089,0.51345,0.53773
2020-04-16,0.55453,0.50836,0.51224
2020-04-17,0.51236,0.46634,0.47969
2020-04-20,0.47511,0.44891,0.47922
2020-04-21,0.48231,0.46886,0.51525
2020-04-22,0.48081,0.45835,0.52117
2020-04-23,0.47759,0.45082,0.49985
2020-04-24,0.47094,0.44082,0.50077
2020-04-27,0.47934,0.43353,0.47527
2020-04-28,0.45073,0.44468,0.47948
2020-04-29,0.44243,0.44589,0.46325
2020-04-30,0.44308,0.4565,0.50901
2020-05-01,0.45997,0.48442,0.51041
2020-05-04,0.44909,0.46329,0.48625
2020-05-05,0.44627,0.45658,0.48914
2020-05-06,0.46861,0.47436,0.52474
2020-05-07,0.45512,0.45634,0.51165
2020-05-08,0.43053,0.4422,0.47955
2020-05-11,0.47283,0.47541,0.49443
2020-05-12,0.4665,0.46752,0.50469
2020-05-13,0.46451,0.46725,0.50544
2020-05-14,0.49058,0.48289,0.51234
2020-05-15,0.49412,0.4835,0.48648
2020-05-18,0.44052,0.43292,0.45731
2020-05-19,0.48406,0.47784,0.49582
2020-05-20,0.47185,0.46431,0.46966
2020-05-21,0.52399,0.49614,0.4865
2020-05-22,0.52775,0.51383,0.50196
2020-05-26,0.506,0.47344,0.45955
2020-05-27,0.48447,0.47909,0.45925
2020-05-28,0.50023,0.4941,0.48649
2020-05-29,0.50299,0.52398,0.50569
2020-06-01,0.46012,0.47095,0.48342
2020-06-02,0.47056,0.48111,0.49336
2020-06-03,0.45203,0.441,0.46548
2020-06-04,0.51265,0.47793,0.47304
2020-06-05,0.48665,0.45409,0.46513
2020-06-08,0.47112,0.46303,0.47719
2020-06-09,0.51067,0.474,0.48927
2020-06-10,0.52105,0.46968,0.50059
2020-06-11,0.49906,0.4768,0.49833
2020-06-12,0.52537,0.49854,0.50445
2020-06-15,0.52755,0.49743,0.47954
2020-06-16,0.5037,0.48432,0.49016
2020-06-17,0.52713,0.50118,0.50375
2020-06-18,0.53707,0.51358,0.48989
2020-06-19,0.54123,0.52529,0.51313
2020-06-22,0.47514,0.46961,0.4851
2020-06-23,0.51957,0.48318,0.49761
2020-06-24,0.50897,0.48281,0.51057
2020-06-25,0.47833,0.45574,0.51429
2020-06-26,0.47875,0.45734,0.50716
2020-06-29,0.48588,0.45772,0.4938
2020-06-30,0.47732,0.44681,0.50628
2020-07-01,0.4599,0.43606,0.48211
2020-07-02,0.49472,0.46117,0.5066
2020-07-06,0.48101,0.44378,0.48648
2020-07-07,0.49944,0.45107,0.47311
2020-07-08,0.50516,0.46622,0.46646
2020-07-09,0.49038,0.46556,0.49754
2020-07-10,0.48401,0.44286,0.4815
2020-07-13,0.48188,0.44212,0.48564
2020-07-14,0.44285,0.40784,0.48151
2020-07-15,0.47827,0.44614,0.47264
2020-07-16,0.4691,0.45023,0.48107
2020-07-17,0.47253,0.45803,0.46556
2020-07-20,0.41271,0.43392,0.47512
2020-07-21,0.41655,0.42509,0.47168
2020-07-22,0.43845,0.44127,0.4554
2020-07-23,0.43368,0.44026,0.46739
2020-07-24,0.42257,0.42909,0.48187
2020-07-27,0.42828,0.43249,0.47372
2020-07-28,0.42112,0.42007,0.47585
2020-07-29,0.45191,0.45517,0.484
2020-07-30,0.4478,0.45301,0.48365
2020-07-31,0.45258,0.45378,0.49359
2020-08-03,0.48396,0.46939,0.43904
2020-08-04,0.48077,0.46207,0.4606
2020-08-05,0.4823,0.46394,0.4466
2020-08-06,0.49145,0.4749,0.45243
2020-08-07,0.44643,0.43643,0.44336
2020-08-10,0.4072,0.40805,0.45573
2020-08-11,0.38645,0.39754,0.45214
2020-08-12,0.41362,0.40776,0.43882
2020-08-13,0.43317,0.42862,0.46585
2020-08-14,0.42926,0.43053,0.45965
2020-08-17,0.40757,0.39839,0.42821
2020-08-18,0.39238,0.39255,0.48122
2020-08-19,0.4138,0.41727,0.45409
2020-08-20,0.42057,0.42278,0.47195
2020-08-21,0.42968,0.42049,0.47271
2020-08-24,0.45664,0.3977,0.42737
2020-08-25,0.42142,0.39404,0.43799
2020-08-26,0.41148,0.38207,0.46544
2020-08-27,0.46738,0.39962,0.44309
2020-08-28,0.47883,0.41094,0.45268
2020-08-31,0.39155,0.38496,0.45459
2020-09-01,0.414,0.38626,0.46004
2020-09-02,0.36481,0.36794,0.47374
2020-09-03,0.34073,0.35356,0.46476
2020-09-04,0.34315,0.35884,0.45009
2020-09-08,0.36757,0.39657,0.48478
2020-09-09,0.40722,0.39364,0.48244
2020-09-10,0.41039,0.42561,0.51174
2020-09-11,0.40923,0.41905,0.49688
2020-09-14,0.41801,0.42763,0.48494
2020-09-15,0.4166,0.41991,0.46897
2020-09-16,0.41381,0.40782,0.46629
2020-09-17,0.42942,0.43834,0.49617
2020-09-18,0.4221,0.4411,0.50118
2020-09-21,0.40445,0.42751,0.50046
2020-09-22,0.41752,0.41617,0.48505
2020-09-23,0.43434,0.42321,0.47728
2020-09-24,0.43425,0.42896,0.45254
2020-09-25,0.42964,0.42303,0.43934
2020-09-28,0.43162,0.40188,0.46738
2020-09-29,0.40581,0.40074,0.48641
2020-09-30,0.42302,0.4091,0.47014
2020-10-01,0.43133,0.43233,0.44104
2020-10-02,0.46703,0.44721,0.46315
2020-10-05,0.41403,0.39389,0.42477
2020-10-06,0.44654,0.43041,0.43711
2020-10-07,0.40033,0.40531,0.43728
2020-10-08,0.41521,0.40734,0.44442
2020-10-09,0.40246,0.39406,0.4317
2020-10-12,0.38214,0.36509,0.4523
2020-10-13,0.40593,0.40573,0.45282
2020-10-14,0.40228,0.38823,0.44777
2020-10-15,0.41261,0.3886,0.43907
2020-10-16,0.42506,0.41149,0.46209
2020-10-19,0.41722,0.40419,0.44809
2020-10-20,0.41716,0.41089,0.43988
2020-10-21,0.4203,0.39787,0.44059
2020-10-22,0.42353,0.40344,0.42029
2020-10-23,0.42698,0.40807,0.43476
2020-10-26,0.40949,0.40177,0.46091
2020-10-27,0.41628,0.40978,0.47626
2020-10-28,0.40612,0.40261,0.47316
2020-10-29,0.43069,0.4197,0.46586
2020-10-30,0.43765,0.43154,0.48267
2020-11-02,0.41841,0.4001,0.45552
2020-11-03,0.42731,0.40934,0.44202
2020-11-04,0.39253,0.39315,0.47614
2020-11-05,0.42036,0.4233,0.43084
2020-11-06,0.42294,0.41569,0.44147
2020-11-09,0.40619,0.3792,0.42524
2020-11-10,0.41881,0.39916,0.42386
2020-11-11,0.43717,0.39834,0.43053
2020-11-12,0.50098,0.44847,0.46236
2020-11-13,0.48663,0.43111,0.43746
2020-11-16,0.41132,0.41558,0.43246
2020-11-17,0.46958,0.43982,0.42679
2020-11-18,0.48258,0.41768,0.44383
2020-11-19,0.48714,0.43873,0.46318
2020-11-20,0.47626,0.43842,0.41878
2020-11-23,0.42222,0.38971,0.40547
2020-11-24,0.42655,0.38189,0.4382
2020-11-25,0.45234,0.41357,0.44234
2020-11-27,0.46001,0.41514,0.44811
2020-11-30,0.45824,0.40175,0.44227
2020-12-01,0.42774,0.36715,0.43827
2020-12-02,0.45872,0.41325,0.43957
2020-12-03,0.44494,0.40335,0.45852
2020-12-04,0.44561,0.40503,0.43859
2020-12-07,0.41928,0.41663,0.4445
2020-12-08,0.40351,0.41695,0.41524
2020-12-09,0.42901,0.43783,0.43478
2020-12-10,0.39801,0.43139,0.4241
2020-12-11,0.42491,0.47322,0.45229
2020-12-14,0.38995,0.43952,0.44411
2020-12-15,0.42378,0.42933,0.4198
2020-12-16,0.40411,0.43612,0.41886
2020-12-17,0.43098,0.44463,0.42097
2020-12-18,0.51222,0.45132,0.44892
2020-12-21,0.47637,0.44958,0.45779
2020-12-22,0.48655,0.46583,0.44087
2020-12-23,0.47195,0.45267,0.44183
2020-12-24,0.47577,0.44229,0.46969
2020-12-28,0.41119,0.40978,0.4618
2020-12-29,0.43301,0.41765,0.44409
2020-12-30,0.47145,0.4427,0.45083
2020-12-31,0.47299,0.45683,0.48172
2021-01-04,0.48587,0.46764,0.44914
2021-01-05,0.47196,0.44771,0.43393
2021-01-06,0.48844,0.44208,0.41834
2021-01-07,0.49157,0.45178,0.45728
2021-01-08,0.51683,0.481,0.47999
2021-01-11,0.47539,0.45349,0.46124
2021-01-12,0.49645,0.46415,0.47096
2021-01-13,0.45298,0.43895,0.51586
2021-01-14,0.46853,0.44088,0.43009
2021-01-15,0.41874,0.41591,0.43428
2021-01-19,0.40903,0.39714,0.41242
2021-01-20,0.42219,0.40903,0.44444
2021-01-21,0.42311,0.4114,0.41481
2021-01-22,0.42046,0.41541,0.39918
2021-01-25,0.41387,0.40261,0.39099
2021-01-26,0.41487,0.40587,0.3916
2021-01-27,0.35878,0.36779,0.38785
2021-01-28,0.40155,0.40767,0.44627
2021-01-29,0.41806,0.41734,0.47374
2021-02-01,0.41031,0.40926,0.46699
2021-02-02,0.37641,0.38239,0.48494
2021-02-03,0.37398,0.38132,0.45404
2021-02-04,0.36947,0.37863,0.44628
2021-02-05,0.37962,0.38167,0.43414
2021-02-08,0.39033,0.3875,0.41041
2021-02-09,0.37389,0.36491,0.41158
2021-02-10,0.4238,0.40497,0.39767
2021-02-11,0.43849,0.41431,0.39873
2021-02-12,0.49115,0.44536,0.41985
2021-02-16,0.43051,0.40786,0.41913
2021-02-17,0.4197,0.39699,0.41715
2021-02-18,0.45366,0.42364,0.42822
2021-02-19,0.46576,0.41669,0.44385
2021-02-22,0.38134,0.38547,0.42238
2021-02-23,0.36366,0.36979,0.42961
2021-02-24,0.41152,0.39821,0.45624
2021-02-25,0.43426,0.41951,0.49609
2021-02-26,0.42214,0.41599,0.4751
2021-03-01,0.40667,0.39447,0.47176
2021-03-02,0.41226,0.39754,0.46777
2021-03-03,0.42258,0.40368,0.44757
2021-03-04,0.39789,0.40409,0.44203
2021-03-05,0.39974,0.3946,0.43553
2021-03-08,0.388,0.38858,0.46723
2021-03-09,0.45129,0.42562,0.45988
2021-03-10,0.48973,0.44843,0.49851
2021-03-11,0.45682,0.43982,0.47846
2021-03-12,0.47867,0.44285,0.45163
2021-03-15,0.40173,0.41175,0.44918
2021-03-16,0.40181,0.40379,0.47217
2021-03-17,0.42759,0.42543,0.44156
2021-03-18,0.46678,0.44905,0.45515
2021-03-19,0.47746,0.46894,0.47535
2021-03-22,0.40975,0.403,0.46283
2021-03-23,0.43042,0.40492,0.47292
2021-03-24,0.44758,0.43036,0.46294
2021-03-25,0.47349,0.43917,0.47933
2021-03-26,0.43955,0.43978,0.49131
2021-03-29,0.41267,0.41275,0.48815
2021-03-30,0.43091,0.41886,0.47078
2021-03-31,0.46207,0.4435,0.47636
2021-04-01,0.41371,0.40605,0.46573
2021-04-05,0.4023,0.41148,0.46436
2021-04-06,0.41095,0.4111,0.45678
2021-04-07,0.44024,0.40768,0.48416
2021-04-08,0.46097,0.43846,0.45447
2021-04-09,0.48137,0.44349,0.47372
2021-04-12,0.41328,0.40714,0.45512
2021-04-13,0.4367,0.42431,0.45481
2021-04-14,0.44121,0.42734,0.45259
2021-04-15,0.44248,0.43378,0.44979
2021-04-16,0.43917,0.42689,0.44807
2021-04-19,0.40935,0.40936,0.49029
2021-04-20,0.40758,0.41092,0.48601
2021-04-21,0.44424,0.43661,0.44631
2021-04-22,0.43203,0.42144,0.47433
2021-04-23,0.42945,0.43002,0.46077
2021-04-26,0.43395,0.42347,0.46222
2021-04-27,0.44165,0.43447,0.47187
2021-04-28,0.42789,0.43107,0.44777
2021-04-29,0.43458,0.4279,0.44705
2021-04-30,0.43726,0.42429,0.48472
2021-05-03,0.45221,0.43763,0.4439
2021-05-04,0.41831,0.40742,0.45009
2021-05-05,0.41432,0.4052,0.46634
2021-05-06,0.43718,0.43701,0.4497
2021-05-07,0.44675,0.42607,0.45718
2021-05-10,0.41239,0.41042,0.46284
2021-05-11,0.3606,0.37575,0.44717
2021-05-12,0.42188,0.42752,0.48522
2021-05-13,0.40004,0.3975,0.46627
2021-05-14,0.43833,0.42979,0.45225
2021-05-17,0.43494,0.43506,0.46624
2021-05-18,0.41021,0.41991,0.49132
2021-05-19,0.43695,0.44578,0.48685
2021-05-20,0.43237,0.43391,0.46615
2021-05-21,0.45568,0.44575,0.4794
2021-05-24,0.39625,0.41211,0.45179
2021-05-25,0.47406,0.43854,0.47904
2021-05-26,0.43266,0.42676,0.4811
2021-05-27,0.42667,0.42315,0.49265
2021-05-28,0.41044,0.41066,0.43995
2021-06-01,0.42761,0.41939,0.42853
2021-06-02,0.4355,0.42875,0.44728
2021-06-03,0.42607,0.41069,0.41738
2021-06-04,0.46436,0.43673,0.43053
2021-06-07,0.47568,0.45386,0.41249
2021-06-08,0.46959,0.43572,0.43991
2021-06-09,0.45883,0.44355,0.45927
2021-06-10,0.4273,0.42604,0.46424
2021-06-11,0.43712,0.4218,0.43503
2021-06-14,0.42851,0.43532,0.45267
2021-06-15,0.44499,0.43442,0.45322
2021-06-16,0.45319,0.44742,0.46576
2021-06-17,0.45107,0.45449,0.43512
2021-06-18,0.47102,0.466,0.45112
2021-06-21,0.41713,0.41984,0.43496
2021-06-22,0.42227,0.42286,0.44231
2021-06-23,0.42049,0.4311,0.44362
2021-06-24,0.40673,0.39826,0.45702
2021-06-25,0.41113,0.42571,0.45018
2021-06-28,0.40826,0.41804,0.46189
2021-06-29,0.41345,0.41138,0.48014
2021-06-30,0.4079,0.40997,0.4614
2021-07-01,0.4366,0.42228,0.45105
2021-07-02,0.42652,0.42742,0.45766
2021-07-06,0.46089,0.45038,0.45335
2021-07-07,0.50118,0.47166,0.43899
2021-07-08,0.47851,0.44255,0.44569
2021-07-09,0.48875,0.46227,0.43143
2021-07-12,0.46134,0.44944,0.44658
2021-07-13,0.48267,0.46956,0.45682
2021-07-14,0.48548,0.4723,0.43608
2021-07-15,0.47677,0.44747,0.43369
2021-07-16,0.48955,0.4662,0.48427
2021-07-19,0.42646,0.42672,0.45426
2021-07-20,0.45353,0.44224,0.47989
2021-07-21,0.44969,0.44421,0.4697
2021-07-22,0.47428,0.44987,0.45544
2021-07-23,0.43638,0.42102,0.44328
2021-07-26,0.40426,0.40861,0.43987
2021-07-27,0.42709,0.42536,0.44871
2021-07-28,0.45643,0.44541,0.43991
2021-07-29,0.42845,0.42475,0.44909
2021-07-30,0.43773,0.44199,0.45295
2021-08-02,0.40349,0.41874,0.46028
2021-08-03,0.42068,0.42628,0.4578
2021-08-04,0.43272,0.43793,0.45579
2021-08-05,0.42638,0.42668,0.45879
2021-08-06,0.45078,0.44089,0.45522
2021-08-09,0.46005,0.45274,0.44621
2021-08-10,0.4406,0.43069,0.46223
2021-08-11,0.4161,0.42135,0.44483
2021-08-12,0.42201,0.42154,0.4546
2021-08-13,0.4004,0.41186,0.46179
2021-08-16,0.43793,0.43492,0.47493
2021-08-17,0.44301,0.44606,0.46479
2021-08-18,0.41961,0.43138,0.48621
2021-08-19,0.43301,0.43561,0.44575
2021-08-20,0.46133,0.4565,0.44436
2021-08-23,0.42416,0.42287,0.44386
2021-08-24,0.41056,0.40631,0.47571
2021-08-25,0.40262,0.40649,0.48159
2021-08-26,0.39907,0.40285,0.45029
2021-08-27,0.38434,0.37298,0.43418
2021-08-30,0.41345,0.41364,0.4325
2021-08-31,0.4135,0.39691,0.41864
2021-09-01,0.42457,0.40885,0.42685
2021-09-02,0.41209,0.381,0.42375
2021-09-03,0.41831,0.40326,0.46504
2021-09-07,0.42547,0.42815,0.44003
2021-09-08,0.44145,0.42833,0.46783
2021-09-09,0.43254,0.41657,0.49949
2021-09-10,0.43376,0.42945,0.47774
2021-09-13,0.41798,0.42091,0.46897
2021-09-14,0.41411,0.42085,0.48054
2021-09-15,0.40506,0.40044,0.46816
2021-09-16,0.42891,0.43221,0.48409
2021-09-17,0.47301,0.47596,0.50441
2021-09-20,0.40051,0.41637,0.42714
2021-09-21,0.39407,0.406,0.43314
2021-09-22,0.39632,0.40309,0.46694
2021-09-23,0.40853,0.39877,0.44702
2021-09-24,0.44171,0.44641,0.46835
2021-09-27,0.42761,0.42556,0.42155
2021-09-28,0.43028,0.43073,0.4562
2021-09-29,0.43197,0.43386,0.44833
2021-09-30,0.42579,0.44342,0.4933
2021-10-01,0.43304,0.43681,0.47104
2021-10-04,0.40294,0.42548,0.4776
2021-10-05,0.42241,0.43014,0.43315
2021-10-06,0.43894,0.44156,0.46905
2021-10-07,0.43086,0.4306,0.44597
2021-10-08,0.44696,0.44342,0.46955
2021-10-11,0.44251,0.44939,0.4464
2021-10-12,0.4419,0.44832,0.44878
2021-10-13,0.4526,0.45594,0.44294
2021-10-14,0.47257,0.45402,0.44883
2021-10-15,0.44253,0.44733,0.4462
2021-10-18,0.42029,0.41934,0.4393
2021-10-19,0.44101,0.44344,0.45848
2021-10-20,0.42471,0.42135,0.44358
2021-10-21,0.39119,0.40906,0.44341
2021-10-22,0.44227,0.44046,0.43965
2021-10-25,0.41665,0.41797,0.41985
2021-10-26,0.42109,0.41993,0.43693
2021-10-27,0.45341,0.44126,0.46831
2021-10-28,0.44299,0.43849,0.43298
2021-10-29,0.4485,0.44121,0.4547
2021-11-01,0.46924,0.45225,0.42795
2021-11-02,0.4984,0.4618,0.4627
2021-11-03,0.51763,0.47455,0.43011
2021-11-04,0.49289,0.46543,0.43629
2021-11-05,0.48369,0.4453,0.40902
2021-11-08,0.4668,0.45063,0.40796
2021-11-09,0.45107,0.4423,0.42074
2021-11-10,0.45398,0.44364,0.44057
2021-11-11,0.48745,0.4647,0.44653
2021-11-12,0.45359,0.43366,0.44486
2021-11-15,0.46064,0.439,0.42184
2021-11-16,0.42868,0.42582,0.43121
2021-11-17,0.43667,0.42712,0.43729
2021-11-18,0.42846,0.41688,0.40245
2021-11-19,0.45218,0.44526,0.43619
2021-11-22,0.4256,0.42006,0.41044
2021-11-23,0.43337,0.42764,0.45296
2021-11-24,0.4449,0.44289,0.43797
2021-11-26,0.45594,0.46444,0.47362
2021-11-29,0.43489,0.4264,0.47532
2021-11-30,0.45302,0.45056,0.46805
2021-12-01,0.45669,0.44335,0.47878
2021-12-02,0.43949,0.43715,0.4629
2021-12-03,0.43823,0.44715,0.48595
2021-12-06,0.47594,0.44628,0.4421
2021-12-07,0.45642,0.4428,0.46369
2021-12-08,0.47252,0.4587,0.46128
2021-12-09,0.50022,0.47272,0.48017
2021-12-10,0.49185,0.46679,0.47776
2021-12-13,0.49018,0.46984,0.47048
2021-12-14,0.4795,0.45994,0.4846
2021-12-15,0.48223,0.46679,0.48452
2021-12-16,0.489,0.4732,0.49706
2021-12-17,0.4494,0.45944,0.48927
2021-12-20,0.42217,0.42227,0.4861
2021-12-21,0.46606,0.44873,0.45138
2021-12-22,0.44059,0.43702,0.44897
2021-12-23,0.45571,0.43796,0.49047
2021-12-27,0.46746,0.45188,0.47294
2021-12-28,0.44342,0.42361,0.47765
2021-12-29,0.44071,0.43582,0.48152
2021-12-30,0.40015,0.40559,0.45555
2021-12-31,0.44507,0.44176,0.48651
2022-01-03,0.42362,0.42551,0.46367
2022-01-04,0.45202,0.4321,0.48449
2022-01-05,0.4297,0.42279,0.49513
2022-01-06,0.41382,0.41685,0.49267
2022-01-07,0.44317,0.42981,0.5028
2022-01-10,0.42146,0.41802,0.49031
2022-01-11,0.44615,0.43283,0.48572
2022-01-12,0.46606,0.4497,0.51083
2022-01-13,0.46079,0.44296,0.5151
2022-01-14,0.44358,0.42527,0.49706
2022-01-18,0.47377,0.46094,0.51203
2022-01-19,0.46986,0.45495,0.50269
2022-01-20,0.44389,0.43863,0.50595
2022-01-21,0.43553,0.4326,0.49514
2022-01-24,0.35451,0.37206,0.46743
2022-01-25,0.46722,0.47128,0.50734
2022-01-26,0.52909,0.51676,0.51705
2022-01-27,0.51262,0.49895,0.5294
2022-01-28,0.47907,0.4666,0.51075
2022-01-31,0.52742,0.51086,0.50437
2022-02-01,0.5407,0.51315,0.51117
2022-02-02,0.51317,0.48521,0.52657
2022-02-03,0.48359,0.47982,0.53367
2022-02-04,0.49531,0.48868,0.50664
2022-02-07,0.48612,0.46351,0.49699
2022-02-08,0.5087,0.48888,0.48334
2022-02-09,0.53299,0.50475,0.47337
2022-02-10,0.57719,0.5438,0.49555
2022-02-11,0.53706,0.51347,0.48417
2022-02-14,0.52992,0.51112,0.51199
2022-02-15,0.52891,0.50455,0.47777
2022-02-16,0.52744,0.50327,0.49889
2022-02-17,0.5089,0.48999,0.50749
2022-02-18,0.50512,0.50216,0.52162
2022-02-22,0.43714,0.44297,0.50158
2022-02-23,0.49168,0.48966,0.51575
2022-02-24,0.44386,0.44785,0.48538
2022-02-25,0.51091,0.49309,0.47775
2022-02-28,0.55798,0.52331,0.49755
2022-03-01,0.52899,0.50516,0.50862
2022-03-02,0.5107,0.48142,0.47376
2022-03-03,0.51365,0.47822,0.48697
2022-03-04,0.5072,0.48659,0.4812
2022-03-07,0.41298,0.42134,0.46978
2022-03-08,0.42258,0.43657,0.45326
2022-03-09,0.48789,0.47017,0.46556
2022-03-10,0.52337,0.49775,0.4909
2022-03-11,0.5328,0.51706,0.5171
2022-03-14,0.49812,0.48196,0.47959
2022-03-15,0.49685,0.48103,0.47943
2022-03-16,0.51812,0.4898,0.4597
2022-03-17,0.53242,0.50634,0.4825
2022-03-18,0.56135,0.54786,0.49509
2022-03-21,0.5282,0.50393,0.50928
2022-03-22,0.51607,0.49032,0.47488
2022-03-23,0.53399,0.50522,0.50705
2022-03-24,0.50191,0.47172,0.49593
2022-03-25,0.53678,0.49808,0.48466
2022-03-28,0.52442,0.4919,0.49102
2022-03-29,0.51404,0.47532,0.48814
2022-03-30,0.53607,0.50193,0.50698
2022-03-31,0.49215,0.47191,0.50825
2022-04-01,0.47444,0.46437,0.46986
2022-04-04,0.49322,0.47115,0.46558
2022-04-05,0.49967,0.47439,0.51298
2022-04-06,0.4202,0.42299,0.48542
2022-04-07,0.46359,0.4531,0.49362
2022-04-08,0.44622,0.43876,0.49673
2022-04-11,0.41682,0.42377,0.50116
2022-04-12,0.45637,0.44796,0.50259
2022-04-13,0.46458,0.44565,0.49269
2022-04-14,0.46913,0.45795,0.50878
2022-04-18,0.45368,0.44692,0.51727
2022-04-19,0.46692,0.44391,0.4865
2022-04-20,0.46097,0.44356,0.49652
2022-04-21,0.41532,0.42018,0.50585
2022-04-22,0.43492,0.43315,0.52699
2022-04-25,0.4185,0.41853,0.49719
2022-04-26,0.45654,0.45478,0.53862
2022-04-27,0.42774,0.43556,0.52443
2022-04-28,0.46648,0.45284,0.49916
2022-04-29,0.46247,0.46395,0.52718
2022-05-02,0.46415,0.46114,0.51311
2022-05-03,0.47396,0.46254,0.49667
2022-05-04,0.50752,0.48858,0.50212
2022-05-05,0.50089,0.49804,0.53532
2022-05-06,0.46899,0.47031,0.51907
2022-05-09,0.4227,0.41456,0.49817
2022-05-10,0.44265,0.441,0.47648
2022-05-11,0.46126,0.45414,0.50046
2022-05-12,0.41558,0.41849,0.4884
2022-05-13,0.47915,0.45193,0.48358
2022-05-16,0.54748,0.52181,0.50462
2022-05-17,0.52825,0.5124,0.47877
2022-05-18,0.50177,0.49786,0.52364
2022-05-19,0.45515,0.45615,0.48303
2022-05-20,0.48912,0.48437,0.51354
2022-05-23,0.48459,0.47072,0.48802
2022-05-24,0.50773,0.49191,0.53306
2022-05-25,0.49519,0.47265,0.47914
2022-05-26,0.52489,0.49378,0.48073
2022-05-27,0.56513,0.53083,0.4692
2022-05-31,0.56124,0.53046,0.48099
2022-06-01,0.54085,0.52331,0.50057
2022-06-02,0.52045,0.50457,0.48151
2022-06-03,0.57963,0.5516,0.49299
2022-06-06,0.54087,0.52493,0.49499
2022-06-07,0.53021,0.5156,0.47807
2022-06-08,0.52626,0.51673,0.48642
2022-06-09,0.52726,0.51502,0.50239
2022-06-10,0.51543,0.50889,0.5348
2022-06-13,0.43446,0.44651,0.52708
2022-06-14,0.42173,0.43655,0.49826
2022-06-15,0.43672,0.44894,0.50483
2022-06-16,0.4722,0.47519,0.53559
2022-06-17,0.43458,0.45511,0.52229
2022-06-21,0.42558,0.4325,0.50012
2022-06-22,0.47224,0.46243,0.49031
2022-06-23,0.48151,0.46905,0.47749
2022-06-24,0.43569,0.44237,0.46799
2022-06-27,0.51163,0.48914,0.51235
2022-06-28,0.5236,0.50851,0.5299
2022-06-29,0.53086,0.51229,0.52564
2022-06-30,0.57351,0.54244,0.53416
2022-07-01,0.55399,0.53544,0.51012
2022-07-05,0.54532,0.51653,0.49988
2022-07-06,0.51873,0.4984,0.50597
2022-07-07,0.49481,0.4805,0.48048
2022-07-08,0.51823,0.50402,0.50388
2022-07-11,0.55407,0.53262,0.51005
2022-07-12,0.50835,0.49642,0.49952
2022-07-13,0.50813,0.50153,0.49819
2022-07-14,0.52515,0.5051,0.52549
2022-07-15,0.49415,0.48949,0.50748
2022-07-18,0.47298,0.48042,0.50046
2022-07-19,0.48792,0.48079,0.47602
2022-07-20,0.52698,0.50418,0.48582
2022-07-21,0.52234,0.49521,0.4916
2022-07-22,0.52937,0.50969,0.51222
2022-07-25,0.50615,0.49068,0.50887
2022-07-26,0.48365,0.48897,0.51164
2022-07-27,0.51268,0.49868,0.48735
2022-07-28,0.51867,0.49794,0.47644
2022-07-29,0.51748,0.49664,0.47507
2022-08-01,0.52689,0.50985,0.46996
2022-08-02,0.47804,0.46838,0.46124
2022-08-03,0.49785,0.47768,0.45737
2022-08-04,0.49992,0.47883,0.46706
2022-08-05,0.46454,0.46463,0.46084
2022-08-08,0.46651,0.45884,0.4619
2022-08-09,0.47476,0.47367,0.47666
2022-08-10,0.46886,0.46478,0.45478
2022-08-11,0.4978,0.4849,0.47151
2022-08-12,0.48171,0.46497,0.44769
2022-08-15,0.52883,0.50287,0.46614
2022-08-16,0.5126,0.48668,0.47453
2022-08-17,0.48102,0.47728,0.48107
2022-08-18,0.48379,0.47765,0.47312
2022-08-19,0.48437,0.49425,0.49647
2022-08-22,0.46773,0.47368,0.51257
2022-08-23,0.48563,0.49545,0.50573
2022-08-24,0.46283,0.46862,0.4903
2022-08-25,0.46534,0.48154,0.48234
2022-08-26,0.48401,0.50139,0.53219
2022-08-29,0.48007,0.50035,0.50937
2022-08-30,0.48849,0.49176,0.5245
2022-08-31,0.49096,0.48777,0.51621
2022-09-01,0.4291,0.4476,0.49632
2022-09-02,0.47834,0.48583,0.52503
2022-09-06,0.44434,0.46301,0.51954
2022-09-07,0.4477,0.46033,0.50846
2022-09-08,0.4755,0.47886,0.49254
2022-09-09,0.47257,0.46968,0.47506
2022-09-12,0.49434,0.49487,0.48494
2022-09-13,0.53983,0.54126,0.54185
2022-09-14,0.53291,0.51979,0.52818
2022-09-15,0.50712,0.50403,0.52348
2022-09-16,0.43457,0.47349,0.55792
2022-09-19,0.42207,0.44213,0.50732
2022-09-20,0.40928,0.4405,0.52283
2022-09-21,0.44513,0.46406,0.53173
2022-09-22,0.43313,0.45533,0.52736
2022-09-23,0.37904,0.40284,0.49369
2022-09-26,0.37689,0.40706,0.499
2022-09-27,0.39316,0.41562,0.50097
2022-09-28,0.44388,0.43925,0.47199
2022-09-29,0.5051,0.49399,0.52594
2022-09-30,0.47835,0.48686,0.51863
2022-10-03,0.42988,0.43919,0.46848
2022-10-04,0.43132,0.43921,0.46577
2022-10-05,0.50472,0.50239,0.47862
2022-10-06,0.50424,0.49317,0.48138
2022-10-07,0.52011,0.51134,0.52311
2022-10-10,0.4002,0.43011,0.50765
2022-10-11,0.40132,0.42606,0.51095
2022-10-12,0.41184,0.42849,0.48635
2022-10-13,0.42608,0.43731,0.47932
2022-10-14,0.44942,0.46324,0.53337
2022-10-17,0.38022,0.40729,0.45591
2022-10-18,0.44814,0.45482,0.5002
2022-10-19,0.46564,0.47384,0.52703
2022-10-20,0.48853,0.48679,0.52201
2022-10-21,0.44707,0.4558,0.49762
2022-10-24,0.48206,0.47884,0.50076
2022-10-25,0.46799,0.46056,0.47359
2022-10-26,0.47067,0.46528,0.46346
2022-10-27,0.43938,0.4541,0.47259
2022-10-28,0.42991,0.44146,0.47263
2022-10-31,0.44336,0.45513,0.48181
2022-11-01,0.41081,0.4203,0.47094
2022-11-02,0.44592,0.45711,0.50555
2022-11-03,0.42611,0.44347,0.4848
2022-11-04,0.40598,0.42406,0.47433
2022-11-07,0.43086,0.45139,0.47607
2022-11-08,0.42632,0.43976,0.47148
2022-11-09,0.43618,0.4581,0.49146
2022-11-10,0.40996,0.42104,0.43763
2022-11-11,0.46283,0.45443,0.44304
2022-11-14,0.49254,0.47255,0.45964
2022-11-15,0.49945,0.48254,0.45644
2022-11-16,0.4899,0.48262,0.5121
2022-11-17,0.50268,0.48935,0.48077
2022-11-18,0.49056,0.47351,0.48978
2022-11-21,0.46072,0.46732,0.49584
2022-11-22,0.46526,0.46664,0.48896
2022-11-23,0.4688,0.45851,0.46695
2022-11-25,0.48072,0.47016,0.50658
2022-11-28,0.45789,0.46472,0.50208
2022-11-29,0.46822,0.46254,0.46785
2022-11-30,0.46485,0.46191,0.48611
2022-12-01,0.46828,0.45887,0.48802
2022-12-02,0.4824,0.46832,0.48782
2022-12-05,0.45673,0.45361,0.5329
2022-12-06,0.45627,0.46434,0.51958
2022-12-07,0.45602,0.45149,0.49421
2022-12-08,0.44839,0.45413,0.50009
2022-12-09,0.45831,0.45055,0.50106
2022-12-12,0.46368,0.4574,0.46467
2022-12-13,0.43985,0.44557,0.48491
2022-12-14,0.45885,0.46011,0.51387
2022-12-15,0.50535,0.50014,0.53835
2022-12-16,0.50479,0.51717,0.54901
2022-12-19,0.4439,0.45374,0.50272
2022-12-20,0.43505,0.44253,0.50185
2022-12-21,0.4659,0.46287,0.50258
2022-12-22,0.42673,0.44142,0.53326
2022-12-23,0.43828,0.44935,0.5338
2022-12-27,0.43924,0.4455,0.535
2022-12-28,0.43251,0.44857,0.54785
2022-12-29,0.45687,0.45742,0.51863
2022-12-30,0.44845,0.46052,0.53654
2023-01-03,0.46578,0.47628,0.54082
2023-01-04,0.45956,0.45804,0.51924
2023-01-05,0.49849,0.48686,0.53528
2023-01-06,0.47174,0.46182,0.46586
2023-01-09,0.47954,0.47569,0.47173
2023-01-10,0.50107,0.48553,0.48734
2023-01-11,0.46656,0.46054,0.49133
2023-01-12,0.49037,0.47569,0.51174
2023-01-13,0.48746,0.47408,0.50871
2023-01-17,0.52973,0.49378,0.50809
2023-01-18,0.52264,0.50331,0.50736
2023-01-19,0.52461,0.50398,0.52746
2023-01-20,0.52193,0.50151,0.51048
2023-01-23,0.54262,0.51466,0.47752
2023-01-24,0.55538,0.52226,0.47804
2023-01-25,0.57196,0.52274,0.46761
2023-01-26,0.55361,0.52317,0.48507
2023-01-27,0.58721,0.54532,0.47953
2023-01-30,0.57518,0.54296,0.50794
2023-01-31,0.55479,0.51885,0.49856
2023-02-01,0.55828,0.52759,0.50972
2023-02-02,0.52838,0.501,0.4523
2023-02-03,0.5604,0.52912,0.51958
2023-02-06,0.58948,0.5542,0.54666
2023-02-07,0.56367,0.52929,0.50949
2023-02-08,0.55846,0.53801,0.52546
2023-02-09,0.54477,0.53177,0.53025
2023-02-10,0.54576,0.52632,0.51174
2023-02-13,0.54116,0.51769,0.52119
2023-02-14,0.57152,0.55061,0.53777
2023-02-15,0.55775,0.53063,0.51449
2023-02-16,0.52711,0.50719,0.51205
2023-02-17,0.55379,0.52582,0.51767
2023-02-21,0.52722,0.51733,0.54889
2023-02-22,0.48722,0.48171,0.52548
2023-02-23,0.48673,0.48683,0.51929
2023-02-24,0.53313,0.52627,0.5352
2023-02-27,0.48015,0.48401,0.50497
2023-02-28,0.46851,0.47469,0.51155
2023-03-01,0.47314,0.47835,0.51326
2023-03-02,0.4744,0.45921,0.50206
2023-03-03,0.47552,0.46793,0.48382
2023-03-06,0.46617,0.46646,0.54321
2023-03-07,0.50647,0.49758,0.52826
2023-03-08,0.48806,0.48007,0.5285
2023-03-09,0.44705,0.46412,0.53094
2023-03-10,0.47027,0.47297,0.53272
2023-03-13,0.43029,0.44196,0.4855
2023-03-14,0.46658,0.47501,0.51099
2023-03-15,0.48602,0.48817,0.54111
2023-03-16,0.45274,0.45614,0.5154
2023-03-17,0.48261,0.50238,0.56998
2023-03-20,0.50809,0.49242,0.53361
2023-03-21,0.50224,0.49204,0.51622
2023-03-22,0.49802,0.49807,0.53088
2023-03-23,0.51065,0.50487,0.55052
2023-03-24,0.5278,0.50952,0.55566
2023-03-27,0.55316,0.51989,0.52319
2023-03-28,0.54239,0.51332,0.51396
2023-03-29,0.5268,0.50333,0.52412
2023-03-30,0.48913,0.47933,0.54135
2023-03-31,0.50806,0.49285,0.52301
2023-04-03,0.49869,0.49078,0.52935
2023-04-04,0.46494,0.46926,0.52891
2023-04-05,0.44317,0.45191,0.52947
2023-04-06,0.46486,0.46167,0.52503
2023-04-10,0.48757,0.47898,0.51422
2023-04-11,0.45514,0.44886,0.47343
2023-04-12,0.48535,0.48291,0.51891
2023-04-13,0.45822,0.46088,0.50578
2023-04-14,0.47514,0.47195,0.54148
2023-04-17,0.5177,0.49166,0.4851
2023-04-18,0.50091,0.47756,0.51302
2023-04-19,0.52199,0.49192,0.51922
2023-04-20,0.49748,0.48699,0.53044
2023-04-21,0.46841,0.4704,0.52692
2023-04-24,0.4796,0.48029,0.52788
2023-04-25,0.44912,0.46738,0.53275
2023-04-26,0.46495,0.47324,0.53436
2023-04-27,0.44291,0.45729,0.5181
2023-04-28,0.45352,0.46678,0.52013
2023-05-01,0.50449,0.49836,0.49732
2023-05-02,0.49589,0.50088,0.53076
2023-05-03,0.48022,0.48721,0.50528
2023-05-04,0.49843,0.48815,0.48957
2023-05-05,0.47012,0.47293,0.47883
2023-05-08,0.51436,0.50388,0.49979
2023-05-09,0.51799,0.50239,0.50776
2023-05-10,0.50897,0.49788,0.49407
2023-05-11,0.52278,0.50381,0.5181
2023-05-12,0.53777,0.51278,0.51728
2023-05-15,0.50188,0.48896,0.4876
2023-05-16,0.49593,0.49607,0.50404
2023-05-17,0.51408,0.50321,0.48649
2023-05-18,0.55019,0.52586,0.50052
2023-05-19,0.55626,0.53935,0.53663
2023-05-22,0.50536,0.48959,0.48517
2023-05-23,0.51925,0.50522,0.48706
2023-05-24,0.47589,0.47504,0.50802
2023-05-25,0.41385,0.43068,0.51414
2023-05-26,0.45517,0.46164,0.52048
2023-05-30,0.50494,0.49068,0.51493
2023-05-31,0.51615,0.51459,0.52776
2023-06-01,0.50057,0.48897,0.5178
2023-06-02,0.52453,0.49802,0.4938
2023-06-05,0.51398,0.49327,0.53214
2023-06-06,0.5002,0.48048,0.50399
2023-06-07,0.5146,0.49071,0.49366
2023-06-08,0.50214,0.48308,0.51392
2023-06-09,0.54463,0.52127,0.51856
2023-06-12,0.52416,0.49651,0.50857
2023-06-13,0.51621,0.49308,0.47639
2023-06-14,0.49676,0.4886,0.52607
2023-06-15,0.50343,0.48806,0.51571
2023-06-16,0.49444,0.49061,0.5394
2023-06-20,0.55786,0.52924,0.50323
2023-06-21,0.54119,0.51816,0.51231
2023-06-22,0.48932,0.48359,0.52478
2023-06-23,0.50978,0.49424,0.52849
2023-06-26,0.51988,0.49967,0.50957
2023-06-27,0.48866,0.47255,0.50161
2023-06-28,0.50155,0.49233,0.49558
2023-06-29,0.49108,0.47709,0.51901
2023-06-30,0.4652,0.4644,0.51519
2023-07-03,0.52892,0.50686,0.4976
2023-07-05,0.5486,0.52383,0.49395
2023-07-06,0.50228,0.49494,0.54002
2023-07-07,0.47534,0.46947,0.49007
2023-07-10,0.5281,0.5029,0.50151
2023-07-11,0.47336,0.46164,0.50462
2023-07-12,0.45419,0.45008,0.49504
2023-07-13,0.4776,0.46192,0.47362
2023-07-14,0.50676,0.49083,0.51337
2023-07-17,0.54768,0.51351,0.50463
2023-07-18,0.50863,0.48728,0.49076
2023-07-19,0.52476,0.50469,0.49649
2023-07-20,0.50753,0.49562,0.51937
2023-07-21,0.52895,0.51069,0.51844
2023-07-24,0.45746,0.45899,0.49745
2023-07-25,0.49025,0.48421,0.48804
2023-07-26,0.48672,0.47396,0.4923
2023-07-27,0.46829,0.4689,0.49134
2023-07-28,0.47167,0.47135,0.48452
2023-07-31,0.4743,0.46819,0.48906
2023-08-01,0.47751,0.47505,0.4927
2023-08-02,0.48141,0.47862,0.4942
2023-08-03,0.48311,0.48239,0.496
2023-08-04,0.48121,0.48196,0.49153
2023-08-07,0.45679,0.45977,0.48525
2023-08-08,0.44565,0.45772,0.48855
2023-08-09,0.45964,0.47469,0.49095
2023-08-10,0.45509,0.47356,0.49834
2023-08-11,0.47588,0.48915,0.48401
2023-08-14,0.47043,0.48269,0.49692
2023-08-15,0.48834,0.51436,0.52253
2023-08-16,0.46827,0.49367,0.50818
2023-08-17,0.46154,0.47313,0.51351
2023-08-18,0.43314,0.45247,0.50758
2023-08-21,0.50023,0.48435,0.51306
2023-08-22,0.49403,0.47939,0.52118
2023-08-23,0.48259,0.46667,0.51057
2023-08-24,0.49875,0.49514,0.55654
2023-08-25,0.48311,0.47938,0.54135
2023-08-28,0.48712,0.48175,0.50772
2023-08-29,0.45479,0.45097,0.48415
2023-08-30,0.49563,0.48451,0.51477
2023-08-31,0.49789,0.48568,0.52638
2023-09-01,0.51369,0.50197,0.51013
2023-09-05,0.46169,0.46898,0.54429
2023-09-06,0.49466,0.48617,0.52315
2023-09-07,0.47723,0.47475,0.53869
2023-09-08,0.48418,0.484,0.54985
2023-09-11,0.44724,0.45854,0.52324
2023-09-12,0.53988,0.52043,0.51813
2023-09-13,0.54412,0.52193,0.5421
2023-09-14,0.5438,0.51141,0.51172
2023-09-15,0.57212,0.54686,0.57193
2023-09-18,0.52639,0.50245,0.52923
2023-09-19,0.50496,0.48762,0.51906
2023-09-20,0.46985,0.47079,0.51781
2023-09-21,0.44767,0.45811,0.53334
2023-09-22,0.50212,0.4914,0.52688
2023-09-25,0.46867,0.46381,0.51498
2023-09-26,0.46493,0.46364,0.51314
2023-09-27,0.44937,0.4508,0.51753
2023-09-28,0.44848,0.45175,0.52049
2023-09-29,0.45655,0.46896,0.53676
2023-10-02,0.50667,0.49942,0.53247
2023-10-03,0.52435,0.50534,0.52038
2023-10-04,0.48699,0.47939,0.50413
2023-10-05,0.48379,0.4797,0.51192
2023-10-06,0.50783,0.48826,0.50695
2023-10-09,0.47408,0.47302,0.5187
2023-10-10,0.42985,0.44016,0.47941
2023-10-11,0.4658,0.47556,0.52113
2023-10-12,0.44868,0.46497,0.54065
2023-10-13,0.48425,0.48712,0.52938
2023-10-16,0.48014,0.47765,0.49574
2023-10-17,0.52996,0.50674,0.51248
2023-10-18,0.48732,0.49422,0.5448
2023-10-19,0.47376,0.47958,0.5313
2023-10-20,0.48342,0.48505,0.53509
2023-10-23,0.46392,0.46724,0.50635
2023-10-24,0.47136,0.46856,0.51131
2023-10-25,0.46742,0.47407,0.52787
2023-10-26,0.42807,0.44885,0.50279
2023-10-27,0.45341,0.46843,0.53784
2023-10-30,0.44543,0.45003,0.50918
2023-10-31,0.44753,0.45579,0.51331
2023-11-01,0.46385,0.47474,0.52678
2023-11-02,0.46283,0.46808,0.50263
2023-11-03,0.47284,0.46792,0.48456
2023-11-06,0.49138,0.48535,0.53306
2023-11-07,0.46815,0.46485,0.51087
2023-11-08,0.5078,0.49476,0.52338
2023-11-09,0.51997,0.49601,0.51499
2023-11-10,0.49939,0.47968,0.51978
2023-11-13,0.49562,0.48419,0.52554
2023-11-14,0.50182,0.48342,0.47459
2023-11-15,0.52432,0.49699,0.48126
2023-11-16,0.484,0.47504,0.51967
2023-11-17,0.45976,0.46611,0.49706
2023-11-20,0.51605,0.49743,0.49593
2023-11-21,0.49852,0.48647,0.52535
2023-11-22,0.49993,0.49359,0.50804
2023-11-24,0.46157,0.4692,0.50844
2023-11-27,0.47378,0.47005,0.51952
2023-11-28,0.46511,0.46472,0.49471
2023-11-29,0.48795,0.48046,0.48904
2023-11-30,0.48178,0.48107,0.50066
2023-12-01,0.44915,0.45545,0.45312
2023-12-04,0.4916,0.48135,0.4898
2023-12-05,0.49035,0.48103,0.50027
2023-12-06,0.52109,0.49894,0.50574
2023-12-07,0.5043,0.4831,0.48924
2023-12-08,0.52666,0.50455,0.47562
2023-12-11,0.52894,0.5069,0.48889
2023-12-12,0.49804,0.48605,0.50729
2023-12-13,0.47377,0.46788,0.47185
2023-12-14,0.44368,0.44247,0.46051
2023-12-15,0.51579,0.49783,0.50823
2023-12-18,0.47091,0.46129,0.46057
2023-12-19,0.50021,0.48125,0.45766
2023-12-20,0.48532,0.4712,0.49235
2023-12-21,0.52193,0.49136,0.48409
2023-12-22,0.5064,0.49247,0.48786
2023-12-26,0.49041,0.4796,0.4879
2023-12-27,0.5176,0.49682,0.5005
2023-12-28,0.49119,0.47775,0.50691
2023-12-29,0.48364,0.48129,0.51624
2024-01-02,0.49333,0.47195,0.50811
2024-01-03,0.46897,0.46745,0.51475
2024-01-04,0.45106,0.45878,0.52347
2024-01-05,0.4817,0.48555,0.52816
2024-01-08,0.46614,0.47875,0.50793
2024-01-09,0.51401,0.49988,0.51186
2024-01-10,0.52243,0.50729,0.51685
2024-01-11,0.50889,0.50167,0.51729
2024-01-12,0.5114,0.49887,0.49671
2024-01-16,0.47643,0.47918,0.52655
2024-01-17,0.47469,0.47325,0.53207
2024-01-18,0.49138,0.48227,0.53033
2024-01-19,0.47656,0.47854,0.48263
2024-01-22,0.47547,0.46955,0.49374
2024-01-23,0.4591,0.46248,0.51158
2024-01-24,0.43352,0.45154,0.52129
2024-01-25,0.46728,0.46028,0.50502
2024-01-26,0.47066,0.46949,0.51189
2024-01-29,0.46149,0.46167,0.53332
2024-01-30,0.46805,0.46576,0.55872
2024-01-31,0.44111,0.45688,0.53529
2024-02-01,0.47905,0.49099,0.50882
2024-02-02,0.4526,0.46407,0.55289
2024-02-05,0.45504,0.46651,0.48923
2024-02-06,0.44041,0.44738,0.55062
2024-02-07,0.46384,0.46917,0.5456
2024-02-08,0.45026,0.4534,0.4868
2024-02-09,0.47615,0.47603,0.51085
2024-02-12,0.46864,0.468,0.49427
2024-02-13,0.48272,0.49469,0.55203
2024-02-14,0.47397,0.4789,0.54585
2024-02-15,0.4404,0.44827,0.53298
2024-02-16,0.44473,0.45918,0.50218
2024-02-20,0.4258,0.44555,0.56074
2024-02-21,0.43544,0.45097,0.53232
2024-02-22,0.42803,0.44158,0.58996
2024-02-23,0.46307,0.46398,0.56254
2024-02-26,0.43712,0.44618,0.48661
2024-02-27,0.46516,0.46146,0.51651
2024-02-28,0.43893,0.44805,0.51341
2024-02-29,0.43455,0.44541,0.45425
2024-03-01,0.4411,0.45383,0.4859
2024-03-04,0.44812,0.46061,0.49881
2024-03-05,0.44568,0.45484,0.5077
2024-03-06,0.43172,0.44713,0.53972
2024-03-07,0.43693,0.44396,0.52658
2024-03-08,0.40373,0.41787,0.54304
2024-03-11,0.36925,0.41018,0.52231
2024-03-12,0.46281,0.4754,0.54185
2024-03-13,0.46049,0.46971,0.53617
2024-03-14,0.44404,0.46826,0.55453
2024-03-15,0.40397,0.44656,0.56046
2024-03-18,0.39645,0.42517,0.49898
2024-03-19,0.44184,0.45745,0.49051
2024-03-20,0.44145,0.45307,0.48635
2024-03-21,0.41721,0.43432,0.50237
2024-03-22,0.42713,0.43829,0.50862
2024-03-25,0.43047,0.44628,0.51655
2024-03-26,0.44276,0.45645,0.5225
2024-03-27,0.44063,0.44946,0.52492
2024-03-28,0.40318,0.4273,0.50982
2024-04-01,0.42404,0.44446,0.5108
2024-04-02,0.45276,0.45523,0.51666
2024-04-03,0.41676,0.42723,0.49391
2024-04-04,0.42895,0.4392,0.50794
2024-04-05,0.44785,0.45185,0.51048
2024-04-08,0.44837,0.45379,0.51149
2024-04-09,0.43803,0.43965,0.51348
2024-04-10,0.47148,0.47913,0.53872
2024-04-11,0.44492,0.45087,0.51752
2024-04-12,0.46686,0.47183,0.53446
2024-04-15,0.39934,0.42443,0.50696
2024-04-16,0.40941,0.43026,0.49218
2024-04-17,0.42639,0.44668,0.508
2024-04-18,0.37652,0.41728,0.51192
2024-04-19,0.36698,0.40862,0.54092
2024-04-22,0.38813,0.41595,0.51411
2024-04-23,0.44219,0.45303,0.52677
2024-04-24,0.51097,0.49719,0.53469
2024-04-25,0.45343,0.46708,0.50913
2024-04-26,0.47253,0.47343,0.50402
2024-04-29,0.49318,0.48486,0.49503
2024-04-30,0.49723,0.49555,0.5133
2024-05-01,0.45797,0.46911,0.50667
2024-05-02,0.46607,0.47434,0.49957
2024-05-03,0.44253,0.45288,0.49969
2024-05-06,0.48169,0.47428,0.48617
2024-05-07,0.46314,0.46056,0.49744
2024-05-08,0.47047,0.4557,0.49965
2024-05-09,0.48217,0.46073,0.48877
2024-05-10,0.46585,0.45926,0.49975
2024-05-13,0.44773,0.45084,0.47977
2024-05-14,0.46632,0.45515,0.46937
2024-05-15,0.47368,0.46569,0.46822
2024-05-16,0.47773,0.47288,0.47317
2024-05-17,0.49105,0.4898,0.50504
2024-05-20,0.47395,0.467,0.47163
2024-05-21,0.48052,0.46745,0.47368
2024-05-22,0.48185,0.47601,0.5057
2024-05-23,0.4267,0.4454,0.50525
2024-05-24,0.45242,0.45105,0.48628
2024-05-28,0.41543,0.42907,0.49014
2024-05-29,0.42039,0.43353,0.51694
2024-05-30,0.42572,0.43167,0.48148
2024-05-31,0.43527,0.45125,0.51683
2024-06-03,0.45672,0.4617,0.48951
2024-06-04,0.45476,0.4591,0.48572
2024-06-05,0.44498,0.44383,0.46811
2024-06-06,0.46342,0.45985,0.50932
2024-06-07,0.45373,0.45619,0.49322
2024-06-10,0.47081,0.46719,0.48853
2024-06-11,0.44988,0.45722,0.51214
2024-06-12,0.45443,0.45862,0.45698
2024-06-13,0.46947,0.45915,0.46495
2024-06-14,0.47182,0.46976,0.50598
2024-06-17,0.49495,0.47352,0.47236
2024-06-18,0.47445,0.46617,0.48729
2024-06-20,0.44805,0.44747,0.50468
2024-06-21,0.42923,0.45185,0.52318
2024-06-24,0.43025,0.44779,0.52144
2024-06-25,0.47177,0.47022,0.51374
2024-06-26,0.48986,0.47545,0.50803
2024-06-27,0.47512,0.45976,0.47553
2024-06-28,0.46883,0.47058,0.52118
2024-07-01,0.47179,0.46488,0.49957
2024-07-02,0.51945,0.49057,0.48549
2024-07-03,0.50512,0.4849,0.48196
2024-07-05,0.49052,0.48126,0.5043
2024-07-08,0.5182,0.48848,0.45476
2024-07-09,0.53124,0.50331,0.48767
2024-07-10,0.52959,0.5054,0.49963
2024-07-11,0.53672,0.51205,0.46991
2024-07-12,0.505,0.48298,0.4555
2024-07-15,0.52391,0.50345,0.48021
2024-07-16,0.50459,0.48211,0.45939
2024-07-17,0.46676,0.4644,0.4882
2024-07-18,0.48151,0.47525,0.52725
2024-07-19,0.52606,0.51744,0.5297
2024-07-22,0.46454,0.46449,0.47777
2024-07-23,0.51008,0.49188,0.4716
2024-07-24,0.48693,0.47857,0.52093
2024-07-25,0.41039,0.42759,0.46788
2024-07-26,0.46525,0.45978,0.47288
2024-07-29,0.49278,0.4846,0.49913
2024-07-30,0.43816,0.4497,0.48223
2024-07-31,0.46182,0.46431,0.49197
2024-08-01,0.47826,0.48543,0.5303
2024-08-02,0.47922,0.48249,0.5233
2024-08-05,0.42763,0.44542,0.50736
2024-08-06,0.45782,0.46627,0.51746
2024-08-07,0.47655,0.47694,0.52961
2024-08-08,0.45764,0.45789,0.47954
2024-08-09,0.50473,0.49276,0.52181
2024-08-12,0.4845,0.48783,0.51916
2024-08-13,0.47455,0.47396,0.49416
2024-08-14,0.48745,0.48214,0.52548
2024-08-15,0.46305,0.4714,0.46282
2024-08-16,0.51667,0.50528,0.50607
2024-08-19,0.55267,0.53206,0.50825
2024-08-20,0.55037,0.52702,0.51924
2024-08-21,0.5157,0.50265,0.48509
2024-08-22,0.55422,0.52751,0.52777
2024-08-23,0.51021,0.50082,0.47093
2024-08-26,0.55191,0.53161,0.50947
2024-08-27,0.5413,0.51858,0.49846
2024-08-28,0.5227,0.51164,0.47031
2024-08-29,0.51814,0.51444,0.49049
2024-08-30,0.48483,0.49086,0.53142
2024-09-03,0.52007,0.50923,0.54187
2024-09-04,0.52218,0.51064,0.52639
2024-09-05,0.56193,0.53622,0.51461
2024-09-06,0.53435,0.517,0.53307
2024-09-09,0.47106,0.47023,0.51586
2024-09-10,0.5241,0.50459,0.51803
2024-09-11,0.54927,0.52627,0.53689
2024-09-12,0.54072,0.51534,0.53166
2024-09-13,0.52357,0.50161,0.50109
2024-09-16,0.43712,0.44542,0.51481
2024-09-17,0.45486,0.46059,0.52545
2024-09-18,0.50865,0.50107,0.52459
2024-09-19,0.46953,0.47022,0.50915
2024-09-20,0.53466,0.52769,0.53889
2024-09-23,0.47845,0.47829,0.50572
2024-09-24,0.45867,0.46103,0.49128
2024-09-25,0.48327,0.47562,0.48818
2024-09-26,0.46543,0.45929,0.47273
2024-09-27,0.46072,0.45934,0.47083
2024-09-30,0.44082,0.45039,0.50454
2024-10-01,0.44621,0.45715,0.51452
2024-10-02,0.44973,0.45496,0.49652
2024-10-03,0.46174,0.47359,0.51637
2024-10-04,0.45146,0.46073,0.48327
2024-10-07,0.4685,0.47127,0.50855
2024-10-08,0.46864,0.46135,0.50304
2024-10-09,0.50169,0.48047,0.49658
2024-10-10,0.52165,0.50595,0.48987
2024-10-11,0.50612,0.4808,0.47757
2024-10-14,0.43358,0.44128,0.45233
2024-10-15,0.45934,0.45336,0.46863
2024-10-16,0.43851,0.44207,0.45931
2024-10-17,0.44609,0.45023,0.4783
2024-10-18,0.44779,0.45401,0.46172
2024-10-21,0.446,0.45592,0.50186
2024-10-22,0.45119,0.45633,0.49066
2024-10-23,0.48062,0.4748,0.49568
2024-10-24,0.49406,0.47241,0.49302
2024-10-25,0.52696,0.50432,0.49925
2024-10-28,0.47274,0.46105,0.45866
2024-10-29,0.4519,0.44696,0.48158
2024-10-30,0.43216,0.44078,0.48303
2024-10-31,0.42406,0.42689,0.478
2024-11-01,0.4145,0.43293,0.49395
2024-11-04,0.44456,0.44313,0.46952
2024-11-05,0.42425,0.44431,0.48129
2024-11-06,0.42386,0.42354,0.42406
2024-11-07,0.49372,0.47563,0.43042
2024-11-08,0.52799,0.49597,0.44162
2024-11-11,0.46606,0.45723,0.43006
2024-11-12,0.46468,0.45596,0.45914
2024-11-13,0.48996,0.47432,0.43577
2024-11-14,0.47886,0.46938,0.4871
2024-11-15,0.48808,0.47185,0.49461
2024-11-18,0.4283,0.43319,0.49233
2024-11-19,0.44987,0.44217,0.46393
2024-11-20,0.48452,0.47856,0.46643
2024-11-21,0.46078,0.45171,0.44941
2024-11-22,0.50516,0.4808,0.43679
2024-11-25,0.45873,0.45504,0.45664
2024-11-26,0.42842,0.42936,0.45901
2024-11-27,0.45467,0.45205,0.47541
2024-11-29,0.39301,0.38262,0.41418
2024-12-02,0.43424,0.43154,0.49015
2024-12-03,0.4777,0.45779,0.47242
2024-12-04,0.48206,0.47219,0.47524
2024-12-05,0.44151,0.43367,0.47437
2024-12-06,0.46476,0.44836,0.45749
2024-12-09,0.4755,0.45819,0.46512
2024-12-10,0.46162,0.44905,0.45418
2024-12-11,0.49877,0.47669,0.48387
2024-12-12,0.54624,0.49875,0.4875
2024-12-13,0.51103,0.48454,0.46592
2024-12-16,0.5016,0.47834,0.45835
2024-12-17,0.50148,0.46439,0.49221
2024-12-18,0.5069,0.4907,0.50002
2024-12-19,0.52599,0.50002,0.50801
2024-12-20,0.4586,0.45787,0.50592
2024-12-23,0.46734,0.45345,0.51075
2024-12-24,0.50208,0.47618,0.468
2024-12-26,0.52263,0.50114,0.44383
2024-12-27,0.50591,0.4918,0.50052
2024-12-30,0.42961,0.43062,0.50348
2024-12-31,0.45605,0.45546,0.50956
2025-01-02,0.43632,0.4464,0.50015
2025-01-03,0.42292,0.43346,0.47548
2025-01-06,0.47261,0.47094,0.48731
2025-01-07,0.4895,0.48245,0.50553
2025-01-08,0.46371,0.4674,0.49082
2025-01-10,0.49467,0.49298,0.51701
2025-01-13,0.4205,0.44301,0.49591
2025-01-14,0.46753,0.47431,0.49059
2025-01-15,0.38366,0.42126,0.47568
2025-01-16,0.48076,0.47392,0.52032
2025-01-17,0.41663,0.44819,0.52566
2025-01-21,0.45032,0.45251,0.4497
2025-01-22,0.46844,0.47772,0.49701
2025-01-23,0.51004,0.49642,0.50698
2025-01-24,0.48734,0.48104,0.48392
2025-01-27,0.41167,0.42749,0.4623
2025-01-28,0.43482,0.4478,0.4888
2025-01-29,0.4643,0.47339,0.51141
2025-01-30,0.49413,0.49432,0.49205
2025-01-31,0.49644,0.50546,0.50168
2025-02-03,0.41501,0.44373,0.51247
2025-02-04,0.45713,0.46145,0.50874
2025-02-05,0.49016,0.4853,0.47377
2025-02-06,0.44595,0.46201,0.49919
2025-02-07,0.50596,0.51247,0.49149
2025-02-10,0.42644,0.44283,0.48975
2025-02-11,0.42664,0.43946,0.50302
2025-02-12,0.45189,0.46401,0.49914
2025-02-13,0.4672,0.45893,0.48597
2025-02-14,0.49235,0.4725,0.49048
2025-02-18,0.45833,0.45434,0.4855
2025-02-19,0.4651,0.47837,0.48455
2025-02-20,0.43185,0.45755,0.50638
2025-02-21,0.45972,0.46159,0.51934
2025-02-24,0.41783,0.42911,0.50426
2025-02-25,0.3545,0.38752,0.49352
2025-02-26,0.4484,0.47439,0.50716
2025-02-27,0.46355,0.47705,0.50483
2025-02-28,0.43359,0.45874,0.4787
2025-03-03,0.43338,0.45475,0.50327
2025-03-04,0.37345,0.40551,0.47724
2025-03-05,0.44978,0.46966,0.49211
2025-03-06,0.46708,0.46727,0.47822
2025-03-07,0.44487,0.43202,0.46317
2025-03-10,0.39086,0.40498,0.47174
2025-03-11,0.39137,0.42957,0.48074
2025-03-12,0.47373,0.48519,0.52327
2025-03-13,0.4967,0.48565,0.52255
2025-03-14,0.49478,0.49062,0.4734
2025-03-17,0.46482,0.48244,0.5107
2025-03-18,0.47819,0.49016,0.5244
2025-03-19,0.46681,0.47912,0.49443
2025-03-20,0.48936,0.49886,0.51045
2025-03-21,0.46705,0.50112,0.53851
2025-03-24,0.47343,0.47456,0.48445
2025-03-25,0.47856,0.49024,0.51141
2025-03-26,0.46488,0.47353,0.52803
2025-03-27,0.46187,0.47703,0.51091
2025-03-28,0.46193,0.48048,0.51794
2025-03-31,0.40526,0.44535,0.51026
2025-04-01,0.48159,0.4942,0.50519
2025-04-02,0.52813,0.52247,0.48776
2025-04-03,0.49786,0.51079,0.51222
2025-04-04,0.39524,0.42661,0.47283
2025-04-07,0.37919,0.41912,0.47876
2025-04-08,0.48881,0.49796,0.52197
2025-04-09,0.4437,0.45692,0.46217
2025-04-10,0.49208,0.4866,0.5212
2025-04-11,0.47565,0.47669,0.48506
2025-04-14,0.49326,0.48443,0.51695
2025-04-15,0.47051,0.47259,0.52827
2025-04-16,0.45475,0.48405,0.54721
2025-04-17,0.45701,0.45978,0.52806
2025-04-21,0.42654,0.46215,0.53581
2025-04-22,0.42763,0.45743,0.49688
2025-04-23,0.48879,0.49336,0.53415
2025-04-24,0.51591,0.50524,0.52699
2025-04-25,0.54197,0.53625,0.56028
2025-04-28,0.51417,0.5199,0.51813
2025-04-29,0.50419,0.51007,0.51682
2025-04-30,0.49937,0.52129,0.51096
2025-05-01,0.5205,0.53131,0.53227
2025-05-02,0.51175,0.50866,0.49172
2025-05-05,0.52461,0.5243,0.55082
2025-05-06,0.52142,0.51873,0.54811
2025-05-07,0.49229,0.50529,0.52923
2025-05-08,0.48562,0.49334,0.51896
2025-05-09,0.48803,0.48723,0.52416
2025-05-12,0.42981,0.43681,0.49756
2025-05-13,0.45351,0.45631,0.4822
2025-05-14,0.51978,0.49996,0.53806
2025-05-15,0.53508,0.49922,0.50932
2025-05-16,0.52054,0.52076,0.50606
2025-05-19,0.5198,0.50886,0.51546
2025-05-20,0.53384,0.5235,0.52343
2025-05-21,0.52197,0.52679,0.54762
2025-05-22,0.5073,0.50817,0.51614
2025-05-23,0.51969,0.52911,0.53251
2025-05-27,0.47577,0.47456,0.48754
2025-05-28,0.50702,0.50783,0.51696
2025-05-29,0.51823,0.52187,0.51391
2025-05-30,0.52949,0.53572,0.53933
2025-06-02,0.5107,0.52092,0.50592
2025-06-03,0.49401,0.48709,0.50974
2025-06-04,0.53293,0.51889,0.49648
2025-06-05,0.46553,0.48336,0.50689
2025-06-06,0.48088,0.48271,0.47817
2025-06-09,0.48278,0.49584,0.5054
2025-06-10,0.45786,0.47697,0.4907
2025-06-11,0.51839,0.52172,0.50485
2025-06-12,0.51093,0.51328,0.50293
2025-06-13,0.51084,0.53191,0.525
2025-06-16,0.47934,0.48785,0.50653
2025-06-17,0.50743,0.51194,0.5235
2025-06-18,0.47025,0.49421,0.49224
2025-06-20,0.48926,0.49869,0.51768
2025-06-23,0.47024,0.47436,0.50227
2025-06-24,0.44374,0.45735,0.46758
2025-06-25,0.4198,0.44615,0.50081
2025-06-26,0.44485,0.44748,0.45722
2025-06-27,0.50299,0.49243,0.48069
2025-06-30,0.44748,0.45913,0.48603
2025-07-01,0.43259,0.44829,0.48024
2025-07-02,0.44629,0.47123,0.46095
2025-07-03,0.435,0.44821,0.46726
2025-07-07,0.49151,0.49337,0.50313
2025-07-08,0.44484,0.46339,0.48319
2025-07-09,0.4694,0.47379,0.4851
2025-07-10,0.46997,0.47649,0.46311
2025-07-11,0.49507,0.50143,0.49353
2025-07-14,0.48213,0.48621,0.47665
2025-07-15,0.48927,0.50538,0.5157
2025-07-16,0.47567,0.49075,0.49131
2025-07-17,0.49883,0.5046,0.4845
2025-07-18,0.48817,0.48855,0.48554
2025-07-21,0.54321,0.52836,0.47543
2025-07-22,0.49422,0.49121,0.48208
2025-07-23,0.49258,0.49108,0.4906
2025-07-24,0.49283,0.48857,0.49635
2025-07-25,0.48041,0.47687,0.50562
2025-07-28,0.4417,0.46411,0.50777
2025-07-29,0.44271,0.46724,0.48109
2025-07-30,0.48303,0.49582,0.52188
2025-07-31,0.46209,0.48615,0.5235
2025-08-01,0.45897,0.47718,0.52587
2025-08-04,0.4865,0.49301,0.50258
2025-08-05,0.52717,0.5102,0.50956
2025-08-06,0.50695,0.49782,0.49706
2025-08-07,0.50543,0.49057,0.49385
2025-08-08,0.48367,0.47987,0.46289
2025-08-11,0.51692,0.49801,0.47621
2025-08-12,0.51366,0.48856,0.48588
2025-08-13,0.52142,0.49799,0.46834
2025-08-14,0.51758,0.50725,0.49633
2025-08-15,0.48766,0.49406,0.49652
2025-08-18,0.48098,0.47851,0.48733
2025-08-19,0.46675,0.46857,0.48952
2025-08-20,0.40277,0.43281,0.48632
2025-08-21,0.45937,0.4818,0.50686
2025-08-22,0.45024,0.46127,0.46632
2025-08-25,0.45299,0.47124,0.50887
2025-08-26,0.4636,0.48387,0.50461
2025-08-27,0.46929,0.47729,0.4984
2025-08-28,0.47662,0.48663,0.49871
2025-08-29,0.45364,0.46697,0.5056
2025-09-02,0.41811,0.44822,0.50188
2025-09-03,0.49887,0.50295,0.51678
2025-09-04,0.49393,0.49799,0.49089
2025-09-05,0.49029,0.50043,0.50483
2025-09-08,0.46742,0.48718,0.50655
2025-09-09,0.49178,0.50291,0.49832
2025-09-10,0.46857,0.46952,0.49521
2025-09-11,0.48176,0.47796,0.47871
2025-09-12,0.51859,0.51061,0.49644
2025-09-15,0.47022,0.47695,0.49056
2025-09-16,0.457,0.45404,0.48974
2025-09-17,0.44865,0.45603,0.48524
2025-09-18,0.4777,0.48769,0.48495
2025-09-19,0.45349,0.46217,0.51284
2025-09-22,0.45643,0.46539,0.46999
2025-09-23,0.44429,0.45243,0.4802
2025-09-24,0.42477,0.43932,0.48133
2025-09-25,0.43468,0.45267,0.46533
2025-09-26,0.43274,0.44705,0.48444
2025-09-29,0.38258,0.41336,0.50126
2025-09-30,0.36375,0.40612,0.49232
2025-10-01,0.40007,0.43277,0.48771
2025-10-02,0.45413,0.45385,0.46912
2025-10-03,0.41087,0.42884,0.47057
2025-10-06,0.39573,0.42364,0.48182
2025-10-07,0.40818,0.42411,0.49285
2025-10-08,0.45385,0.45789,0.49757
2025-10-09,0.47931,0.47867,0.48423
2025-10-10,0.45028,0.46718,0.48037
2025-10-13,0.41612,0.44615,0.46509
2025-10-14,0.44236,0.45983,0.47458
2025-10-15,0.44052,0.45726,0.47162
2025-10-16,0.4466,0.46926,0.48869
2025-10-17,0.44312,0.45737,0.45325
2025-10-20,0.44678,0.45147,0.45823
2025-10-21,0.431,0.44392,0.479
2025-10-22,0.42699,0.44207,0.44431
2025-10-23,0.46328,0.47435,0.47032
2025-10-24,0.44422,0.45941,0.46948
2025-10-27,0.44903,0.45469,0.45883
2025-10-28,0.46115,0.46473,0.47139
2025-10-29,0.47825,0.483,0.50086
2025-10-30,0.42383,0.43522,0.4968
2025-10-31,0.40253,0.42598,0.48968
2025-11-03,0.4134,0.42847,0.47948
2025-11-04,0.40139,0.43439,0.46871
2025-11-05,0.39694,0.43126,0.47463
2025-11-06,0.43383,0.44467,0.47677
2025-11-07,0.38805,0.416,0.45572
2025-11-10,0.44185,0.46055,0.47798
2025-11-11,0.45738,0.45778,0.46533
2025-11-12,0.42194,0.4414,0.45999
2025-11-13,0.43138,0.44636,0.44109
2025-11-14,0.43886,0.45674,0.4603
2025-11-17,0.41532,0.4421,0.48124
2025-11-18,0.36433,0.4058,0.4756
2025-11-19,0.39934,0.42778,0.49003
2025-11-20,0.44608,0.46177,0.47628
2025-11-21,0.41627,0.43541,0.42905
2025-11-24,0.44092,0.46233,0.4635
2025-11-25,0.47304,0.47473,0.46183
2025-11-26,0.47725,0.49033,0.49471
2025-11-28,0.4376,0.44939,0.49319
2025-12-01,0.48517,0.49021,0.4951
2025-12-02,0.49005,0.48593,0.48316
2025-12-03,0.522,0.50163,0.47751
2025-12-04,0.44099,0.4487,0.48325
2025-12-05,0.4408,0.45867,0.47976
2025-12-08,0.43674,0.46448,0.4793
2025-12-09,0.43289,0.46696,0.49182
2025-12-10,0.43514,0.4527,0.48829
2025-12-11,0.46063,0.46784,0.47427
2025-12-12,0.45998,0.46674,0.47752
2025-12-15,0.4278,0.44218,0.47358
2025-12-16,0.42965,0.45043,0.4839
2025-12-17,0.46158,0.4634,0.47976
2025-12-18,0.42068,0.44889,0.4891
2025-12-19,0.44785,0.47231,0.50536
2025-12-22,0.42708,0.44548,0.4729
2025-12-23,0.4173,0.44492,0.50233
2025-12-24,0.43564,0.4601,0.53097
2025-12-26,0.44715,0.47034,0.5082
2025-12-29,0.39403,0.4263,0.49506
2025-12-30,0.3941,0.4232,0.51219
2025-12-31,0.40502,0.44016,0.52556
2026-01-02,0.44262,0.46664,0.51631
2026-01-05,0.46792,0.49072,0.50903
2026-01-06,0.44068,0.4658,0.50838
2026-01-07,0.45452,0.48269,0.52151
2026-01-08,0.44523,0.45813,0.49928
2026-01-09,0.45607,0.46853,0.50397
2026-01-12,0.46226,0.47766,0.5154
2026-01-13,0.43363,0.46142,0.51191
2026-01-14,0.42817,0.44706,0.49778
2026-01-15,0.4193,0.44374,0.50384
2026-01-16,0.41491,0.43884,0.49586
2026-01-20,0.38885,0.4179,0.51361
2026-01-21,0.37684,0.41384,0.50456
2026-01-22,0.42949,0.45358,0.48924
2026-01-23,0.41682,0.4484,0.50777
2026-01-26,0.44455,0.45897,0.50518
2026-01-27,0.43491,0.45604,0.48549
2026-01-28,0.42878,0.45621,0.51906
2026-01-29,0.41239,0.43247,0.50091
2026-01-30,0.42647,0.44586,0.52233
2026-02-02,0.41435,0.43783,0.50621
2026-02-03,0.4104,0.44007,0.50162
2026-02-04,0.37193,0.4065,0.49291
2026-02-05,0.38193,0.40644,0.49498
2026-02-06,0.43723,0.44659,0.4836
2026-02-09,0.44912,0.45676,0.5056
2026-02-10,0.45524,0.45854,0.51302
2026-02-11,0.43829,0.44685,0.52265
2026-02-12,0.42698,0.44767,0.52272
2026-02-13,0.39861,0.44157,0.50577
2026-02-17,0.41595,0.44292,0.52691
2026-02-18,0.45291,0.46701,0.52346
2026-02-19,0.46388,0.47756,0.53151
2026-02-20,0.44937,0.47271,0.52156
2026-02-23,0.42746,0.45173,0.51269
2026-02-24,0.41758,0.44314,0.50601
2026-02-25,0.43139,0.45462,0.51069
2026-02-26,0.44182,0.44988,0.49566
2026-02-27,0.39346,0.43735,0.50083
2026-03-02,0.43887,0.46878,0.51608
2026-03-03,0.40489,0.44237,0.51597
2026-03-04,0.42545,0.45581,0.5148
2026-03-05,0.4447,0.46784,0.54096
2026-03-06,0.44588,0.46992,0.52912
2026-03-09,0.41094,0.44758,0.53432
2026-03-10,0.45301,0.47965,0.55678
2026-03-11,0.40344,0.45197,0.54664
2026-03-12,0.45277,0.47422,0.53976
2026-03-13,0.42091,0.44253,0.53346
2026-03-16,0.40234,0.43676,0.51924
2026-03-17,0.42869,0.45388,0.52402
2026-03-18,0.41785,0.45305,0.54746
2026-03-19,0.41417,0.44827,0.54536
2026-03-20,0.4298,0.45941,0.54866
2026-03-23,0.40563,0.42512,0.49719
2026-03-24,0.41612,0.43964,0.52643
2026-03-25,0.42806,0.44572,0.51996
2026-03-26,0.38795,0.42841,0.53215
2026-03-27,0.37246,0.41452,0.53036
2026-03-30,0.35225,0.39257,0.49268
2026-03-31,0.44282,0.44492,0.49889
2026-04-01,0.49807,0.48721,0.51583
2026-04-02,0.5019,0.50243,0.51391
2026-04-06,0.44422,0.46176,0.50289
2026-04-07,0.45271,0.46871,0.51123
2026-04-08,0.44892,0.45471,0.51101
2026-04-09,0.48486,0.48444,0.5131
2026-04-10,0.46074,0.47553,0.52982
2026-04-13,0.45947,0.45869,0.52543
2026-04-14,0.49932,0.49005,0.53366
2026-04-15,0.51918,0.50928,0.53077
2026-04-16,0.5052,0.49743,0.52992
2026-04-17,0.51149,0.50809,0.49737
2026-04-20,0.4738,0.47359,0.5173
2026-04-21,0.47003,0.47529,0.53598
2026-04-22,0.47025,0.48371,0.51698
2026-04-23,0.49005,0.50096,0.52805
2026-04-24,0.47696,0.48335,0.51024
2026-04-27,0.46647,0.46941,0.52038
2026-04-28,0.43147,0.44724,0.51423
2026-04-29,0.43765,0.45636,0.52799
2026-04-30,0.43357,0.44618,0.50776
2026-05-01,0.43681,0.45794,0.52386
2026-05-04,0.41753,0.44702,0.51851
2026-05-05,0.40523,0.43661,0.50539
2026-05-06,0.43198,0.45095,0.49749
2026-05-07,0.44813,0.46601,0.50321
2026-05-08,0.40447,0.42938,0.48904
2026-05-11,0.44555,0.45555,0.48364
2026-05-12,0.43013,0.44039,0.49507
2026-05-13,0.43401,0.45325,0.50593
2026-05-14,0.44239,0.45626,0.5016
2026-05-15,0.43356,0.45846,0.52851
2026-05-18,0.37749,0.40608,0.50527
2026-05-19,0.39868,0.42311,0.50063
2026-05-20,0.41034,0.43393,0.52202
2026-05-21,0.43549,0.45457,0.52506
2026-05-22,0.43367,0.4466,0.49704
2026-05-26,0.37355,0.40606,0.48988
2026-05-27,0.40595,0.4241,0.50008
2026-05-28,0.39042,0.42481,0.50258
2026-05-29,0.43306,0.4502,0.50939
2026-06-01,0.3799,0.41635,0.50209
2026-06-02,0.43165,0.44431,0.50448
2026-06-03,0.42625,0.43963,0.5209
2026-06-04,0.41283,0.43698,0.50904
2026-06-05,0.41321,0.43175,0.50156
2026-06-08,0.38387,0.4263,0.49618
2026-06-09,0.42405,0.43833,0.4892
2026-06-10,0.44938,0.46682,0.51171
2026-06-11,0.3996,0.43163,0.5166
2026-06-12,0.44679,0.46296,0.5146
2026-06-15,0.41921,0.45123,0.50696
2026-06-16,0.43217,0.45361,0.52617
2026-06-17,0.414,0.45056,0.54152
2026-06-18,0.40599,0.44779,0.52893
2026-06-22,0.41865,0.42932,0.46989
2026-06-23,0.39327,0.41094,0.50892
2026-06-24,0.38353,0.40824,0.50486
2026-06-25,0.39114,0.41173,0.48637
2026-06-26,0.4223,0.43789,0.49634
2026-06-29,0.42915,0.43703,0.51763
2026-06-30,0.47788,0.46385,0.52162
2026-07-01,0.45038,0.44453,0.52793
2026-07-02,0.38839,0.40891,0.51928
2026-07-06,0.41192,0.4318,0.5377
2026-07-07,0.40958,0.4253,0.5196
2026-07-08,0.41717,0.44236,0.55943
2026-07-09,0.4352,0.44629,0.54059
2026-07-10,0.44307,0.45358,0.57109
2026-07-13,0.42153,0.43799,0.56193
2026-07-14,0.39638,0.43317,0.55944
2026-07-15,0.41041,0.42679,0.54659
2026-07-16,0.40347,0.42482,0.54519
2026-07-17,0.43871,0.45354,0.54122
2026-07-20,0.40295,0.43692,0.55706
2026-07-21,0.44072,0.45165,0.54092
2026-07-22,0.48883,0.49028,0.55497
2026-07-23,0.46271,0.47044,0.56715
2026-07-24,0.41211,0.43302,0.55187
2026-07-27,0.37021,0.40281,0.54197
2026-07-28,0.37796,0.39733,0.5209
2026-07-29,0.39624,0.42534,0.53608
2026-07-30,0.43044,0.45279,0.54317
2026-07-31,0.4472,0.45656,0.5595
2026-08-03,0.46229,0.46821,0.50581
2026-08-04,0.45631,0.45183,0.51074
2026-08-05,0.48146,0.46423,0.5246
2026-08-06,0.45735,0.45489,0.53288
2026-08-07,0.45263,0.45533,0.51919
2026-08-10,0.49674,0.48692,0.53835
2026-08-11,0.42077,0.43485,0.52498
2026-08-12,0.45633,0.44381,0.53489
2026-08-13,0.46999,0.47064,0.52961
2026-08-14,0.47454,0.46834,0.52578
2026-08-17,0.48417,0.47453,0.54592
2026-08-18,0.44206,0.44119,0.52514
2026-08-19,0.42682,0.44083,0.50924
2026-08-20,0.45333,0.46221,0.52989
2026-08-21,0.45258,0.46323,0.52135
2026-08-24,0.42811,0.44598,0.533
2026-08-25,0.44755,0.46886,0.52456
2026-08-26,0.4452,0.4569,0.54427
2026-08-27,0.43727,0.4514,0.5456
2026-08-28,0.44468,0.459,0.55287
2026-08-31,0.45359,0.46811,0.55485
2026-09-01,0.45412,0.46896,0.55377
2026-09-02,0.44887,0.46553,0.53649
2026-09-03,0.43737,0.45405,0.54685
2026-09-04,0.46346,0.47575,0.55899
2026-09-08,0.47455,0.48508,0.55448
2026-09-09,0.46896,0.47935,0.56913
2026-09-10,0.49201,0.4892,0.56814
2026-09-11,0.46298,0.4772,0.56095
2026-09-14,0.47967,0.49043,0.5554
2026-09-15,0.43961,0.46388,0.56243
2026-09-16,0.48253,0.4957,0.55397
2026-09-17,0.49733,0.49611,0.55503
2026-09-18,0.52818,0.52412,0.579
2026-09-21,0.46683,0.46712,0.52998
2026-09-22,0.47642,0.47702,0.54343
2026-09-23,0.46964,0.47206,0.56831
2026-09-24,0.47443,0.47408,0.54951
2026-09-25,0.48696,0.48201,0.56033
